==================================================================
 KuasaPrestij — Seed Evidence Run
 UTC start : 20260721T054608Z
 count=5  delay=2  extra=<none>
 runlog    : evidence/runlog_20260721T054608Z.txt
==================================================================
--- Provider preflight ---
FREE-CHAIN mode (SEED_FREE_ONLY=1): paid Gemini/DeepSeek skipped.
Chain order: Cerebras -> GroqCloud -> OpenRouter
  Cerebras         LIVE
  GroqCloud        LIVE
  OpenRouter       LIVE
--- DB snapshot (before) -> evidence/db_before_20260721T054608Z.json ---
{
  "total_bank_items": 353,
  "english_bank_items": 212,
  "by_language": {
    "English": 212,
    "Bahasa Melayu": 130,
    "en": 1,
    "Bahasa Cina": 8,
    "ms": 2
  },
  "by_subject": {
    "Bahasa Melayu": 44,
    "Additional Mathematics": 2,
    "KSSM": 4,
    "Bahasa Inggeris": 64,
    "Biology": 58,
    "Sejarah": 8,
    "Geografi": 5,
    "Bahasa Cina": 8,
    "Chemistry": 29,
    "Pendidikan Seni Visual": 5,
    "Mathematics": 33,
    "Pendidikan Muzik": 10,
    "Prinsip Perakaunan": 2,
    "Physics": 60,
    "Science": 7,
    "Pendidikan Moral": 7,
    "Kimia": 2,
    "General Elective": 5,
    "Kesusasteraan Cina": 0
  },
  "topic_anchor_rows": 409
}
--- Generation run start ---
2026-07-21T05:46:10.574735Z Checking Supabase schema...
2026-07-21T05:46:10.817081Z   ✓ question_bank column exists.
2026-07-21T05:46:10.817126Z 
2026-07-21T05:46:10.817135Z Fetching existing question bank counts...
2026-07-21T05:46:11.619488Z Plan: 347 topic/lang pairs need questions (1491 Gemini calls), 11 already have 5+ questions.
2026-07-21T05:46:11.619544Z Estimated time: ~174 min at 2.0s delay.
2026-07-21T05:46:11.619552Z 
2026-07-21T05:46:11.619664Z [1/347] Physics — Heat (Bahasa Melayu): generating 4 question(s)...
2026-07-21T05:46:11.619685Z --- RETRIEVING SYLLABUS & STUDENT HISTORY in parallel: Heat ---
2026-07-21T05:46:16.303977Z -> Loading sentence-transformers model (first call only)…
2026-07-21T05:46:16.559668Z Warning: You are sending unauthenticated requests to the HF Hub. Please set a HF_TOKEN to enable higher rate limits and faster downloads.
2026-07-21T05:46:17.448450Z Loading weights:   0%|          | 0/199 [00:00<?, ?it/s]Loading weights: 100%|██████████| 199/199 [00:00<00:00, 3828.90it/s]
2026-07-21T05:46:21.353713Z -> Retrieved 0 textbook chunk(s), 8 DSKP chunk(s)
2026-07-21T05:46:21.354396Z --- GENERATING ADAPTIVE MCQ IN BAHASA MELAYU ---
2026-07-21T05:46:23.884712Z   ✓ Q1/4 saved (bank now 2)
2026-07-21T05:46:25.885032Z --- RETRIEVING SYLLABUS & STUDENT HISTORY in parallel: Heat ---
2026-07-21T05:46:26.066627Z --- GENERATING ADAPTIVE MCQ IN BAHASA MELAYU ---
2026-07-21T05:46:27.368618Z   ✓ Q2/4 saved (bank now 3)
2026-07-21T05:46:29.368896Z --- RETRIEVING SYLLABUS & STUDENT HISTORY in parallel: Heat ---
2026-07-21T05:46:29.559384Z --- GENERATING ADAPTIVE MCQ IN BAHASA MELAYU ---
2026-07-21T05:46:31.818825Z   ✓ Q3/4 saved (bank now 4)
2026-07-21T05:46:33.819019Z --- RETRIEVING SYLLABUS & STUDENT HISTORY in parallel: Heat ---
2026-07-21T05:46:34.015740Z --- GENERATING ADAPTIVE MCQ IN BAHASA MELAYU ---
2026-07-21T05:46:36.460433Z   ✓ Q4/4 saved (bank now 5)
2026-07-21T05:46:38.460712Z [2/347] Physics — Waves (English): generating 3 question(s)...
2026-07-21T05:46:38.460832Z --- RETRIEVING SYLLABUS & STUDENT HISTORY in parallel: Waves ---
2026-07-21T05:46:38.963836Z -> Retrieved 0 textbook chunk(s), 8 DSKP chunk(s)
2026-07-21T05:46:38.964146Z --- GENERATING ADAPTIVE MCQ IN ENGLISH ---
2026-07-21T05:46:40.610543Z   ✓ Q1/3 saved (bank now 3)
2026-07-21T05:46:42.610799Z --- RETRIEVING SYLLABUS & STUDENT HISTORY in parallel: Waves ---
2026-07-21T05:46:42.817537Z --- GENERATING ADAPTIVE MCQ IN ENGLISH ---
2026-07-21T05:46:44.488261Z   ✓ Q2/3 saved (bank now 4)
2026-07-21T05:46:46.488534Z --- RETRIEVING SYLLABUS & STUDENT HISTORY in parallel: Waves ---
2026-07-21T05:46:46.676235Z --- GENERATING ADAPTIVE MCQ IN ENGLISH ---
2026-07-21T05:46:48.255252Z   ✓ Q3/3 saved (bank now 5)
2026-07-21T05:46:50.255489Z [3/347] Physics — Waves (Bahasa Melayu): generating 4 question(s)...
2026-07-21T05:46:50.255572Z --- RETRIEVING SYLLABUS & STUDENT HISTORY in parallel: Waves ---
2026-07-21T05:46:50.437619Z --- GENERATING ADAPTIVE MCQ IN BAHASA MELAYU ---
2026-07-21T05:47:47.975085Z   ✓ Q1/4 saved (bank now 2)
2026-07-21T05:47:49.975337Z --- RETRIEVING SYLLABUS & STUDENT HISTORY in parallel: Waves ---
2026-07-21T05:47:50.160893Z --- GENERATING ADAPTIVE MCQ IN BAHASA MELAYU ---
2026-07-21T05:47:52.077342Z   ✓ Q2/4 saved (bank now 3)
2026-07-21T05:47:54.077579Z --- RETRIEVING SYLLABUS & STUDENT HISTORY in parallel: Waves ---
2026-07-21T05:47:54.260498Z --- GENERATING ADAPTIVE MCQ IN BAHASA MELAYU ---
2026-07-21T05:47:55.416448Z   ✓ Q3/4 saved (bank now 4)
2026-07-21T05:47:57.416696Z --- RETRIEVING SYLLABUS & STUDENT HISTORY in parallel: Waves ---
2026-07-21T05:47:57.596988Z --- GENERATING ADAPTIVE MCQ IN BAHASA MELAYU ---
2026-07-21T05:47:58.833138Z   ✓ Q4/4 saved (bank now 5)
2026-07-21T05:48:00.833392Z [4/347] Physics — Light and Optics (English): generating 2 question(s)...
2026-07-21T05:48:00.833483Z --- RETRIEVING SYLLABUS & STUDENT HISTORY in parallel: Light and Optics ---
2026-07-21T05:48:01.349160Z -> Retrieved 0 textbook chunk(s), 8 DSKP chunk(s)
2026-07-21T05:48:01.349844Z --- GENERATING ADAPTIVE MCQ IN ENGLISH ---
2026-07-21T05:48:02.710378Z   ✓ Q1/2 saved (bank now 4)
2026-07-21T05:48:04.710593Z --- RETRIEVING SYLLABUS & STUDENT HISTORY in parallel: Light and Optics ---
2026-07-21T05:48:04.891439Z --- GENERATING ADAPTIVE MCQ IN ENGLISH ---
2026-07-21T05:48:06.009986Z   ✓ Q2/2 saved (bank now 5)
2026-07-21T05:48:08.010207Z [5/347] Physics — Light and Optics (Bahasa Melayu): generating 4 question(s)...
2026-07-21T05:48:08.010291Z --- RETRIEVING SYLLABUS & STUDENT HISTORY in parallel: Light and Optics ---
2026-07-21T05:48:08.203370Z --- GENERATING ADAPTIVE MCQ IN BAHASA MELAYU ---
2026-07-21T05:49:02.554421Z   ✓ Q1/4 saved (bank now 2)
2026-07-21T05:49:04.554596Z --- RETRIEVING SYLLABUS & STUDENT HISTORY in parallel: Light and Optics ---
2026-07-21T05:49:04.752098Z --- GENERATING ADAPTIVE MCQ IN BAHASA MELAYU ---
2026-07-21T05:49:06.569355Z   ✓ Q2/4 saved (bank now 3)
2026-07-21T05:49:08.569511Z --- RETRIEVING SYLLABUS & STUDENT HISTORY in parallel: Light and Optics ---
2026-07-21T05:49:08.767512Z --- GENERATING ADAPTIVE MCQ IN BAHASA MELAYU ---
2026-07-21T05:49:09.969206Z   ✓ Q3/4 saved (bank now 4)
2026-07-21T05:49:11.969363Z --- RETRIEVING SYLLABUS & STUDENT HISTORY in parallel: Light and Optics ---
2026-07-21T05:49:12.157481Z --- GENERATING ADAPTIVE MCQ IN BAHASA MELAYU ---
2026-07-21T05:49:13.488018Z   ✓ Q4/4 saved (bank now 5)
2026-07-21T05:49:15.488265Z [6/347] Physics — Force and Motion II (English): generating 4 question(s)...
2026-07-21T05:49:15.488376Z --- RETRIEVING SYLLABUS & STUDENT HISTORY in parallel: Force and Motion II ---
2026-07-21T05:49:15.892935Z -> Retrieved 0 textbook chunk(s), 8 DSKP chunk(s)
2026-07-21T05:49:15.893673Z --- GENERATING ADAPTIVE MCQ IN ENGLISH ---
2026-07-21T05:49:16.990857Z   ✓ Q1/4 saved (bank now 2)
2026-07-21T05:49:18.991173Z --- RETRIEVING SYLLABUS & STUDENT HISTORY in parallel: Force and Motion II ---
2026-07-21T05:49:19.173175Z --- GENERATING ADAPTIVE MCQ IN ENGLISH ---
2026-07-21T05:49:20.513168Z   ✓ Q2/4 saved (bank now 3)
2026-07-21T05:49:22.513413Z --- RETRIEVING SYLLABUS & STUDENT HISTORY in parallel: Force and Motion II ---
2026-07-21T05:49:22.707208Z --- GENERATING ADAPTIVE MCQ IN ENGLISH ---
2026-07-21T05:50:18.039187Z   ✓ Q3/4 saved (bank now 4)
2026-07-21T05:50:20.039492Z --- RETRIEVING SYLLABUS & STUDENT HISTORY in parallel: Force and Motion II ---
2026-07-21T05:50:20.220796Z --- GENERATING ADAPTIVE MCQ IN ENGLISH ---
2026-07-21T05:50:21.404360Z   ✓ Q4/4 saved (bank now 5)
2026-07-21T05:50:23.404546Z [7/347] Physics — Force and Motion II (Bahasa Melayu): generating 4 question(s)...
2026-07-21T05:50:23.404635Z --- RETRIEVING SYLLABUS & STUDENT HISTORY in parallel: Force and Motion II ---
2026-07-21T05:50:23.583892Z --- GENERATING ADAPTIVE MCQ IN BAHASA MELAYU ---
2026-07-21T05:50:25.898910Z   ✓ Q1/4 saved (bank now 2)
2026-07-21T05:50:27.899207Z --- RETRIEVING SYLLABUS & STUDENT HISTORY in parallel: Force and Motion II ---
2026-07-21T05:50:28.074866Z --- GENERATING ADAPTIVE MCQ IN BAHASA MELAYU ---
2026-07-21T05:50:29.792909Z   ✓ Q2/4 saved (bank now 3)
2026-07-21T05:50:31.793113Z --- RETRIEVING SYLLABUS & STUDENT HISTORY in parallel: Force and Motion II ---
2026-07-21T05:50:32.077461Z --- GENERATING ADAPTIVE MCQ IN BAHASA MELAYU ---
2026-07-21T05:50:33.443904Z   ✓ Q3/4 saved (bank now 4)
2026-07-21T05:50:35.444133Z --- RETRIEVING SYLLABUS & STUDENT HISTORY in parallel: Force and Motion II ---
2026-07-21T05:50:35.977790Z --- GENERATING ADAPTIVE MCQ IN BAHASA MELAYU ---
2026-07-21T05:50:38.222372Z   ✓ Q4/4 saved (bank now 5)
2026-07-21T05:50:40.222513Z [8/347] Physics — Pressure (English): generating 4 question(s)...
2026-07-21T05:50:40.222575Z --- RETRIEVING SYLLABUS & STUDENT HISTORY in parallel: Pressure ---
2026-07-21T05:50:40.770823Z -> Retrieved 0 textbook chunk(s), 8 DSKP chunk(s)
2026-07-21T05:50:40.771383Z --- GENERATING ADAPTIVE MCQ IN ENGLISH ---
2026-07-21T05:50:41.910833Z   ✓ Q1/4 saved (bank now 2)
2026-07-21T05:50:43.911020Z --- RETRIEVING SYLLABUS & STUDENT HISTORY in parallel: Pressure ---
2026-07-21T05:50:44.132820Z --- GENERATING ADAPTIVE MCQ IN ENGLISH ---
2026-07-21T05:51:41.788221Z   ✓ Q2/4 saved (bank now 3)
2026-07-21T05:51:43.788433Z --- RETRIEVING SYLLABUS & STUDENT HISTORY in parallel: Pressure ---
2026-07-21T05:51:43.979210Z --- GENERATING ADAPTIVE MCQ IN ENGLISH ---
2026-07-21T05:51:45.020178Z   ✓ Q3/4 saved (bank now 4)
2026-07-21T05:51:47.020369Z --- RETRIEVING SYLLABUS & STUDENT HISTORY in parallel: Pressure ---
2026-07-21T05:51:47.207675Z --- GENERATING ADAPTIVE MCQ IN ENGLISH ---
2026-07-21T05:51:48.232348Z   ✓ Q4/4 saved (bank now 5)
2026-07-21T05:51:50.232566Z [9/347] Physics — Pressure (Bahasa Melayu): generating 4 question(s)...
2026-07-21T05:51:50.232674Z --- RETRIEVING SYLLABUS & STUDENT HISTORY in parallel: Pressure ---
2026-07-21T05:51:50.732830Z --- GENERATING ADAPTIVE MCQ IN BAHASA MELAYU ---
2026-07-21T05:51:52.269019Z   ✓ Q1/4 saved (bank now 2)
2026-07-21T05:51:54.269187Z --- RETRIEVING SYLLABUS & STUDENT HISTORY in parallel: Pressure ---
2026-07-21T05:51:54.454970Z --- GENERATING ADAPTIVE MCQ IN BAHASA MELAYU ---
2026-07-21T05:51:56.371352Z   ✓ Q2/4 saved (bank now 3)
2026-07-21T05:51:58.371556Z --- RETRIEVING SYLLABUS & STUDENT HISTORY in parallel: Pressure ---
2026-07-21T05:51:58.557227Z --- GENERATING ADAPTIVE MCQ IN BAHASA MELAYU ---
2026-07-21T05:51:59.787432Z   ✓ Q3/4 saved (bank now 4)
2026-07-21T05:52:01.787652Z --- RETRIEVING SYLLABUS & STUDENT HISTORY in parallel: Pressure ---
2026-07-21T05:52:01.964899Z --- GENERATING ADAPTIVE MCQ IN BAHASA MELAYU ---
2026-07-21T05:52:55.494756Z   ✓ Q4/4 saved (bank now 5)
2026-07-21T05:52:57.495001Z [10/347] Physics — Electricity (English): generating 4 question(s)...
2026-07-21T05:52:57.495092Z --- RETRIEVING SYLLABUS & STUDENT HISTORY in parallel: Electricity ---
2026-07-21T05:52:58.030408Z -> Retrieved 0 textbook chunk(s), 8 DSKP chunk(s)
2026-07-21T05:52:58.031001Z --- GENERATING ADAPTIVE MCQ IN ENGLISH ---
2026-07-21T05:52:59.606454Z   ✓ Q1/4 saved (bank now 2)
2026-07-21T05:53:01.606723Z --- RETRIEVING SYLLABUS & STUDENT HISTORY in parallel: Electricity ---
2026-07-21T05:53:01.794918Z --- GENERATING ADAPTIVE MCQ IN ENGLISH ---
2026-07-21T05:53:03.041385Z   ✓ Q2/4 saved (bank now 3)
2026-07-21T05:53:05.041584Z --- RETRIEVING SYLLABUS & STUDENT HISTORY in parallel: Electricity ---
2026-07-21T05:53:05.245142Z --- GENERATING ADAPTIVE MCQ IN ENGLISH ---
2026-07-21T05:53:06.425466Z   ✓ Q3/4 saved (bank now 4)
2026-07-21T05:53:08.425662Z --- RETRIEVING SYLLABUS & STUDENT HISTORY in parallel: Electricity ---
2026-07-21T05:53:08.629341Z --- GENERATING ADAPTIVE MCQ IN ENGLISH ---
2026-07-21T05:53:09.815261Z   ✓ Q4/4 saved (bank now 5)
2026-07-21T05:53:11.815509Z [11/347] Physics — Electricity (Bahasa Melayu): generating 4 question(s)...
2026-07-21T05:53:11.815592Z --- RETRIEVING SYLLABUS & STUDENT HISTORY in parallel: Electricity ---
2026-07-21T05:53:12.023387Z --- GENERATING ADAPTIVE MCQ IN BAHASA MELAYU ---
2026-07-21T05:53:13.365396Z   ✓ Q1/4 saved (bank now 2)
2026-07-21T05:53:15.365633Z --- RETRIEVING SYLLABUS & STUDENT HISTORY in parallel: Electricity ---
2026-07-21T05:53:15.549236Z --- GENERATING ADAPTIVE MCQ IN BAHASA MELAYU ---
2026-07-21T05:54:09.851674Z   ✓ Q2/4 saved (bank now 3)
2026-07-21T05:54:11.851906Z --- RETRIEVING SYLLABUS & STUDENT HISTORY in parallel: Electricity ---
2026-07-21T05:54:12.380305Z --- GENERATING ADAPTIVE MCQ IN BAHASA MELAYU ---
2026-07-21T05:54:13.443923Z   ✓ Q3/4 saved (bank now 4)
2026-07-21T05:54:15.444125Z --- RETRIEVING SYLLABUS & STUDENT HISTORY in parallel: Electricity ---
2026-07-21T05:54:15.639784Z --- GENERATING ADAPTIVE MCQ IN BAHASA MELAYU ---
2026-07-21T05:54:18.255035Z   ✓ Q4/4 saved (bank now 5)
2026-07-21T05:54:20.255294Z [12/347] Physics — Electromagnetism (English): generating 4 question(s)...
2026-07-21T05:54:20.255431Z --- RETRIEVING SYLLABUS & STUDENT HISTORY in parallel: Electromagnetism ---
2026-07-21T05:54:20.683114Z -> Retrieved 0 textbook chunk(s), 8 DSKP chunk(s)
2026-07-21T05:54:20.683931Z --- GENERATING ADAPTIVE MCQ IN ENGLISH ---
2026-07-21T05:54:22.186641Z   ✓ Q1/4 saved (bank now 2)
2026-07-21T05:54:24.186863Z --- RETRIEVING SYLLABUS & STUDENT HISTORY in parallel: Electromagnetism ---
2026-07-21T05:54:24.382475Z --- GENERATING ADAPTIVE MCQ IN ENGLISH ---
2026-07-21T05:54:25.565460Z   ✓ Q2/4 saved (bank now 3)
2026-07-21T05:54:27.565731Z --- RETRIEVING SYLLABUS & STUDENT HISTORY in parallel: Electromagnetism ---
2026-07-21T05:54:27.751128Z --- GENERATING ADAPTIVE MCQ IN ENGLISH ---
2026-07-21T05:54:28.734553Z   ✓ Q3/4 saved (bank now 4)
2026-07-21T05:54:30.734750Z --- RETRIEVING SYLLABUS & STUDENT HISTORY in parallel: Electromagnetism ---
2026-07-21T05:54:31.276726Z --- GENERATING ADAPTIVE MCQ IN ENGLISH ---
2026-07-21T05:55:21.837676Z   ✓ Q4/4 saved (bank now 5)
2026-07-21T05:55:23.838505Z [13/347] Physics — Electromagnetism (Bahasa Melayu): generating 4 question(s)...
2026-07-21T05:55:23.838711Z --- RETRIEVING SYLLABUS & STUDENT HISTORY in parallel: Electromagnetism ---
2026-07-21T05:55:24.035066Z --- GENERATING ADAPTIVE MCQ IN BAHASA MELAYU ---
2026-07-21T05:55:25.076424Z   ✓ Q1/4 saved (bank now 2)
2026-07-21T05:55:27.076594Z --- RETRIEVING SYLLABUS & STUDENT HISTORY in parallel: Electromagnetism ---
2026-07-21T05:55:27.276304Z --- GENERATING ADAPTIVE MCQ IN BAHASA MELAYU ---
2026-07-21T05:55:28.800071Z   ✓ Q2/4 saved (bank now 3)
2026-07-21T05:55:30.800362Z --- RETRIEVING SYLLABUS & STUDENT HISTORY in parallel: Electromagnetism ---
2026-07-21T05:55:30.990045Z --- GENERATING ADAPTIVE MCQ IN BAHASA MELAYU ---
2026-07-21T05:55:32.510792Z   ✓ Q3/4 saved (bank now 4)
2026-07-21T05:55:34.511043Z --- RETRIEVING SYLLABUS & STUDENT HISTORY in parallel: Electromagnetism ---
2026-07-21T05:55:34.700393Z --- GENERATING ADAPTIVE MCQ IN BAHASA MELAYU ---
2026-07-21T05:55:36.561723Z   ✓ Q4/4 saved (bank now 5)
2026-07-21T05:55:38.561951Z [14/347] Physics — Electronics (English): generating 4 question(s)...
2026-07-21T05:55:38.562025Z --- RETRIEVING SYLLABUS & STUDENT HISTORY in parallel: Electronics ---
2026-07-21T05:55:39.232548Z -> Retrieved 0 textbook chunk(s), 8 DSKP chunk(s)
2026-07-21T05:55:39.232947Z --- GENERATING ADAPTIVE MCQ IN ENGLISH ---
2026-07-21T05:55:40.433578Z   ✓ Q1/4 saved (bank now 2)
2026-07-21T05:55:42.433787Z --- RETRIEVING SYLLABUS & STUDENT HISTORY in parallel: Electronics ---
2026-07-21T05:55:42.614142Z --- GENERATING ADAPTIVE MCQ IN ENGLISH ---
2026-07-21T05:56:36.023883Z   ✓ Q2/4 saved (bank now 3)
2026-07-21T05:56:38.024153Z --- RETRIEVING SYLLABUS & STUDENT HISTORY in parallel: Electronics ---
2026-07-21T05:56:38.212152Z --- GENERATING ADAPTIVE MCQ IN ENGLISH ---
2026-07-21T05:56:39.305638Z   ✓ Q3/4 saved (bank now 4)
2026-07-21T05:56:41.305908Z --- RETRIEVING SYLLABUS & STUDENT HISTORY in parallel: Electronics ---
2026-07-21T05:56:41.499862Z --- GENERATING ADAPTIVE MCQ IN ENGLISH ---
2026-07-21T05:56:42.966065Z   ✓ Q4/4 saved (bank now 5)
2026-07-21T05:56:44.966355Z [15/347] Physics — Electronics (Bahasa Melayu): generating 4 question(s)...
2026-07-21T05:56:44.966444Z --- RETRIEVING SYLLABUS & STUDENT HISTORY in parallel: Electronics ---
2026-07-21T05:56:45.456268Z --- GENERATING ADAPTIVE MCQ IN BAHASA MELAYU ---
2026-07-21T05:56:46.774762Z   ✓ Q1/4 saved (bank now 2)
2026-07-21T05:56:48.775025Z --- RETRIEVING SYLLABUS & STUDENT HISTORY in parallel: Electronics ---
2026-07-21T05:56:48.966754Z --- GENERATING ADAPTIVE MCQ IN BAHASA MELAYU ---
2026-07-21T05:56:50.337229Z   ✓ Q2/4 saved (bank now 3)
2026-07-21T05:56:52.337431Z --- RETRIEVING SYLLABUS & STUDENT HISTORY in parallel: Electronics ---
2026-07-21T05:56:52.606626Z --- GENERATING ADAPTIVE MCQ IN BAHASA MELAYU ---
2026-07-21T05:56:53.557235Z   ✓ Q3/4 saved (bank now 4)
2026-07-21T05:56:55.557431Z --- RETRIEVING SYLLABUS & STUDENT HISTORY in parallel: Electronics ---
2026-07-21T05:56:55.751629Z --- GENERATING ADAPTIVE MCQ IN BAHASA MELAYU ---
2026-07-21T05:57:51.083215Z   ✓ Q4/4 saved (bank now 5)
2026-07-21T05:57:53.083399Z [16/347] Physics — Nuclear Physics (English): generating 4 question(s)...
2026-07-21T05:57:53.083483Z --- RETRIEVING SYLLABUS & STUDENT HISTORY in parallel: Nuclear Physics ---
2026-07-21T05:57:53.511880Z -> Retrieved 1 textbook chunk(s), 7 DSKP chunk(s)
2026-07-21T05:57:53.512185Z --- GENERATING ADAPTIVE MCQ IN ENGLISH ---
2026-07-21T05:57:54.478971Z   ✓ Q1/4 saved (bank now 2)
2026-07-21T05:57:56.479224Z --- RETRIEVING SYLLABUS & STUDENT HISTORY in parallel: Nuclear Physics ---
2026-07-21T05:57:56.665089Z --- GENERATING ADAPTIVE MCQ IN ENGLISH ---
2026-07-21T05:57:57.894665Z   ✓ Q2/4 saved (bank now 3)
2026-07-21T05:57:59.894901Z --- RETRIEVING SYLLABUS & STUDENT HISTORY in parallel: Nuclear Physics ---
2026-07-21T05:58:00.078244Z --- GENERATING ADAPTIVE MCQ IN ENGLISH ---
2026-07-21T05:58:01.491028Z   ✓ Q3/4 saved (bank now 4)
2026-07-21T05:58:03.491260Z --- RETRIEVING SYLLABUS & STUDENT HISTORY in parallel: Nuclear Physics ---
2026-07-21T05:58:03.680696Z --- GENERATING ADAPTIVE MCQ IN ENGLISH ---
2026-07-21T05:58:04.809361Z   ✓ Q4/4 saved (bank now 5)
2026-07-21T05:58:06.809580Z [17/347] Physics — Nuclear Physics (Bahasa Melayu): generating 4 question(s)...
2026-07-21T05:58:06.809656Z --- RETRIEVING SYLLABUS & STUDENT HISTORY in parallel: Nuclear Physics ---
2026-07-21T05:58:07.006664Z --- GENERATING ADAPTIVE MCQ IN BAHASA MELAYU ---
2026-07-21T05:58:08.575549Z   ✓ Q1/4 saved (bank now 2)
2026-07-21T05:58:10.575838Z --- RETRIEVING SYLLABUS & STUDENT HISTORY in parallel: Nuclear Physics ---
2026-07-21T05:58:10.774247Z --- GENERATING ADAPTIVE MCQ IN BAHASA MELAYU ---
2026-07-21T05:59:05.091061Z   ✓ Q2/4 saved (bank now 3)
2026-07-21T05:59:07.091374Z --- RETRIEVING SYLLABUS & STUDENT HISTORY in parallel: Nuclear Physics ---
2026-07-21T05:59:07.267648Z --- GENERATING ADAPTIVE MCQ IN BAHASA MELAYU ---
2026-07-21T05:59:08.677120Z   ✓ Q3/4 saved (bank now 4)
2026-07-21T05:59:10.677384Z --- RETRIEVING SYLLABUS & STUDENT HISTORY in parallel: Nuclear Physics ---
2026-07-21T05:59:11.176785Z --- GENERATING ADAPTIVE MCQ IN BAHASA MELAYU ---
2026-07-21T05:59:12.730848Z   ✓ Q4/4 saved (bank now 5)
2026-07-21T05:59:14.731097Z [18/347] Physics — Quantum Physics (English): generating 4 question(s)...
2026-07-21T05:59:14.731183Z --- RETRIEVING SYLLABUS & STUDENT HISTORY in parallel: Quantum Physics ---
2026-07-21T05:59:15.183574Z -> Retrieved 0 textbook chunk(s), 8 DSKP chunk(s)
2026-07-21T05:59:15.184139Z --- GENERATING ADAPTIVE MCQ IN ENGLISH ---
2026-07-21T05:59:16.412452Z   ✓ Q1/4 saved (bank now 2)
2026-07-21T05:59:18.412651Z --- RETRIEVING SYLLABUS & STUDENT HISTORY in parallel: Quantum Physics ---
2026-07-21T05:59:18.593836Z --- GENERATING ADAPTIVE MCQ IN ENGLISH ---
2026-07-21T05:59:19.681166Z   ✓ Q2/4 saved (bank now 3)
2026-07-21T05:59:21.681370Z --- RETRIEVING SYLLABUS & STUDENT HISTORY in parallel: Quantum Physics ---
2026-07-21T05:59:21.873983Z --- GENERATING ADAPTIVE MCQ IN ENGLISH ---
2026-07-21T05:59:23.054680Z   ✓ Q3/4 saved (bank now 4)
2026-07-21T05:59:25.055006Z --- RETRIEVING SYLLABUS & STUDENT HISTORY in parallel: Quantum Physics ---
2026-07-21T05:59:25.241934Z --- GENERATING ADAPTIVE MCQ IN ENGLISH ---
2026-07-21T06:00:20.523962Z   ✓ Q4/4 saved (bank now 5)
2026-07-21T06:00:22.524155Z [19/347] Physics — Quantum Physics (Bahasa Melayu): generating 4 question(s)...
2026-07-21T06:00:22.524230Z --- RETRIEVING SYLLABUS & STUDENT HISTORY in parallel: Quantum Physics ---
2026-07-21T06:00:22.713295Z --- GENERATING ADAPTIVE MCQ IN BAHASA MELAYU ---
2026-07-21T06:00:24.789377Z   ✓ Q1/4 saved (bank now 2)
2026-07-21T06:00:26.789546Z --- RETRIEVING SYLLABUS & STUDENT HISTORY in parallel: Quantum Physics ---
2026-07-21T06:00:27.309000Z --- GENERATING ADAPTIVE MCQ IN BAHASA MELAYU ---
2026-07-21T06:00:29.460636Z   ✓ Q2/4 saved (bank now 3)
2026-07-21T06:00:31.460902Z --- RETRIEVING SYLLABUS & STUDENT HISTORY in parallel: Quantum Physics ---
2026-07-21T06:00:31.651820Z --- GENERATING ADAPTIVE MCQ IN BAHASA MELAYU ---
2026-07-21T06:00:33.711853Z   ✓ Q3/4 saved (bank now 4)
2026-07-21T06:00:35.712118Z --- RETRIEVING SYLLABUS & STUDENT HISTORY in parallel: Quantum Physics ---
2026-07-21T06:00:35.935929Z --- GENERATING ADAPTIVE MCQ IN BAHASA MELAYU ---
2026-07-21T06:00:37.382674Z   ✓ Q4/4 saved (bank now 5)
2026-07-21T06:00:39.382871Z [20/347] Biology — Introduction to Biology (English): generating 4 question(s)...
2026-07-21T06:00:39.382933Z --- RETRIEVING SYLLABUS & STUDENT HISTORY in parallel: Introduction to Biology ---
2026-07-21T06:00:39.995782Z -> Retrieved 0 textbook chunk(s), 8 DSKP chunk(s)
2026-07-21T06:00:39.996378Z --- GENERATING ADAPTIVE MCQ IN ENGLISH ---
2026-07-21T06:00:41.876794Z   ✓ Q1/4 saved (bank now 2)
2026-07-21T06:00:43.877000Z --- RETRIEVING SYLLABUS & STUDENT HISTORY in parallel: Introduction to Biology ---
2026-07-21T06:00:44.058399Z --- GENERATING ADAPTIVE MCQ IN ENGLISH ---
2026-07-21T06:00:45.680833Z   ✓ Q2/4 saved (bank now 3)
2026-07-21T06:00:47.681006Z --- RETRIEVING SYLLABUS & STUDENT HISTORY in parallel: Introduction to Biology ---
2026-07-21T06:00:47.892382Z --- GENERATING ADAPTIVE MCQ IN ENGLISH ---
2026-07-21T06:01:46.444569Z   ✓ Q3/4 saved (bank now 4)
2026-07-21T06:01:48.444696Z --- RETRIEVING SYLLABUS & STUDENT HISTORY in parallel: Introduction to Biology ---
2026-07-21T06:01:48.992563Z --- GENERATING ADAPTIVE MCQ IN ENGLISH ---
2026-07-21T06:01:50.757997Z   ✓ Q4/4 saved (bank now 5)
2026-07-21T06:01:52.758189Z [21/347] Biology — Introduction to Biology (Bahasa Melayu): generating 4 question(s)...
2026-07-21T06:01:52.758258Z --- RETRIEVING SYLLABUS & STUDENT HISTORY in parallel: Introduction to Biology ---
2026-07-21T06:01:53.007663Z --- GENERATING ADAPTIVE MCQ IN BAHASA MELAYU ---
2026-07-21T06:01:54.465219Z   ✓ Q1/4 saved (bank now 2)
2026-07-21T06:01:56.465491Z --- RETRIEVING SYLLABUS & STUDENT HISTORY in parallel: Introduction to Biology ---
2026-07-21T06:01:56.661101Z --- GENERATING ADAPTIVE MCQ IN BAHASA MELAYU ---
2026-07-21T06:01:57.822876Z   ✓ Q2/4 saved (bank now 3)
2026-07-21T06:01:59.823205Z --- RETRIEVING SYLLABUS & STUDENT HISTORY in parallel: Introduction to Biology ---
2026-07-21T06:02:00.021157Z --- GENERATING ADAPTIVE MCQ IN BAHASA MELAYU ---
2026-07-21T06:02:01.395171Z   ✓ Q3/4 saved (bank now 4)
2026-07-21T06:02:03.395384Z --- RETRIEVING SYLLABUS & STUDENT HISTORY in parallel: Introduction to Biology ---
2026-07-21T06:02:03.592352Z --- GENERATING ADAPTIVE MCQ IN BAHASA MELAYU ---
2026-07-21T06:02:06.206154Z   ✓ Q4/4 saved (bank now 5)
2026-07-21T06:02:08.206438Z [22/347] Biology — Cell Biology and Organisation (English): generating 4 question(s)...
2026-07-21T06:02:08.206537Z --- RETRIEVING SYLLABUS & STUDENT HISTORY in parallel: Cell Biology and Organisation ---
2026-07-21T06:02:08.648640Z -> Retrieved 1 textbook chunk(s), 7 DSKP chunk(s)
2026-07-21T06:02:08.649118Z --- GENERATING ADAPTIVE MCQ IN ENGLISH ---
2026-07-21T06:03:02.309990Z   ✓ Q1/4 saved (bank now 2)
2026-07-21T06:03:04.310194Z --- RETRIEVING SYLLABUS & STUDENT HISTORY in parallel: Cell Biology and Organisation ---
2026-07-21T06:03:04.527441Z --- GENERATING ADAPTIVE MCQ IN ENGLISH ---
2026-07-21T06:03:05.930090Z   ✓ Q2/4 saved (bank now 3)
2026-07-21T06:03:07.930214Z --- RETRIEVING SYLLABUS & STUDENT HISTORY in parallel: Cell Biology and Organisation ---
2026-07-21T06:03:08.130363Z --- GENERATING ADAPTIVE MCQ IN ENGLISH ---
2026-07-21T06:03:09.181479Z   ✓ Q3/4 saved (bank now 4)
2026-07-21T06:03:11.181699Z --- RETRIEVING SYLLABUS & STUDENT HISTORY in parallel: Cell Biology and Organisation ---
2026-07-21T06:03:11.357848Z --- GENERATING ADAPTIVE MCQ IN ENGLISH ---
2026-07-21T06:03:12.544722Z   ✓ Q4/4 saved (bank now 5)
2026-07-21T06:03:14.544966Z [23/347] Biology — Cell Biology and Organisation (Bahasa Melayu): generating 4 question(s)...
2026-07-21T06:03:14.545050Z --- RETRIEVING SYLLABUS & STUDENT HISTORY in parallel: Cell Biology and Organisation ---
2026-07-21T06:03:14.732004Z --- GENERATING ADAPTIVE MCQ IN BAHASA MELAYU ---
2026-07-21T06:03:15.941933Z   ✓ Q1/4 saved (bank now 2)
2026-07-21T06:03:17.942062Z --- RETRIEVING SYLLABUS & STUDENT HISTORY in parallel: Cell Biology and Organisation ---
2026-07-21T06:03:18.121485Z --- GENERATING ADAPTIVE MCQ IN BAHASA MELAYU ---
2026-07-21T06:03:19.260875Z   ✓ Q2/4 saved (bank now 3)
2026-07-21T06:03:21.261093Z --- RETRIEVING SYLLABUS & STUDENT HISTORY in parallel: Cell Biology and Organisation ---
2026-07-21T06:03:21.453419Z --- GENERATING ADAPTIVE MCQ IN BAHASA MELAYU ---
2026-07-21T06:04:15.921907Z   ✓ Q3/4 saved (bank now 4)
2026-07-21T06:04:17.922147Z --- RETRIEVING SYLLABUS & STUDENT HISTORY in parallel: Cell Biology and Organisation ---
2026-07-21T06:04:18.112116Z --- GENERATING ADAPTIVE MCQ IN BAHASA MELAYU ---
2026-07-21T06:04:19.416805Z   ✓ Q4/4 saved (bank now 5)
2026-07-21T06:04:21.417015Z [24/347] Biology — Movement of Substances across a Plasma Membrane (English): generating 4 question(s)...
2026-07-21T06:04:21.417099Z --- RETRIEVING SYLLABUS & STUDENT HISTORY in parallel: Movement of Substances across a Plasma Membrane ---
2026-07-21T06:04:22.279251Z -> Retrieved 4 textbook chunk(s), 4 DSKP chunk(s)
2026-07-21T06:04:22.279866Z --- GENERATING ADAPTIVE MCQ IN ENGLISH ---
2026-07-21T06:04:23.926088Z   ✓ Q1/4 saved (bank now 2)
2026-07-21T06:04:25.926300Z --- RETRIEVING SYLLABUS & STUDENT HISTORY in parallel: Movement of Substances across a Plasma Membrane ---
2026-07-21T06:04:26.412561Z --- GENERATING ADAPTIVE MCQ IN ENGLISH ---
2026-07-21T06:04:27.722289Z   ✓ Q2/4 saved (bank now 3)
2026-07-21T06:04:29.722524Z --- RETRIEVING SYLLABUS & STUDENT HISTORY in parallel: Movement of Substances across a Plasma Membrane ---
2026-07-21T06:04:29.903207Z --- GENERATING ADAPTIVE MCQ IN ENGLISH ---
2026-07-21T06:04:30.955781Z   ✓ Q3/4 saved (bank now 4)
2026-07-21T06:04:32.955993Z --- RETRIEVING SYLLABUS & STUDENT HISTORY in parallel: Movement of Substances across a Plasma Membrane ---
2026-07-21T06:04:33.150160Z --- GENERATING ADAPTIVE MCQ IN ENGLISH ---
2026-07-21T06:04:34.840489Z   ✓ Q4/4 saved (bank now 5)
2026-07-21T06:04:36.840722Z [25/347] Biology — Movement of Substances across a Plasma Membrane (Bahasa Melayu): generating 4 question(s)...
2026-07-21T06:04:36.840812Z --- RETRIEVING SYLLABUS & STUDENT HISTORY in parallel: Movement of Substances across a Plasma Membrane ---
2026-07-21T06:04:37.022129Z --- GENERATING ADAPTIVE MCQ IN BAHASA MELAYU ---
2026-07-21T06:05:27.651246Z   ✓ Q1/4 saved (bank now 2)
2026-07-21T06:05:29.651462Z --- RETRIEVING SYLLABUS & STUDENT HISTORY in parallel: Movement of Substances across a Plasma Membrane ---
2026-07-21T06:05:29.851035Z --- GENERATING ADAPTIVE MCQ IN BAHASA MELAYU ---
2026-07-21T06:05:31.118726Z   ✓ Q2/4 saved (bank now 3)
2026-07-21T06:05:33.119094Z --- RETRIEVING SYLLABUS & STUDENT HISTORY in parallel: Movement of Substances across a Plasma Membrane ---
2026-07-21T06:05:33.319743Z --- GENERATING ADAPTIVE MCQ IN BAHASA MELAYU ---
2026-07-21T06:05:34.804366Z   ✓ Q3/4 saved (bank now 4)
2026-07-21T06:05:36.804560Z --- RETRIEVING SYLLABUS & STUDENT HISTORY in parallel: Movement of Substances across a Plasma Membrane ---
2026-07-21T06:05:37.324616Z --- GENERATING ADAPTIVE MCQ IN BAHASA MELAYU ---
2026-07-21T06:05:38.677355Z   ✓ Q4/4 saved (bank now 5)
2026-07-21T06:05:40.677617Z [26/347] Biology — Chemical Composition in a Cell (English): generating 4 question(s)...
2026-07-21T06:05:40.677703Z --- RETRIEVING SYLLABUS & STUDENT HISTORY in parallel: Chemical Composition in a Cell ---
2026-07-21T06:05:41.277539Z -> Retrieved 2 textbook chunk(s), 6 DSKP chunk(s)
2026-07-21T06:05:41.278391Z --- GENERATING ADAPTIVE MCQ IN ENGLISH ---
2026-07-21T06:05:42.998371Z   ✓ Q1/4 saved (bank now 2)
2026-07-21T06:05:44.998626Z --- RETRIEVING SYLLABUS & STUDENT HISTORY in parallel: Chemical Composition in a Cell ---
2026-07-21T06:05:45.185261Z --- GENERATING ADAPTIVE MCQ IN ENGLISH ---
2026-07-21T06:05:46.347129Z   ✓ Q2/4 saved (bank now 3)
2026-07-21T06:05:48.347303Z --- RETRIEVING SYLLABUS & STUDENT HISTORY in parallel: Chemical Composition in a Cell ---
2026-07-21T06:05:48.544166Z --- GENERATING ADAPTIVE MCQ IN ENGLISH ---
2026-07-21T06:06:43.739986Z   ✓ Q3/4 saved (bank now 4)
2026-07-21T06:06:45.740262Z --- RETRIEVING SYLLABUS & STUDENT HISTORY in parallel: Chemical Composition in a Cell ---
2026-07-21T06:06:46.270732Z --- GENERATING ADAPTIVE MCQ IN ENGLISH ---
2026-07-21T06:06:47.742973Z   ✓ Q4/4 saved (bank now 5)
2026-07-21T06:06:49.743114Z [27/347] Biology — Chemical Composition in a Cell (Bahasa Melayu): generating 4 question(s)...
2026-07-21T06:06:49.743170Z --- RETRIEVING SYLLABUS & STUDENT HISTORY in parallel: Chemical Composition in a Cell ---
2026-07-21T06:06:50.252058Z --- GENERATING ADAPTIVE MCQ IN BAHASA MELAYU ---
2026-07-21T06:06:51.695883Z   ✓ Q1/4 saved (bank now 2)
2026-07-21T06:06:53.696038Z --- RETRIEVING SYLLABUS & STUDENT HISTORY in parallel: Chemical Composition in a Cell ---
2026-07-21T06:06:53.877782Z --- GENERATING ADAPTIVE MCQ IN BAHASA MELAYU ---
2026-07-21T06:06:55.218880Z   ✓ Q2/4 saved (bank now 3)
2026-07-21T06:06:57.219151Z --- RETRIEVING SYLLABUS & STUDENT HISTORY in parallel: Chemical Composition in a Cell ---
2026-07-21T06:06:57.397781Z --- GENERATING ADAPTIVE MCQ IN BAHASA MELAYU ---
2026-07-21T06:07:00.710427Z   ✓ Q3/4 saved (bank now 4)
2026-07-21T06:07:02.710557Z --- RETRIEVING SYLLABUS & STUDENT HISTORY in parallel: Chemical Composition in a Cell ---
2026-07-21T06:07:02.899721Z --- GENERATING ADAPTIVE MCQ IN BAHASA MELAYU ---
2026-07-21T06:07:04.492523Z   ✓ Q4/4 saved (bank now 5)
2026-07-21T06:07:06.492774Z [28/347] Biology — Metabolism and Enzymes (English): generating 4 question(s)...
2026-07-21T06:07:06.492861Z --- RETRIEVING SYLLABUS & STUDENT HISTORY in parallel: Metabolism and Enzymes ---
2026-07-21T06:07:07.030394Z -> Retrieved 2 textbook chunk(s), 6 DSKP chunk(s)
2026-07-21T06:07:07.031147Z --- GENERATING ADAPTIVE MCQ IN ENGLISH ---
2026-07-21T06:07:08.327068Z   ✓ Q1/4 saved (bank now 2)
2026-07-21T06:07:10.327300Z --- RETRIEVING SYLLABUS & STUDENT HISTORY in parallel: Metabolism and Enzymes ---
2026-07-21T06:07:10.839201Z --- GENERATING ADAPTIVE MCQ IN ENGLISH ---
2026-07-21T06:08:09.783891Z   ✓ Q2/4 saved (bank now 3)
2026-07-21T06:08:11.784136Z --- RETRIEVING SYLLABUS & STUDENT HISTORY in parallel: Metabolism and Enzymes ---
2026-07-21T06:08:11.976654Z --- GENERATING ADAPTIVE MCQ IN ENGLISH ---
2026-07-21T06:08:15.623067Z   ✓ Q3/4 saved (bank now 4)
2026-07-21T06:08:17.623265Z --- RETRIEVING SYLLABUS & STUDENT HISTORY in parallel: Metabolism and Enzymes ---
2026-07-21T06:08:17.847764Z --- GENERATING ADAPTIVE MCQ IN ENGLISH ---
2026-07-21T06:08:19.236291Z   ✓ Q4/4 saved (bank now 5)
2026-07-21T06:08:21.236515Z [29/347] Biology — Metabolism and Enzymes (Bahasa Melayu): generating 4 question(s)...
2026-07-21T06:08:21.236599Z --- RETRIEVING SYLLABUS & STUDENT HISTORY in parallel: Metabolism and Enzymes ---
2026-07-21T06:08:21.424127Z --- GENERATING ADAPTIVE MCQ IN BAHASA MELAYU ---
2026-07-21T06:08:22.792965Z   ✓ Q1/4 saved (bank now 2)
2026-07-21T06:08:24.793063Z --- RETRIEVING SYLLABUS & STUDENT HISTORY in parallel: Metabolism and Enzymes ---
2026-07-21T06:08:24.985974Z --- GENERATING ADAPTIVE MCQ IN BAHASA MELAYU ---
2026-07-21T06:08:26.857383Z   ✓ Q2/4 saved (bank now 3)
2026-07-21T06:08:28.857627Z --- RETRIEVING SYLLABUS & STUDENT HISTORY in parallel: Metabolism and Enzymes ---
2026-07-21T06:08:29.052831Z --- GENERATING ADAPTIVE MCQ IN BAHASA MELAYU ---
2026-07-21T06:08:30.352080Z   ✓ Q3/4 saved (bank now 4)
2026-07-21T06:08:32.352371Z --- RETRIEVING SYLLABUS & STUDENT HISTORY in parallel: Metabolism and Enzymes ---
2026-07-21T06:08:32.533973Z --- GENERATING ADAPTIVE MCQ IN BAHASA MELAYU ---
2026-07-21T06:09:23.253657Z   ✓ Q4/4 saved (bank now 5)
2026-07-21T06:09:25.253858Z [30/347] Biology — Cell Division (English): generating 3 question(s)...
2026-07-21T06:09:25.253933Z --- RETRIEVING SYLLABUS & STUDENT HISTORY in parallel: Cell Division ---
2026-07-21T06:09:25.637824Z -> Retrieved 1 textbook chunk(s), 7 DSKP chunk(s)
2026-07-21T06:09:25.638430Z --- GENERATING ADAPTIVE MCQ IN ENGLISH ---
2026-07-21T06:09:26.975493Z   ✓ Q1/3 saved (bank now 3)
2026-07-21T06:09:28.975652Z --- RETRIEVING SYLLABUS & STUDENT HISTORY in parallel: Cell Division ---
2026-07-21T06:09:29.150663Z --- GENERATING ADAPTIVE MCQ IN ENGLISH ---
2026-07-21T06:09:30.272358Z   ✓ Q2/3 saved (bank now 4)
2026-07-21T06:09:32.272548Z --- RETRIEVING SYLLABUS & STUDENT HISTORY in parallel: Cell Division ---
2026-07-21T06:09:32.468660Z --- GENERATING ADAPTIVE MCQ IN ENGLISH ---
2026-07-21T06:09:33.537690Z   ✓ Q3/3 saved (bank now 5)
2026-07-21T06:09:35.537854Z [31/347] Biology — Cell Division (Bahasa Melayu): generating 4 question(s)...
2026-07-21T06:09:35.537912Z --- RETRIEVING SYLLABUS & STUDENT HISTORY in parallel: Cell Division ---
2026-07-21T06:09:35.719047Z --- GENERATING ADAPTIVE MCQ IN BAHASA MELAYU ---
2026-07-21T06:09:36.999852Z   ✓ Q1/4 saved (bank now 2)
2026-07-21T06:09:39.000172Z --- RETRIEVING SYLLABUS & STUDENT HISTORY in parallel: Cell Division ---
2026-07-21T06:09:39.194671Z --- GENERATING ADAPTIVE MCQ IN BAHASA MELAYU ---
2026-07-21T06:09:40.564675Z   ✓ Q2/4 saved (bank now 3)
2026-07-21T06:09:42.564815Z --- RETRIEVING SYLLABUS & STUDENT HISTORY in parallel: Cell Division ---
2026-07-21T06:09:42.752492Z --- GENERATING ADAPTIVE MCQ IN BAHASA MELAYU ---
2026-07-21T06:10:37.329848Z   ✓ Q3/4 saved (bank now 4)
2026-07-21T06:10:39.330124Z --- RETRIEVING SYLLABUS & STUDENT HISTORY in parallel: Cell Division ---
2026-07-21T06:10:40.019557Z --- GENERATING ADAPTIVE MCQ IN BAHASA MELAYU ---
2026-07-21T06:10:41.319133Z   ✓ Q4/4 saved (bank now 5)
2026-07-21T06:10:43.319412Z [32/347] Biology — Cellular Respiration (English): generating 4 question(s)...
2026-07-21T06:10:43.319497Z --- RETRIEVING SYLLABUS & STUDENT HISTORY in parallel: Cellular Respiration ---
2026-07-21T06:10:43.811370Z -> Retrieved 1 textbook chunk(s), 7 DSKP chunk(s)
2026-07-21T06:10:43.811796Z --- GENERATING ADAPTIVE MCQ IN ENGLISH ---
2026-07-21T06:10:45.346631Z   ✓ Q1/4 saved (bank now 2)
2026-07-21T06:10:47.346796Z --- RETRIEVING SYLLABUS & STUDENT HISTORY in parallel: Cellular Respiration ---
2026-07-21T06:10:47.542064Z --- GENERATING ADAPTIVE MCQ IN ENGLISH ---
2026-07-21T06:10:49.062973Z   ✓ Q2/4 saved (bank now 3)
2026-07-21T06:10:51.063239Z --- RETRIEVING SYLLABUS & STUDENT HISTORY in parallel: Cellular Respiration ---
2026-07-21T06:10:51.274564Z --- GENERATING ADAPTIVE MCQ IN ENGLISH ---
2026-07-21T06:10:52.389295Z   ✓ Q3/4 saved (bank now 4)
2026-07-21T06:10:54.389554Z --- RETRIEVING SYLLABUS & STUDENT HISTORY in parallel: Cellular Respiration ---
2026-07-21T06:10:54.573811Z --- GENERATING ADAPTIVE MCQ IN ENGLISH ---
2026-07-21T06:10:55.870504Z   ✓ Q4/4 saved (bank now 5)
2026-07-21T06:10:57.870696Z [33/347] Biology — Cellular Respiration (Bahasa Melayu): generating 4 question(s)...
2026-07-21T06:10:57.870782Z --- RETRIEVING SYLLABUS & STUDENT HISTORY in parallel: Cellular Respiration ---
2026-07-21T06:10:58.092224Z --- GENERATING ADAPTIVE MCQ IN BAHASA MELAYU ---
2026-07-21T06:11:49.195969Z   ✓ Q1/4 saved (bank now 2)
2026-07-21T06:11:51.196169Z --- RETRIEVING SYLLABUS & STUDENT HISTORY in parallel: Cellular Respiration ---
2026-07-21T06:11:51.387586Z --- GENERATING ADAPTIVE MCQ IN BAHASA MELAYU ---
2026-07-21T06:11:55.062813Z   ✓ Q2/4 saved (bank now 3)
2026-07-21T06:11:57.063050Z --- RETRIEVING SYLLABUS & STUDENT HISTORY in parallel: Cellular Respiration ---
2026-07-21T06:11:57.275196Z --- GENERATING ADAPTIVE MCQ IN BAHASA MELAYU ---
2026-07-21T06:11:58.275647Z   ✓ Q3/4 saved (bank now 4)
2026-07-21T06:12:00.275829Z --- RETRIEVING SYLLABUS & STUDENT HISTORY in parallel: Cellular Respiration ---
2026-07-21T06:12:00.457522Z --- GENERATING ADAPTIVE MCQ IN BAHASA MELAYU ---
2026-07-21T06:12:01.568485Z   ✓ Q4/4 saved (bank now 5)
2026-07-21T06:12:03.568604Z [34/347] Biology — Respiratory System in Humans and Animals (English): generating 4 question(s)...
2026-07-21T06:12:03.568671Z --- RETRIEVING SYLLABUS & STUDENT HISTORY in parallel: Respiratory System in Humans and Animals ---
2026-07-21T06:12:03.994883Z -> Retrieved 3 textbook chunk(s), 5 DSKP chunk(s)
2026-07-21T06:12:03.995206Z --- GENERATING ADAPTIVE MCQ IN ENGLISH ---
2026-07-21T06:12:05.224515Z   ✓ Q1/4 saved (bank now 2)
2026-07-21T06:12:07.224723Z --- RETRIEVING SYLLABUS & STUDENT HISTORY in parallel: Respiratory System in Humans and Animals ---
2026-07-21T06:12:07.414278Z --- GENERATING ADAPTIVE MCQ IN ENGLISH ---
2026-07-21T06:12:08.752042Z   ✓ Q2/4 saved (bank now 3)
2026-07-21T06:12:10.752139Z --- RETRIEVING SYLLABUS & STUDENT HISTORY in parallel: Respiratory System in Humans and Animals ---
2026-07-21T06:12:10.937788Z --- GENERATING ADAPTIVE MCQ IN ENGLISH ---
2026-07-21T06:13:01.666045Z   ✓ Q3/4 saved (bank now 4)
2026-07-21T06:13:03.666232Z --- RETRIEVING SYLLABUS & STUDENT HISTORY in parallel: Respiratory System in Humans and Animals ---
2026-07-21T06:13:03.854845Z --- GENERATING ADAPTIVE MCQ IN ENGLISH ---
2026-07-21T06:13:05.408214Z   ✓ Q4/4 saved (bank now 5)
2026-07-21T06:13:07.408482Z [35/347] Biology — Respiratory System in Humans and Animals (Bahasa Melayu): generating 4 question(s)...
2026-07-21T06:13:07.408628Z --- RETRIEVING SYLLABUS & STUDENT HISTORY in parallel: Respiratory System in Humans and Animals ---
2026-07-21T06:13:07.606253Z --- GENERATING ADAPTIVE MCQ IN BAHASA MELAYU ---
2026-07-21T06:13:09.239285Z   ✓ Q1/4 saved (bank now 2)
2026-07-21T06:13:11.239450Z --- RETRIEVING SYLLABUS & STUDENT HISTORY in parallel: Respiratory System in Humans and Animals ---
2026-07-21T06:13:11.427296Z --- GENERATING ADAPTIVE MCQ IN BAHASA MELAYU ---
2026-07-21T06:13:12.803838Z   ✓ Q2/4 saved (bank now 3)
2026-07-21T06:13:14.803968Z --- RETRIEVING SYLLABUS & STUDENT HISTORY in parallel: Respiratory System in Humans and Animals ---
2026-07-21T06:13:15.326701Z --- GENERATING ADAPTIVE MCQ IN BAHASA MELAYU ---
2026-07-21T06:13:16.821357Z   ✓ Q3/4 saved (bank now 4)
2026-07-21T06:13:18.821579Z --- RETRIEVING SYLLABUS & STUDENT HISTORY in parallel: Respiratory System in Humans and Animals ---
2026-07-21T06:13:19.019372Z --- GENERATING ADAPTIVE MCQ IN BAHASA MELAYU ---
2026-07-21T06:13:20.276198Z   ✓ Q4/4 saved (bank now 5)
2026-07-21T06:13:22.276399Z [36/347] Biology — Nutrition and Human Digestive System (English): generating 4 question(s)...
2026-07-21T06:13:22.276493Z --- RETRIEVING SYLLABUS & STUDENT HISTORY in parallel: Nutrition and Human Digestive System ---
2026-07-21T06:13:22.698748Z -> Retrieved 3 textbook chunk(s), 5 DSKP chunk(s)
2026-07-21T06:13:22.699396Z --- GENERATING ADAPTIVE MCQ IN ENGLISH ---
2026-07-21T06:14:17.239771Z   ✓ Q1/4 saved (bank now 2)
2026-07-21T06:14:19.240007Z --- RETRIEVING SYLLABUS & STUDENT HISTORY in parallel: Nutrition and Human Digestive System ---
2026-07-21T06:14:19.436841Z --- GENERATING ADAPTIVE MCQ IN ENGLISH ---
2026-07-21T06:14:20.714166Z   ✓ Q2/4 saved (bank now 3)
2026-07-21T06:14:22.714498Z --- RETRIEVING SYLLABUS & STUDENT HISTORY in parallel: Nutrition and Human Digestive System ---
2026-07-21T06:14:22.916410Z --- GENERATING ADAPTIVE MCQ IN ENGLISH ---
2026-07-21T06:14:23.969430Z   ✓ Q3/4 saved (bank now 4)
2026-07-21T06:14:25.969607Z --- RETRIEVING SYLLABUS & STUDENT HISTORY in parallel: Nutrition and Human Digestive System ---
2026-07-21T06:14:26.165969Z --- GENERATING ADAPTIVE MCQ IN ENGLISH ---
2026-07-21T06:14:27.455632Z   ✓ Q4/4 saved (bank now 5)
2026-07-21T06:14:29.455901Z [37/347] Biology — Nutrition and Human Digestive System (Bahasa Melayu): generating 5 question(s)...
2026-07-21T06:14:29.455980Z --- RETRIEVING SYLLABUS & STUDENT HISTORY in parallel: Nutrition and Human Digestive System ---
2026-07-21T06:14:29.652534Z --- GENERATING ADAPTIVE MCQ IN BAHASA MELAYU ---
2026-07-21T06:14:30.891304Z   ✓ Q1/5 saved (bank now 1)
2026-07-21T06:14:32.891612Z --- RETRIEVING SYLLABUS & STUDENT HISTORY in parallel: Nutrition and Human Digestive System ---
2026-07-21T06:14:33.073357Z --- GENERATING ADAPTIVE MCQ IN BAHASA MELAYU ---
2026-07-21T06:14:34.303785Z   ✓ Q2/5 saved (bank now 2)
2026-07-21T06:14:36.303966Z --- RETRIEVING SYLLABUS & STUDENT HISTORY in parallel: Nutrition and Human Digestive System ---
2026-07-21T06:14:36.503852Z --- GENERATING ADAPTIVE MCQ IN BAHASA MELAYU ---
2026-07-21T06:15:31.942500Z   ✓ Q3/5 saved (bank now 3)
2026-07-21T06:15:33.942811Z --- RETRIEVING SYLLABUS & STUDENT HISTORY in parallel: Nutrition and Human Digestive System ---
2026-07-21T06:15:34.128832Z --- GENERATING ADAPTIVE MCQ IN BAHASA MELAYU ---
2026-07-21T06:15:35.745061Z   ✓ Q4/5 saved (bank now 4)
2026-07-21T06:15:37.745226Z --- RETRIEVING SYLLABUS & STUDENT HISTORY in parallel: Nutrition and Human Digestive System ---
2026-07-21T06:15:38.261029Z --- GENERATING ADAPTIVE MCQ IN BAHASA MELAYU ---
2026-07-21T06:15:39.338171Z   ✓ Q5/5 saved (bank now 5)
2026-07-21T06:15:41.338384Z [38/347] Biology — Transport in Humans and Animals (English): generating 4 question(s)...
2026-07-21T06:15:41.338459Z --- RETRIEVING SYLLABUS & STUDENT HISTORY in parallel: Transport in Humans and Animals ---
2026-07-21T06:15:41.949735Z -> Retrieved 0 textbook chunk(s), 8 DSKP chunk(s)
2026-07-21T06:15:41.950794Z --- GENERATING ADAPTIVE MCQ IN ENGLISH ---
2026-07-21T06:15:43.248622Z   ✓ Q1/4 saved (bank now 2)
2026-07-21T06:15:45.248881Z --- RETRIEVING SYLLABUS & STUDENT HISTORY in parallel: Transport in Humans and Animals ---
2026-07-21T06:15:45.761389Z --- GENERATING ADAPTIVE MCQ IN ENGLISH ---
2026-07-21T06:15:46.983401Z   ✓ Q2/4 saved (bank now 3)
2026-07-21T06:15:48.983559Z --- RETRIEVING SYLLABUS & STUDENT HISTORY in parallel: Transport in Humans and Animals ---
2026-07-21T06:15:49.172362Z --- GENERATING ADAPTIVE MCQ IN ENGLISH ---
2026-07-21T06:15:50.440780Z   ✓ Q3/4 saved (bank now 4)
2026-07-21T06:15:52.440930Z --- RETRIEVING SYLLABUS & STUDENT HISTORY in parallel: Transport in Humans and Animals ---
2026-07-21T06:15:52.616115Z --- GENERATING ADAPTIVE MCQ IN ENGLISH ---
2026-07-21T06:16:43.893506Z   ✓ Q4/4 saved (bank now 5)
2026-07-21T06:16:45.893808Z [39/347] Biology — Transport in Humans and Animals (Bahasa Melayu): generating 4 question(s)...
2026-07-21T06:16:45.893899Z --- RETRIEVING SYLLABUS & STUDENT HISTORY in parallel: Transport in Humans and Animals ---
2026-07-21T06:16:46.073255Z --- GENERATING ADAPTIVE MCQ IN BAHASA MELAYU ---
2026-07-21T06:16:47.812141Z   ✓ Q1/4 saved (bank now 2)
2026-07-21T06:16:49.812440Z --- RETRIEVING SYLLABUS & STUDENT HISTORY in parallel: Transport in Humans and Animals ---
2026-07-21T06:16:50.004857Z --- GENERATING ADAPTIVE MCQ IN BAHASA MELAYU ---
2026-07-21T06:16:51.392381Z   ✓ Q2/4 saved (bank now 3)
2026-07-21T06:16:53.392601Z --- RETRIEVING SYLLABUS & STUDENT HISTORY in parallel: Transport in Humans and Animals ---
2026-07-21T06:16:53.584861Z --- GENERATING ADAPTIVE MCQ IN BAHASA MELAYU ---
2026-07-21T06:16:55.061377Z   ✓ Q3/4 saved (bank now 4)
2026-07-21T06:16:57.061602Z --- RETRIEVING SYLLABUS & STUDENT HISTORY in parallel: Transport in Humans and Animals ---
2026-07-21T06:16:57.246477Z --- GENERATING ADAPTIVE MCQ IN BAHASA MELAYU ---
2026-07-21T06:16:58.905286Z   ✓ Q4/4 saved (bank now 5)
2026-07-21T06:17:00.906077Z [Checkpoint] 10% written to logs/question_bank_seed_progress.md
2026-07-21T06:17:00.906148Z [40/347] Biology — Immunity in Humans (English): generating 2 question(s)...
2026-07-21T06:17:00.906163Z --- RETRIEVING SYLLABUS & STUDENT HISTORY in parallel: Immunity in Humans ---
2026-07-21T06:17:01.505033Z -> Retrieved 3 textbook chunk(s), 5 DSKP chunk(s)
2026-07-21T06:17:01.505590Z --- GENERATING ADAPTIVE MCQ IN ENGLISH ---
2026-07-21T06:17:02.862227Z   ✓ Q1/2 saved (bank now 4)
2026-07-21T06:17:04.862386Z --- RETRIEVING SYLLABUS & STUDENT HISTORY in parallel: Immunity in Humans ---
2026-07-21T06:17:05.213080Z --- GENERATING ADAPTIVE MCQ IN ENGLISH ---
2026-07-21T06:17:59.151113Z   ✓ Q2/2 saved (bank now 5)
2026-07-21T06:18:01.151411Z [41/347] Biology — Immunity in Humans (Bahasa Melayu): generating 4 question(s)...
2026-07-21T06:18:01.151503Z --- RETRIEVING SYLLABUS & STUDENT HISTORY in parallel: Immunity in Humans ---
2026-07-21T06:18:01.665366Z --- GENERATING ADAPTIVE MCQ IN BAHASA MELAYU ---
2026-07-21T06:18:03.223736Z   ✓ Q1/4 saved (bank now 2)
2026-07-21T06:18:05.223942Z --- RETRIEVING SYLLABUS & STUDENT HISTORY in parallel: Immunity in Humans ---
2026-07-21T06:18:05.424751Z --- GENERATING ADAPTIVE MCQ IN BAHASA MELAYU ---
2026-07-21T06:18:06.951757Z   ✓ Q2/4 saved (bank now 3)
2026-07-21T06:18:08.951975Z --- RETRIEVING SYLLABUS & STUDENT HISTORY in parallel: Immunity in Humans ---
2026-07-21T06:18:09.146424Z --- GENERATING ADAPTIVE MCQ IN BAHASA MELAYU ---
2026-07-21T06:18:10.820648Z   ✓ Q3/4 saved (bank now 4)
2026-07-21T06:18:12.820780Z --- RETRIEVING SYLLABUS & STUDENT HISTORY in parallel: Immunity in Humans ---
2026-07-21T06:18:13.002379Z --- GENERATING ADAPTIVE MCQ IN BAHASA MELAYU ---
2026-07-21T06:18:14.634862Z   ✓ Q4/4 saved (bank now 5)
2026-07-21T06:18:16.635032Z [42/347] Biology — Coordination and Response in Humans (English): generating 4 question(s)...
2026-07-21T06:18:16.635102Z --- RETRIEVING SYLLABUS & STUDENT HISTORY in parallel: Coordination and Response in Humans ---
2026-07-21T06:18:17.116993Z -> Retrieved 2 textbook chunk(s), 6 DSKP chunk(s)
2026-07-21T06:18:17.117614Z --- GENERATING ADAPTIVE MCQ IN ENGLISH ---
2026-07-21T06:18:18.361835Z   ✓ Q1/4 saved (bank now 2)
2026-07-21T06:18:20.362058Z --- RETRIEVING SYLLABUS & STUDENT HISTORY in parallel: Coordination and Response in Humans ---
2026-07-21T06:18:20.547565Z --- GENERATING ADAPTIVE MCQ IN ENGLISH ---
2026-07-21T06:19:11.139527Z   ✓ Q2/4 saved (bank now 3)
2026-07-21T06:19:13.139772Z --- RETRIEVING SYLLABUS & STUDENT HISTORY in parallel: Coordination and Response in Humans ---
2026-07-21T06:19:13.686139Z --- GENERATING ADAPTIVE MCQ IN ENGLISH ---
2026-07-21T06:19:15.140633Z   ✓ Q3/4 saved (bank now 4)
2026-07-21T06:19:17.140816Z --- RETRIEVING SYLLABUS & STUDENT HISTORY in parallel: Coordination and Response in Humans ---
2026-07-21T06:19:17.319621Z --- GENERATING ADAPTIVE MCQ IN ENGLISH ---
2026-07-21T06:19:18.841746Z   ✓ Q4/4 saved (bank now 5)
2026-07-21T06:19:20.841924Z [43/347] Biology — Coordination and Response in Humans (Bahasa Melayu): generating 4 question(s)...
2026-07-21T06:19:20.842016Z --- RETRIEVING SYLLABUS & STUDENT HISTORY in parallel: Coordination and Response in Humans ---
2026-07-21T06:19:21.031409Z --- GENERATING ADAPTIVE MCQ IN BAHASA MELAYU ---
2026-07-21T06:19:22.107603Z   ✓ Q1/4 saved (bank now 2)
2026-07-21T06:19:24.107762Z --- RETRIEVING SYLLABUS & STUDENT HISTORY in parallel: Coordination and Response in Humans ---
2026-07-21T06:19:24.632930Z --- GENERATING ADAPTIVE MCQ IN BAHASA MELAYU ---
2026-07-21T06:19:26.025070Z   ✓ Q2/4 saved (bank now 3)
2026-07-21T06:19:28.025276Z --- RETRIEVING SYLLABUS & STUDENT HISTORY in parallel: Coordination and Response in Humans ---
2026-07-21T06:19:28.253000Z --- GENERATING ADAPTIVE MCQ IN BAHASA MELAYU ---
2026-07-21T06:19:30.093744Z   ✓ Q3/4 saved (bank now 4)
2026-07-21T06:19:32.093936Z --- RETRIEVING SYLLABUS & STUDENT HISTORY in parallel: Coordination and Response in Humans ---
2026-07-21T06:19:32.584939Z --- GENERATING ADAPTIVE MCQ IN BAHASA MELAYU ---
2026-07-21T06:20:23.334652Z   ✓ Q4/4 saved (bank now 5)
2026-07-21T06:20:25.334918Z [44/347] Biology — Homeostasis and Human Urinary System (English): generating 3 question(s)...
2026-07-21T06:20:25.335013Z --- RETRIEVING SYLLABUS & STUDENT HISTORY in parallel: Homeostasis and Human Urinary System ---
2026-07-21T06:20:25.967647Z -> Retrieved 6 textbook chunk(s), 2 DSKP chunk(s)
2026-07-21T06:20:25.968197Z --- GENERATING ADAPTIVE MCQ IN ENGLISH ---
2026-07-21T06:20:28.003392Z   ✓ Q1/3 saved (bank now 3)
2026-07-21T06:20:30.003628Z --- RETRIEVING SYLLABUS & STUDENT HISTORY in parallel: Homeostasis and Human Urinary System ---
2026-07-21T06:20:30.185419Z --- GENERATING ADAPTIVE MCQ IN ENGLISH ---
2026-07-21T06:20:31.912237Z   ✓ Q2/3 saved (bank now 4)
2026-07-21T06:20:33.912499Z --- RETRIEVING SYLLABUS & STUDENT HISTORY in parallel: Homeostasis and Human Urinary System ---
2026-07-21T06:20:34.114418Z --- GENERATING ADAPTIVE MCQ IN ENGLISH ---
2026-07-21T06:20:35.815695Z   ✓ Q3/3 saved (bank now 5)
2026-07-21T06:20:37.815872Z [45/347] Biology — Homeostasis and Human Urinary System (Bahasa Melayu): generating 4 question(s)...
2026-07-21T06:20:37.815957Z --- RETRIEVING SYLLABUS & STUDENT HISTORY in parallel: Homeostasis and Human Urinary System ---
2026-07-21T06:20:38.007967Z --- GENERATING ADAPTIVE MCQ IN BAHASA MELAYU ---
2026-07-21T06:20:39.798126Z   ✓ Q1/4 saved (bank now 2)
2026-07-21T06:20:41.798382Z --- RETRIEVING SYLLABUS & STUDENT HISTORY in parallel: Homeostasis and Human Urinary System ---
2026-07-21T06:20:41.976830Z --- GENERATING ADAPTIVE MCQ IN BAHASA MELAYU ---
2026-07-21T06:20:43.409860Z   ✓ Q2/4 saved (bank now 3)
2026-07-21T06:20:45.409944Z --- RETRIEVING SYLLABUS & STUDENT HISTORY in parallel: Homeostasis and Human Urinary System ---
2026-07-21T06:20:45.607700Z --- GENERATING ADAPTIVE MCQ IN BAHASA MELAYU ---
2026-07-21T06:21:36.191490Z   ✓ Q3/4 saved (bank now 4)
2026-07-21T06:21:38.191667Z --- RETRIEVING SYLLABUS & STUDENT HISTORY in parallel: Homeostasis and Human Urinary System ---
2026-07-21T06:21:38.390302Z --- GENERATING ADAPTIVE MCQ IN BAHASA MELAYU ---
2026-07-21T06:21:40.744595Z   ✓ Q4/4 saved (bank now 5)
2026-07-21T06:21:42.744831Z [46/347] Biology — Support and Movement in Humans and Animals (English): generating 4 question(s)...
2026-07-21T06:21:42.744911Z --- RETRIEVING SYLLABUS & STUDENT HISTORY in parallel: Support and Movement in Humans and Animals ---
2026-07-21T06:21:43.229411Z -> Retrieved 0 textbook chunk(s), 8 DSKP chunk(s)
2026-07-21T06:21:43.229922Z --- GENERATING ADAPTIVE MCQ IN ENGLISH ---
2026-07-21T06:21:44.368867Z   ✓ Q1/4 saved (bank now 2)
2026-07-21T06:21:46.369114Z --- RETRIEVING SYLLABUS & STUDENT HISTORY in parallel: Support and Movement in Humans and Animals ---
2026-07-21T06:21:46.561108Z --- GENERATING ADAPTIVE MCQ IN ENGLISH ---
2026-07-21T06:21:48.016154Z   ✓ Q2/4 saved (bank now 3)
2026-07-21T06:21:50.016260Z --- RETRIEVING SYLLABUS & STUDENT HISTORY in parallel: Support and Movement in Humans and Animals ---
2026-07-21T06:21:50.205834Z --- GENERATING ADAPTIVE MCQ IN ENGLISH ---
2026-07-21T06:21:51.954875Z   ✓ Q3/4 saved (bank now 4)
2026-07-21T06:21:53.955064Z --- RETRIEVING SYLLABUS & STUDENT HISTORY in parallel: Support and Movement in Humans and Animals ---
2026-07-21T06:21:54.169611Z --- GENERATING ADAPTIVE MCQ IN ENGLISH ---
2026-07-21T06:21:55.456692Z   ✓ Q4/4 saved (bank now 5)
2026-07-21T06:21:57.456853Z [47/347] Biology — Support and Movement in Humans and Animals (Bahasa Melayu): generating 4 question(s)...
2026-07-21T06:21:57.456926Z --- RETRIEVING SYLLABUS & STUDENT HISTORY in parallel: Support and Movement in Humans and Animals ---
2026-07-21T06:21:57.639033Z --- GENERATING ADAPTIVE MCQ IN BAHASA MELAYU ---
2026-07-21T06:22:52.029062Z   ✓ Q1/4 saved (bank now 2)
2026-07-21T06:22:54.029260Z --- RETRIEVING SYLLABUS & STUDENT HISTORY in parallel: Support and Movement in Humans and Animals ---
2026-07-21T06:22:54.319719Z --- GENERATING ADAPTIVE MCQ IN BAHASA MELAYU ---
2026-07-21T06:22:55.611351Z   ✓ Q2/4 saved (bank now 3)
2026-07-21T06:22:57.611557Z --- RETRIEVING SYLLABUS & STUDENT HISTORY in parallel: Support and Movement in Humans and Animals ---
2026-07-21T06:22:57.799989Z --- GENERATING ADAPTIVE MCQ IN BAHASA MELAYU ---
2026-07-21T06:22:58.862845Z   ✓ Q3/4 saved (bank now 4)
2026-07-21T06:23:00.863101Z --- RETRIEVING SYLLABUS & STUDENT HISTORY in parallel: Support and Movement in Humans and Animals ---
2026-07-21T06:23:01.060561Z --- GENERATING ADAPTIVE MCQ IN BAHASA MELAYU ---
2026-07-21T06:23:02.365839Z   ✓ Q4/4 saved (bank now 5)
2026-07-21T06:23:04.366231Z [48/347] Biology — Sexual Reproduction in Humans and Animals (English): generating 3 question(s)...
2026-07-21T06:23:04.366398Z --- RETRIEVING SYLLABUS & STUDENT HISTORY in parallel: Sexual Reproduction in Humans and Animals ---
2026-07-21T06:23:04.895385Z -> Retrieved 4 textbook chunk(s), 4 DSKP chunk(s)
2026-07-21T06:23:04.896086Z --- GENERATING ADAPTIVE MCQ IN ENGLISH ---
2026-07-21T06:23:06.028143Z   ✓ Q1/3 saved (bank now 3)
2026-07-21T06:23:08.028262Z --- RETRIEVING SYLLABUS & STUDENT HISTORY in parallel: Sexual Reproduction in Humans and Animals ---
2026-07-21T06:23:08.209446Z --- GENERATING ADAPTIVE MCQ IN ENGLISH ---
2026-07-21T06:23:09.137481Z   ✓ Q2/3 saved (bank now 4)
2026-07-21T06:23:11.137709Z --- RETRIEVING SYLLABUS & STUDENT HISTORY in parallel: Sexual Reproduction in Humans and Animals ---
2026-07-21T06:23:11.351699Z --- GENERATING ADAPTIVE MCQ IN ENGLISH ---
2026-07-21T06:24:05.640132Z   ✓ Q3/3 saved (bank now 5)
2026-07-21T06:24:07.640299Z [49/347] Biology — Sexual Reproduction in Humans and Animals (Bahasa Melayu): generating 4 question(s)...
2026-07-21T06:24:07.640426Z --- RETRIEVING SYLLABUS & STUDENT HISTORY in parallel: Sexual Reproduction in Humans and Animals ---
2026-07-21T06:24:08.155419Z --- GENERATING ADAPTIVE MCQ IN BAHASA MELAYU ---
2026-07-21T06:24:09.807667Z   ✓ Q1/4 saved (bank now 2)
2026-07-21T06:24:11.807885Z --- RETRIEVING SYLLABUS & STUDENT HISTORY in parallel: Sexual Reproduction in Humans and Animals ---
2026-07-21T06:24:11.998404Z --- GENERATING ADAPTIVE MCQ IN BAHASA MELAYU ---
2026-07-21T06:24:13.072050Z   ✓ Q2/4 saved (bank now 3)
2026-07-21T06:24:15.072229Z --- RETRIEVING SYLLABUS & STUDENT HISTORY in parallel: Sexual Reproduction in Humans and Animals ---
2026-07-21T06:24:15.571870Z --- GENERATING ADAPTIVE MCQ IN BAHASA MELAYU ---
2026-07-21T06:24:17.038848Z   ✓ Q3/4 saved (bank now 4)
2026-07-21T06:24:19.039010Z --- RETRIEVING SYLLABUS & STUDENT HISTORY in parallel: Sexual Reproduction in Humans and Animals ---
2026-07-21T06:24:19.220842Z --- GENERATING ADAPTIVE MCQ IN BAHASA MELAYU ---
2026-07-21T06:24:20.477637Z   ✓ Q4/4 saved (bank now 5)
2026-07-21T06:24:22.477906Z [50/347] Biology — Organisation of Plant Tissues and Growth (English): generating 4 question(s)...
2026-07-21T06:24:22.477994Z --- RETRIEVING SYLLABUS & STUDENT HISTORY in parallel: Organisation of Plant Tissues and Growth ---
2026-07-21T06:24:22.956239Z -> Retrieved 4 textbook chunk(s), 4 DSKP chunk(s)
2026-07-21T06:24:22.956931Z --- GENERATING ADAPTIVE MCQ IN ENGLISH ---
2026-07-21T06:24:24.590383Z   ✓ Q1/4 saved (bank now 2)
2026-07-21T06:24:26.590645Z --- RETRIEVING SYLLABUS & STUDENT HISTORY in parallel: Organisation of Plant Tissues and Growth ---
2026-07-21T06:24:26.766517Z --- GENERATING ADAPTIVE MCQ IN ENGLISH ---
2026-07-21T06:25:21.195511Z   ✓ Q2/4 saved (bank now 3)
2026-07-21T06:25:23.195794Z --- RETRIEVING SYLLABUS & STUDENT HISTORY in parallel: Organisation of Plant Tissues and Growth ---
2026-07-21T06:25:23.403283Z --- GENERATING ADAPTIVE MCQ IN ENGLISH ---
2026-07-21T06:25:24.504591Z   ✓ Q3/4 saved (bank now 4)
2026-07-21T06:25:26.504821Z --- RETRIEVING SYLLABUS & STUDENT HISTORY in parallel: Organisation of Plant Tissues and Growth ---
2026-07-21T06:25:26.691143Z --- GENERATING ADAPTIVE MCQ IN ENGLISH ---
2026-07-21T06:25:27.952386Z   ✓ Q4/4 saved (bank now 5)
2026-07-21T06:25:29.952550Z [51/347] Biology — Organisation of Plant Tissues and Growth (Bahasa Melayu): generating 4 question(s)...
2026-07-21T06:25:29.952634Z --- RETRIEVING SYLLABUS & STUDENT HISTORY in parallel: Organisation of Plant Tissues and Growth ---
2026-07-21T06:25:30.150143Z --- GENERATING ADAPTIVE MCQ IN BAHASA MELAYU ---
2026-07-21T06:25:32.406398Z   ✓ Q1/4 saved (bank now 2)
2026-07-21T06:25:34.406619Z --- RETRIEVING SYLLABUS & STUDENT HISTORY in parallel: Organisation of Plant Tissues and Growth ---
2026-07-21T06:25:34.582439Z --- GENERATING ADAPTIVE MCQ IN BAHASA MELAYU ---
2026-07-21T06:25:35.834597Z   ✓ Q2/4 saved (bank now 3)
2026-07-21T06:25:37.834844Z --- RETRIEVING SYLLABUS & STUDENT HISTORY in parallel: Organisation of Plant Tissues and Growth ---
2026-07-21T06:25:38.381528Z --- GENERATING ADAPTIVE MCQ IN BAHASA MELAYU ---
2026-07-21T06:25:39.478233Z   ✓ Q3/4 saved (bank now 4)
2026-07-21T06:25:41.478511Z --- RETRIEVING SYLLABUS & STUDENT HISTORY in parallel: Organisation of Plant Tissues and Growth ---
2026-07-21T06:25:41.662829Z --- GENERATING ADAPTIVE MCQ IN BAHASA MELAYU ---
2026-07-21T06:26:35.984090Z   ✓ Q4/4 saved (bank now 5)
2026-07-21T06:26:37.984305Z [52/347] Biology — Nutrition in Plants (English): generating 4 question(s)...
2026-07-21T06:26:37.984430Z --- RETRIEVING SYLLABUS & STUDENT HISTORY in parallel: Nutrition in Plants ---
2026-07-21T06:26:38.434624Z -> Retrieved 2 textbook chunk(s), 6 DSKP chunk(s)
2026-07-21T06:26:38.435225Z --- GENERATING ADAPTIVE MCQ IN ENGLISH ---
2026-07-21T06:26:39.553729Z   ✓ Q1/4 saved (bank now 2)
2026-07-21T06:26:41.553973Z --- RETRIEVING SYLLABUS & STUDENT HISTORY in parallel: Nutrition in Plants ---
2026-07-21T06:26:41.747548Z --- GENERATING ADAPTIVE MCQ IN ENGLISH ---
2026-07-21T06:26:42.809995Z   ✓ Q2/4 saved (bank now 3)
2026-07-21T06:26:44.810143Z --- RETRIEVING SYLLABUS & STUDENT HISTORY in parallel: Nutrition in Plants ---
2026-07-21T06:26:44.997549Z --- GENERATING ADAPTIVE MCQ IN ENGLISH ---
2026-07-21T06:26:46.336867Z   ✓ Q3/4 saved (bank now 4)
2026-07-21T06:26:48.337064Z --- RETRIEVING SYLLABUS & STUDENT HISTORY in parallel: Nutrition in Plants ---
2026-07-21T06:26:48.523688Z --- GENERATING ADAPTIVE MCQ IN ENGLISH ---
2026-07-21T06:26:49.760573Z   ✓ Q4/4 saved (bank now 5)
2026-07-21T06:26:51.760733Z [53/347] Biology — Nutrition in Plants (Bahasa Melayu): generating 4 question(s)...
2026-07-21T06:26:51.760837Z --- RETRIEVING SYLLABUS & STUDENT HISTORY in parallel: Nutrition in Plants ---
2026-07-21T06:26:51.946043Z --- GENERATING ADAPTIVE MCQ IN BAHASA MELAYU ---
2026-07-21T06:26:53.701414Z   ✓ Q1/4 saved (bank now 2)
2026-07-21T06:26:55.701550Z --- RETRIEVING SYLLABUS & STUDENT HISTORY in parallel: Nutrition in Plants ---
2026-07-21T06:26:55.893461Z --- GENERATING ADAPTIVE MCQ IN BAHASA MELAYU ---
2026-07-21T06:27:51.269982Z   ✓ Q2/4 saved (bank now 3)
2026-07-21T06:27:53.270176Z --- RETRIEVING SYLLABUS & STUDENT HISTORY in parallel: Nutrition in Plants ---
2026-07-21T06:27:53.457846Z --- GENERATING ADAPTIVE MCQ IN BAHASA MELAYU ---
2026-07-21T06:27:57.052641Z   ✓ Q3/4 saved (bank now 4)
2026-07-21T06:27:59.052855Z --- RETRIEVING SYLLABUS & STUDENT HISTORY in parallel: Nutrition in Plants ---
2026-07-21T06:27:59.232793Z --- GENERATING ADAPTIVE MCQ IN BAHASA MELAYU ---
2026-07-21T06:28:01.052561Z   ✓ Q4/4 saved (bank now 5)
2026-07-21T06:28:03.052834Z [54/347] Biology — Transport in Plants (English): generating 4 question(s)...
2026-07-21T06:28:03.052917Z --- RETRIEVING SYLLABUS & STUDENT HISTORY in parallel: Transport in Plants ---
2026-07-21T06:28:03.494222Z -> Retrieved 5 textbook chunk(s), 3 DSKP chunk(s)
2026-07-21T06:28:03.494605Z --- GENERATING ADAPTIVE MCQ IN ENGLISH ---
2026-07-21T06:28:04.881662Z   ✓ Q1/4 saved (bank now 2)
2026-07-21T06:28:06.881853Z --- RETRIEVING SYLLABUS & STUDENT HISTORY in parallel: Transport in Plants ---
2026-07-21T06:28:07.069769Z --- GENERATING ADAPTIVE MCQ IN ENGLISH ---
2026-07-21T06:28:08.262699Z   ✓ Q2/4 saved (bank now 3)
2026-07-21T06:28:10.262860Z --- RETRIEVING SYLLABUS & STUDENT HISTORY in parallel: Transport in Plants ---
2026-07-21T06:28:10.451446Z --- GENERATING ADAPTIVE MCQ IN ENGLISH ---
2026-07-21T06:28:12.194835Z   ✓ Q3/4 saved (bank now 4)
2026-07-21T06:28:14.195071Z --- RETRIEVING SYLLABUS & STUDENT HISTORY in parallel: Transport in Plants ---
2026-07-21T06:28:14.387083Z --- GENERATING ADAPTIVE MCQ IN ENGLISH ---
2026-07-21T06:29:05.148575Z   ✓ Q4/4 saved (bank now 5)
2026-07-21T06:29:07.148666Z [55/347] Biology — Transport in Plants (Bahasa Melayu): generating 4 question(s)...
2026-07-21T06:29:07.148753Z --- RETRIEVING SYLLABUS & STUDENT HISTORY in parallel: Transport in Plants ---
2026-07-21T06:29:07.336565Z --- GENERATING ADAPTIVE MCQ IN BAHASA MELAYU ---
2026-07-21T06:29:08.771531Z   ✓ Q1/4 saved (bank now 2)
2026-07-21T06:29:10.771759Z --- RETRIEVING SYLLABUS & STUDENT HISTORY in parallel: Transport in Plants ---
2026-07-21T06:29:10.949679Z --- GENERATING ADAPTIVE MCQ IN BAHASA MELAYU ---
2026-07-21T06:29:12.786031Z   ✓ Q2/4 saved (bank now 3)
2026-07-21T06:29:14.786281Z --- RETRIEVING SYLLABUS & STUDENT HISTORY in parallel: Transport in Plants ---
2026-07-21T06:29:15.326765Z --- GENERATING ADAPTIVE MCQ IN BAHASA MELAYU ---
2026-07-21T06:29:17.685485Z   ✓ Q3/4 saved (bank now 4)
2026-07-21T06:29:19.685713Z --- RETRIEVING SYLLABUS & STUDENT HISTORY in parallel: Transport in Plants ---
2026-07-21T06:29:19.875128Z --- GENERATING ADAPTIVE MCQ IN BAHASA MELAYU ---
2026-07-21T06:29:21.458746Z   ✓ Q4/4 saved (bank now 5)
2026-07-21T06:29:23.458980Z [56/347] Biology — Responses in Plants (English): generating 4 question(s)...
2026-07-21T06:29:23.459058Z --- RETRIEVING SYLLABUS & STUDENT HISTORY in parallel: Responses in Plants ---
2026-07-21T06:29:23.817957Z -> Retrieved 0 textbook chunk(s), 8 DSKP chunk(s)
2026-07-21T06:29:23.818494Z --- GENERATING ADAPTIVE MCQ IN ENGLISH ---
2026-07-21T06:29:25.013572Z   ✓ Q1/4 saved (bank now 2)
2026-07-21T06:29:27.013843Z --- RETRIEVING SYLLABUS & STUDENT HISTORY in parallel: Responses in Plants ---
2026-07-21T06:29:27.200890Z --- GENERATING ADAPTIVE MCQ IN ENGLISH ---
2026-07-21T06:29:28.369110Z   ✓ Q2/4 saved (bank now 3)
2026-07-21T06:29:30.369388Z --- RETRIEVING SYLLABUS & STUDENT HISTORY in parallel: Responses in Plants ---
2026-07-21T06:29:30.570842Z --- GENERATING ADAPTIVE MCQ IN ENGLISH ---
2026-07-21T06:30:28.774550Z   ✓ Q3/4 saved (bank now 4)
2026-07-21T06:30:30.774739Z --- RETRIEVING SYLLABUS & STUDENT HISTORY in parallel: Responses in Plants ---
2026-07-21T06:30:30.966417Z --- GENERATING ADAPTIVE MCQ IN ENGLISH ---
2026-07-21T06:30:31.998148Z   ✓ Q4/4 saved (bank now 5)
2026-07-21T06:30:33.998341Z [57/347] Biology — Responses in Plants (Bahasa Melayu): generating 4 question(s)...
2026-07-21T06:30:33.998419Z --- RETRIEVING SYLLABUS & STUDENT HISTORY in parallel: Responses in Plants ---
2026-07-21T06:30:34.201094Z --- GENERATING ADAPTIVE MCQ IN BAHASA MELAYU ---
2026-07-21T06:30:36.303958Z   ✓ Q1/4 saved (bank now 2)
2026-07-21T06:30:38.304172Z --- RETRIEVING SYLLABUS & STUDENT HISTORY in parallel: Responses in Plants ---
2026-07-21T06:30:38.488702Z --- GENERATING ADAPTIVE MCQ IN BAHASA MELAYU ---
2026-07-21T06:30:40.184297Z   ✓ Q2/4 saved (bank now 3)
2026-07-21T06:30:42.184551Z --- RETRIEVING SYLLABUS & STUDENT HISTORY in parallel: Responses in Plants ---
2026-07-21T06:30:42.379792Z --- GENERATING ADAPTIVE MCQ IN BAHASA MELAYU ---
2026-07-21T06:30:43.656617Z   ✓ Q3/4 saved (bank now 4)
2026-07-21T06:30:45.656794Z --- RETRIEVING SYLLABUS & STUDENT HISTORY in parallel: Responses in Plants ---
2026-07-21T06:30:45.851447Z --- GENERATING ADAPTIVE MCQ IN BAHASA MELAYU ---
2026-07-21T06:30:47.108117Z   ✓ Q4/4 saved (bank now 5)
2026-07-21T06:30:49.108400Z [58/347] Biology — Sexual Reproduction in Plants (English): generating 4 question(s)...
2026-07-21T06:30:49.108478Z --- RETRIEVING SYLLABUS & STUDENT HISTORY in parallel: Sexual Reproduction in Plants ---
2026-07-21T06:30:49.620818Z -> Retrieved 5 textbook chunk(s), 3 DSKP chunk(s)
2026-07-21T06:30:49.621386Z --- GENERATING ADAPTIVE MCQ IN ENGLISH ---
2026-07-21T06:31:44.458986Z   ✓ Q1/4 saved (bank now 2)
2026-07-21T06:31:46.459282Z --- RETRIEVING SYLLABUS & STUDENT HISTORY in parallel: Sexual Reproduction in Plants ---
2026-07-21T06:31:46.646640Z --- GENERATING ADAPTIVE MCQ IN ENGLISH ---
2026-07-21T06:31:48.205059Z   ✓ Q2/4 saved (bank now 3)
2026-07-21T06:31:50.205222Z --- RETRIEVING SYLLABUS & STUDENT HISTORY in parallel: Sexual Reproduction in Plants ---
2026-07-21T06:31:50.406162Z --- GENERATING ADAPTIVE MCQ IN ENGLISH ---
2026-07-21T06:31:51.704392Z   ✓ Q3/4 saved (bank now 4)
2026-07-21T06:31:53.704545Z --- RETRIEVING SYLLABUS & STUDENT HISTORY in parallel: Sexual Reproduction in Plants ---
2026-07-21T06:31:53.896836Z --- GENERATING ADAPTIVE MCQ IN ENGLISH ---
2026-07-21T06:31:55.015404Z   ✓ Q4/4 saved (bank now 5)
2026-07-21T06:31:57.015615Z [59/347] Biology — Sexual Reproduction in Plants (Bahasa Melayu): generating 4 question(s)...
2026-07-21T06:31:57.015698Z --- RETRIEVING SYLLABUS & STUDENT HISTORY in parallel: Sexual Reproduction in Plants ---
2026-07-21T06:31:57.217562Z --- GENERATING ADAPTIVE MCQ IN BAHASA MELAYU ---
2026-07-21T06:31:58.653020Z   ✓ Q1/4 saved (bank now 2)
2026-07-21T06:32:00.653377Z --- RETRIEVING SYLLABUS & STUDENT HISTORY in parallel: Sexual Reproduction in Plants ---
2026-07-21T06:32:00.843662Z --- GENERATING ADAPTIVE MCQ IN BAHASA MELAYU ---
2026-07-21T06:32:01.794117Z   ✓ Q2/4 saved (bank now 3)
2026-07-21T06:32:03.794287Z --- RETRIEVING SYLLABUS & STUDENT HISTORY in parallel: Sexual Reproduction in Plants ---
2026-07-21T06:32:03.996210Z --- GENERATING ADAPTIVE MCQ IN BAHASA MELAYU ---
2026-07-21T06:32:58.749604Z   ✓ Q3/4 saved (bank now 4)
2026-07-21T06:33:00.749760Z --- RETRIEVING SYLLABUS & STUDENT HISTORY in parallel: Sexual Reproduction in Plants ---
2026-07-21T06:33:00.938895Z --- GENERATING ADAPTIVE MCQ IN BAHASA MELAYU ---
2026-07-21T06:33:02.268901Z   ✓ Q4/4 saved (bank now 5)
2026-07-21T06:33:04.269145Z [60/347] Biology — Biodiversity (English): generating 4 question(s)...
2026-07-21T06:33:04.269222Z --- RETRIEVING SYLLABUS & STUDENT HISTORY in parallel: Biodiversity ---
2026-07-21T06:33:04.945513Z -> Retrieved 1 textbook chunk(s), 7 DSKP chunk(s)
2026-07-21T06:33:04.946065Z --- GENERATING ADAPTIVE MCQ IN ENGLISH ---
2026-07-21T06:33:06.227162Z   ✓ Q1/4 saved (bank now 2)
2026-07-21T06:33:08.227398Z --- RETRIEVING SYLLABUS & STUDENT HISTORY in parallel: Biodiversity ---
2026-07-21T06:33:08.419748Z --- GENERATING ADAPTIVE MCQ IN ENGLISH ---
2026-07-21T06:33:09.661890Z   ✓ Q2/4 saved (bank now 3)
2026-07-21T06:33:11.662124Z --- RETRIEVING SYLLABUS & STUDENT HISTORY in parallel: Biodiversity ---
2026-07-21T06:33:11.847691Z --- GENERATING ADAPTIVE MCQ IN ENGLISH ---
2026-07-21T06:33:13.305996Z   ✓ Q3/4 saved (bank now 4)
2026-07-21T06:33:15.306231Z --- RETRIEVING SYLLABUS & STUDENT HISTORY in parallel: Biodiversity ---
2026-07-21T06:33:15.498574Z --- GENERATING ADAPTIVE MCQ IN ENGLISH ---
2026-07-21T06:33:16.932432Z   ✓ Q4/4 saved (bank now 5)
2026-07-21T06:33:18.932609Z [61/347] Biology — Biodiversity (Bahasa Melayu): generating 4 question(s)...
2026-07-21T06:33:18.932682Z --- RETRIEVING SYLLABUS & STUDENT HISTORY in parallel: Biodiversity ---
2026-07-21T06:33:19.126237Z --- GENERATING ADAPTIVE MCQ IN BAHASA MELAYU ---
2026-07-21T06:34:14.598145Z   ✓ Q1/4 saved (bank now 2)
2026-07-21T06:34:16.598277Z --- RETRIEVING SYLLABUS & STUDENT HISTORY in parallel: Biodiversity ---
2026-07-21T06:34:17.132051Z --- GENERATING ADAPTIVE MCQ IN BAHASA MELAYU ---
2026-07-21T06:34:18.438993Z   ✓ Q2/4 saved (bank now 3)
2026-07-21T06:34:20.439206Z --- RETRIEVING SYLLABUS & STUDENT HISTORY in parallel: Biodiversity ---
2026-07-21T06:34:20.636839Z --- GENERATING ADAPTIVE MCQ IN BAHASA MELAYU ---
2026-07-21T06:34:22.024449Z   ✓ Q3/4 saved (bank now 4)
2026-07-21T06:34:24.024526Z --- RETRIEVING SYLLABUS & STUDENT HISTORY in parallel: Biodiversity ---
2026-07-21T06:34:24.214699Z --- GENERATING ADAPTIVE MCQ IN BAHASA MELAYU ---
2026-07-21T06:34:25.452562Z   ✓ Q4/4 saved (bank now 5)
2026-07-21T06:34:27.452680Z [62/347] Biology — Ecosystem (English): generating 4 question(s)...
2026-07-21T06:34:27.452745Z --- RETRIEVING SYLLABUS & STUDENT HISTORY in parallel: Ecosystem ---
2026-07-21T06:34:28.236616Z -> Retrieved 0 textbook chunk(s), 8 DSKP chunk(s)
2026-07-21T06:34:28.237122Z --- GENERATING ADAPTIVE MCQ IN ENGLISH ---
2026-07-21T06:34:29.852866Z   ✓ Q1/4 saved (bank now 2)
2026-07-21T06:34:31.852952Z --- RETRIEVING SYLLABUS & STUDENT HISTORY in parallel: Ecosystem ---
2026-07-21T06:34:32.050941Z --- GENERATING ADAPTIVE MCQ IN ENGLISH ---
2026-07-21T06:34:33.941777Z   ✓ Q2/4 saved (bank now 3)
2026-07-21T06:34:35.942002Z --- RETRIEVING SYLLABUS & STUDENT HISTORY in parallel: Ecosystem ---
2026-07-21T06:34:36.152121Z --- GENERATING ADAPTIVE MCQ IN ENGLISH ---
2026-07-21T06:34:37.527030Z   ✓ Q3/4 saved (bank now 4)
2026-07-21T06:34:39.527241Z --- RETRIEVING SYLLABUS & STUDENT HISTORY in parallel: Ecosystem ---
2026-07-21T06:34:40.056526Z --- GENERATING ADAPTIVE MCQ IN ENGLISH ---
2026-07-21T06:35:37.785056Z   ✓ Q4/4 saved (bank now 5)
2026-07-21T06:35:39.785303Z [63/347] Biology — Ecosystem (Bahasa Melayu): generating 4 question(s)...
2026-07-21T06:35:39.785438Z --- RETRIEVING SYLLABUS & STUDENT HISTORY in parallel: Ecosystem ---
2026-07-21T06:35:39.973744Z --- GENERATING ADAPTIVE MCQ IN BAHASA MELAYU ---
2026-07-21T06:35:41.338556Z   ✓ Q1/4 saved (bank now 2)
2026-07-21T06:35:43.338784Z --- RETRIEVING SYLLABUS & STUDENT HISTORY in parallel: Ecosystem ---
2026-07-21T06:35:43.531597Z --- GENERATING ADAPTIVE MCQ IN BAHASA MELAYU ---
2026-07-21T06:35:44.783718Z   ✓ Q2/4 saved (bank now 3)
2026-07-21T06:35:46.783902Z --- RETRIEVING SYLLABUS & STUDENT HISTORY in parallel: Ecosystem ---
2026-07-21T06:35:46.968979Z --- GENERATING ADAPTIVE MCQ IN BAHASA MELAYU ---
2026-07-21T06:35:48.058555Z   ✓ Q3/4 saved (bank now 4)
2026-07-21T06:35:50.058757Z --- RETRIEVING SYLLABUS & STUDENT HISTORY in parallel: Ecosystem ---
2026-07-21T06:35:50.251820Z --- GENERATING ADAPTIVE MCQ IN BAHASA MELAYU ---
2026-07-21T06:35:51.478080Z   ✓ Q4/4 saved (bank now 5)
2026-07-21T06:35:53.478223Z [64/347] Biology — Environmental Sustainability (English): generating 4 question(s)...
2026-07-21T06:35:53.478282Z --- RETRIEVING SYLLABUS & STUDENT HISTORY in parallel: Environmental Sustainability ---
2026-07-21T06:35:54.010180Z -> Retrieved 0 textbook chunk(s), 8 DSKP chunk(s)
2026-07-21T06:35:54.010830Z --- GENERATING ADAPTIVE MCQ IN ENGLISH ---
2026-07-21T06:35:55.334114Z   ✓ Q1/4 saved (bank now 2)
2026-07-21T06:35:57.334405Z --- RETRIEVING SYLLABUS & STUDENT HISTORY in parallel: Environmental Sustainability ---
2026-07-21T06:35:57.522910Z --- GENERATING ADAPTIVE MCQ IN ENGLISH ---
2026-07-21T06:36:52.067886Z   ✓ Q2/4 saved (bank now 3)
2026-07-21T06:36:54.068033Z --- RETRIEVING SYLLABUS & STUDENT HISTORY in parallel: Environmental Sustainability ---
2026-07-21T06:36:54.634718Z --- GENERATING ADAPTIVE MCQ IN ENGLISH ---
2026-07-21T06:36:55.876087Z   ✓ Q3/4 saved (bank now 4)
2026-07-21T06:36:57.876363Z --- RETRIEVING SYLLABUS & STUDENT HISTORY in parallel: Environmental Sustainability ---
2026-07-21T06:36:58.073484Z --- GENERATING ADAPTIVE MCQ IN ENGLISH ---
2026-07-21T06:36:59.854898Z   ✓ Q4/4 saved (bank now 5)
2026-07-21T06:37:01.855141Z [65/347] Biology — Environmental Sustainability (Bahasa Melayu): generating 4 question(s)...
2026-07-21T06:37:01.855243Z --- RETRIEVING SYLLABUS & STUDENT HISTORY in parallel: Environmental Sustainability ---
2026-07-21T06:37:02.042748Z --- GENERATING ADAPTIVE MCQ IN BAHASA MELAYU ---
2026-07-21T06:37:03.512838Z   ✓ Q1/4 saved (bank now 2)
2026-07-21T06:37:05.512998Z --- RETRIEVING SYLLABUS & STUDENT HISTORY in parallel: Environmental Sustainability ---
2026-07-21T06:37:05.700006Z --- GENERATING ADAPTIVE MCQ IN BAHASA MELAYU ---
2026-07-21T06:37:07.110585Z   ✓ Q2/4 saved (bank now 3)
2026-07-21T06:37:09.110839Z --- RETRIEVING SYLLABUS & STUDENT HISTORY in parallel: Environmental Sustainability ---
2026-07-21T06:37:09.302233Z --- GENERATING ADAPTIVE MCQ IN BAHASA MELAYU ---
2026-07-21T06:37:10.599976Z   ✓ Q3/4 saved (bank now 4)
2026-07-21T06:37:12.600231Z --- RETRIEVING SYLLABUS & STUDENT HISTORY in parallel: Environmental Sustainability ---
2026-07-21T06:37:12.791305Z --- GENERATING ADAPTIVE MCQ IN BAHASA MELAYU ---
2026-07-21T06:38:04.894237Z   ✓ Q4/4 saved (bank now 5)
2026-07-21T06:38:06.894423Z [66/347] Biology — Inheritance (English): generating 4 question(s)...
2026-07-21T06:38:06.894554Z --- RETRIEVING SYLLABUS & STUDENT HISTORY in parallel: Inheritance ---
2026-07-21T06:38:07.482453Z -> Retrieved 1 textbook chunk(s), 7 DSKP chunk(s)
2026-07-21T06:38:07.483033Z --- GENERATING ADAPTIVE MCQ IN ENGLISH ---
2026-07-21T06:38:08.940651Z   ✓ Q1/4 saved (bank now 2)
2026-07-21T06:38:10.940887Z --- RETRIEVING SYLLABUS & STUDENT HISTORY in parallel: Inheritance ---
2026-07-21T06:38:11.133384Z --- GENERATING ADAPTIVE MCQ IN ENGLISH ---
2026-07-21T06:38:12.561606Z   ✓ Q2/4 saved (bank now 3)
2026-07-21T06:38:14.561787Z --- RETRIEVING SYLLABUS & STUDENT HISTORY in parallel: Inheritance ---
2026-07-21T06:38:14.744887Z --- GENERATING ADAPTIVE MCQ IN ENGLISH ---
2026-07-21T06:38:16.410480Z -> Cerebras: cooling for 65s.
2026-07-21T06:38:18.238912Z   ✓ Q3/4 saved (bank now 4)
2026-07-21T06:38:20.239202Z --- RETRIEVING SYLLABUS & STUDENT HISTORY in parallel: Inheritance ---
2026-07-21T06:38:20.425396Z --- GENERATING ADAPTIVE MCQ IN ENGLISH ---
2026-07-21T06:38:22.465529Z   ✓ Q4/4 saved (bank now 5)
2026-07-21T06:38:24.465707Z [67/347] Biology — Inheritance (Bahasa Melayu): generating 4 question(s)...
2026-07-21T06:38:24.465792Z --- RETRIEVING SYLLABUS & STUDENT HISTORY in parallel: Inheritance ---
2026-07-21T06:38:24.654436Z --- GENERATING ADAPTIVE MCQ IN BAHASA MELAYU ---
2026-07-21T06:38:26.811962Z   ✓ Q1/4 saved (bank now 2)
2026-07-21T06:38:28.812213Z --- RETRIEVING SYLLABUS & STUDENT HISTORY in parallel: Inheritance ---
2026-07-21T06:38:29.001009Z --- GENERATING ADAPTIVE MCQ IN BAHASA MELAYU ---
2026-07-21T06:38:31.051620Z   ✓ Q2/4 saved (bank now 3)
2026-07-21T06:38:33.051890Z --- RETRIEVING SYLLABUS & STUDENT HISTORY in parallel: Inheritance ---
2026-07-21T06:38:33.239699Z --- GENERATING ADAPTIVE MCQ IN BAHASA MELAYU ---
2026-07-21T06:38:35.454418Z   ✓ Q3/4 saved (bank now 4)
2026-07-21T06:38:37.454525Z --- RETRIEVING SYLLABUS & STUDENT HISTORY in parallel: Inheritance ---
2026-07-21T06:38:37.639692Z --- GENERATING ADAPTIVE MCQ IN BAHASA MELAYU ---
2026-07-21T06:38:50.235150Z   ✓ Q4/4 saved (bank now 5)
2026-07-21T06:38:52.235393Z [68/347] Biology — Variation (English): generating 4 question(s)...
2026-07-21T06:38:52.235498Z --- RETRIEVING SYLLABUS & STUDENT HISTORY in parallel: Variation ---
2026-07-21T06:38:52.870134Z -> Retrieved 0 textbook chunk(s), 8 DSKP chunk(s)
2026-07-21T06:38:52.870403Z --- GENERATING ADAPTIVE MCQ IN ENGLISH ---
2026-07-21T06:38:54.755722Z   ✓ Q1/4 saved (bank now 2)
2026-07-21T06:38:56.755857Z --- RETRIEVING SYLLABUS & STUDENT HISTORY in parallel: Variation ---
2026-07-21T06:38:56.942631Z --- GENERATING ADAPTIVE MCQ IN ENGLISH ---
2026-07-21T06:39:07.059121Z   ✓ Q2/4 saved (bank now 3)
2026-07-21T06:39:09.059338Z --- RETRIEVING SYLLABUS & STUDENT HISTORY in parallel: Variation ---
2026-07-21T06:39:09.262544Z --- GENERATING ADAPTIVE MCQ IN ENGLISH ---
2026-07-21T06:39:11.515931Z   ✓ Q3/4 saved (bank now 4)
2026-07-21T06:39:13.516202Z --- RETRIEVING SYLLABUS & STUDENT HISTORY in parallel: Variation ---
2026-07-21T06:39:13.709996Z --- GENERATING ADAPTIVE MCQ IN ENGLISH ---
2026-07-21T06:39:17.381807Z   ✓ Q4/4 saved (bank now 5)
2026-07-21T06:39:19.382003Z [69/347] Biology — Variation (Bahasa Melayu): generating 4 question(s)...
2026-07-21T06:39:19.382081Z --- RETRIEVING SYLLABUS & STUDENT HISTORY in parallel: Variation ---
2026-07-21T06:39:19.576933Z --- GENERATING ADAPTIVE MCQ IN BAHASA MELAYU ---
2026-07-21T06:39:32.877764Z   ✓ Q1/4 saved (bank now 2)
2026-07-21T06:39:34.878020Z --- RETRIEVING SYLLABUS & STUDENT HISTORY in parallel: Variation ---
2026-07-21T06:39:35.075977Z --- GENERATING ADAPTIVE MCQ IN BAHASA MELAYU ---
2026-07-21T06:39:36.411079Z   ✓ Q2/4 saved (bank now 3)
2026-07-21T06:39:38.411352Z --- RETRIEVING SYLLABUS & STUDENT HISTORY in parallel: Variation ---
2026-07-21T06:39:38.596239Z --- GENERATING ADAPTIVE MCQ IN BAHASA MELAYU ---
2026-07-21T06:39:39.783405Z   ✓ Q3/4 saved (bank now 4)
2026-07-21T06:39:41.783582Z --- RETRIEVING SYLLABUS & STUDENT HISTORY in parallel: Variation ---
2026-07-21T06:39:41.975807Z --- GENERATING ADAPTIVE MCQ IN BAHASA MELAYU ---
2026-07-21T06:39:43.396656Z   ✓ Q4/4 saved (bank now 5)
2026-07-21T06:39:45.396902Z [70/347] Biology — Genetic Engineering and Biotechnology (English): generating 4 question(s)...
2026-07-21T06:39:45.397016Z --- RETRIEVING SYLLABUS & STUDENT HISTORY in parallel: Genetic Engineering and Biotechnology ---
2026-07-21T06:39:45.824103Z -> Retrieved 5 textbook chunk(s), 3 DSKP chunk(s)
2026-07-21T06:39:45.824539Z --- GENERATING ADAPTIVE MCQ IN ENGLISH ---
2026-07-21T06:39:47.718678Z -> Cerebras: cooling for 65s.
2026-07-21T06:39:49.828255Z   ✓ Q1/4 saved (bank now 2)
2026-07-21T06:39:51.828471Z --- RETRIEVING SYLLABUS & STUDENT HISTORY in parallel: Genetic Engineering and Biotechnology ---
2026-07-21T06:39:52.023576Z --- GENERATING ADAPTIVE MCQ IN ENGLISH ---
2026-07-21T06:40:10.412091Z   ✓ Q2/4 saved (bank now 3)
2026-07-21T06:40:12.412386Z --- RETRIEVING SYLLABUS & STUDENT HISTORY in parallel: Genetic Engineering and Biotechnology ---
2026-07-21T06:40:12.950586Z --- GENERATING ADAPTIVE MCQ IN ENGLISH ---
2026-07-21T06:40:26.137829Z   ✓ Q3/4 saved (bank now 4)
2026-07-21T06:40:28.138111Z --- RETRIEVING SYLLABUS & STUDENT HISTORY in parallel: Genetic Engineering and Biotechnology ---
2026-07-21T06:40:28.321930Z --- GENERATING ADAPTIVE MCQ IN ENGLISH ---
2026-07-21T06:40:44.264196Z   ✓ Q4/4 saved (bank now 5)
2026-07-21T06:40:46.264558Z [71/347] Biology — Genetic Engineering and Biotechnology (Bahasa Melayu): generating 4 question(s)...
2026-07-21T06:40:46.264651Z --- RETRIEVING SYLLABUS & STUDENT HISTORY in parallel: Genetic Engineering and Biotechnology ---
2026-07-21T06:40:46.458984Z --- GENERATING ADAPTIVE MCQ IN BAHASA MELAYU ---
2026-07-21T06:41:00.778083Z   ✓ Q1/4 saved (bank now 2)
2026-07-21T06:41:02.778343Z --- RETRIEVING SYLLABUS & STUDENT HISTORY in parallel: Genetic Engineering and Biotechnology ---
2026-07-21T06:41:02.981072Z --- GENERATING ADAPTIVE MCQ IN BAHASA MELAYU ---
2026-07-21T06:41:05.012546Z   ✓ Q2/4 saved (bank now 3)
2026-07-21T06:41:07.012824Z --- RETRIEVING SYLLABUS & STUDENT HISTORY in parallel: Genetic Engineering and Biotechnology ---
2026-07-21T06:41:07.363866Z --- GENERATING ADAPTIVE MCQ IN BAHASA MELAYU ---
2026-07-21T06:41:09.015018Z   ✓ Q3/4 saved (bank now 4)
2026-07-21T06:41:11.015274Z --- RETRIEVING SYLLABUS & STUDENT HISTORY in parallel: Genetic Engineering and Biotechnology ---
2026-07-21T06:41:11.582134Z --- GENERATING ADAPTIVE MCQ IN BAHASA MELAYU ---
2026-07-21T06:41:12.945361Z   ✓ Q4/4 saved (bank now 5)
2026-07-21T06:41:14.945590Z [72/347] Chemistry — Introduction to Chemistry (English): generating 4 question(s)...
2026-07-21T06:41:14.945694Z --- RETRIEVING SYLLABUS & STUDENT HISTORY in parallel: Introduction to Chemistry ---
2026-07-21T06:41:15.739566Z -> Retrieved 0 textbook chunk(s), 8 DSKP chunk(s)
2026-07-21T06:41:15.740053Z --- GENERATING ADAPTIVE MCQ IN ENGLISH ---
2026-07-21T06:41:17.471738Z -> Cerebras: cooling for 65s.
2026-07-21T06:41:19.382239Z   ✓ Q1/4 saved (bank now 2)
2026-07-21T06:41:21.382483Z --- RETRIEVING SYLLABUS & STUDENT HISTORY in parallel: Introduction to Chemistry ---
2026-07-21T06:41:21.569924Z --- GENERATING ADAPTIVE MCQ IN ENGLISH ---
2026-07-21T06:41:23.160004Z   ✓ Q2/4 saved (bank now 3)
2026-07-21T06:41:25.160199Z --- RETRIEVING SYLLABUS & STUDENT HISTORY in parallel: Introduction to Chemistry ---
2026-07-21T06:41:25.355834Z --- GENERATING ADAPTIVE MCQ IN ENGLISH ---
2026-07-21T06:41:26.825915Z   ✓ Q3/4 saved (bank now 4)
2026-07-21T06:41:28.826213Z --- RETRIEVING SYLLABUS & STUDENT HISTORY in parallel: Introduction to Chemistry ---
2026-07-21T06:41:29.010927Z --- GENERATING ADAPTIVE MCQ IN ENGLISH ---
2026-07-21T06:41:30.900994Z   ✓ Q4/4 saved (bank now 5)
2026-07-21T06:41:32.901232Z [73/347] Chemistry — Introduction to Chemistry (Bahasa Melayu): generating 4 question(s)...
2026-07-21T06:41:32.901351Z --- RETRIEVING SYLLABUS & STUDENT HISTORY in parallel: Introduction to Chemistry ---
2026-07-21T06:41:33.089902Z --- GENERATING ADAPTIVE MCQ IN BAHASA MELAYU ---
2026-07-21T06:41:35.015234Z   ✓ Q1/4 saved (bank now 2)
2026-07-21T06:41:37.015482Z --- RETRIEVING SYLLABUS & STUDENT HISTORY in parallel: Introduction to Chemistry ---
2026-07-21T06:41:37.203824Z --- GENERATING ADAPTIVE MCQ IN BAHASA MELAYU ---
2026-07-21T06:41:41.688239Z   ✓ Q2/4 saved (bank now 3)
2026-07-21T06:41:43.688443Z --- RETRIEVING SYLLABUS & STUDENT HISTORY in parallel: Introduction to Chemistry ---
2026-07-21T06:41:43.888623Z --- GENERATING ADAPTIVE MCQ IN BAHASA MELAYU ---
2026-07-21T06:41:49.075355Z   ✓ Q3/4 saved (bank now 4)
2026-07-21T06:41:51.075669Z --- RETRIEVING SYLLABUS & STUDENT HISTORY in parallel: Introduction to Chemistry ---
2026-07-21T06:41:51.260895Z --- GENERATING ADAPTIVE MCQ IN BAHASA MELAYU ---
2026-07-21T06:41:57.161098Z   ✓ Q4/4 saved (bank now 5)
2026-07-21T06:41:59.161277Z [74/347] Chemistry — Matter and Atomic Structure (English): generating 4 question(s)...
2026-07-21T06:41:59.161367Z --- RETRIEVING SYLLABUS & STUDENT HISTORY in parallel: Matter and Atomic Structure ---
2026-07-21T06:41:59.705368Z -> Retrieved 0 textbook chunk(s), 8 DSKP chunk(s)
2026-07-21T06:41:59.705844Z --- GENERATING ADAPTIVE MCQ IN ENGLISH ---
2026-07-21T06:42:06.567484Z   ✓ Q1/4 saved (bank now 2)
2026-07-21T06:42:08.567696Z --- RETRIEVING SYLLABUS & STUDENT HISTORY in parallel: Matter and Atomic Structure ---
2026-07-21T06:42:08.747132Z --- GENERATING ADAPTIVE MCQ IN ENGLISH ---
2026-07-21T06:42:14.479744Z   ✓ Q2/4 saved (bank now 3)
2026-07-21T06:42:16.479980Z --- RETRIEVING SYLLABUS & STUDENT HISTORY in parallel: Matter and Atomic Structure ---
2026-07-21T06:42:16.665695Z --- GENERATING ADAPTIVE MCQ IN ENGLISH ---
2026-07-21T06:42:24.749391Z   ✓ Q3/4 saved (bank now 4)
2026-07-21T06:42:26.749493Z --- RETRIEVING SYLLABUS & STUDENT HISTORY in parallel: Matter and Atomic Structure ---
2026-07-21T06:42:27.249870Z --- GENERATING ADAPTIVE MCQ IN ENGLISH ---
2026-07-21T06:42:29.107165Z   ✓ Q4/4 saved (bank now 5)
2026-07-21T06:42:31.107422Z [75/347] Chemistry — Matter and Atomic Structure (Bahasa Melayu): generating 4 question(s)...
2026-07-21T06:42:31.107520Z --- RETRIEVING SYLLABUS & STUDENT HISTORY in parallel: Matter and Atomic Structure ---
2026-07-21T06:42:31.300864Z --- GENERATING ADAPTIVE MCQ IN BAHASA MELAYU ---
2026-07-21T06:42:32.420089Z   ✓ Q1/4 saved (bank now 2)
2026-07-21T06:42:34.420358Z --- RETRIEVING SYLLABUS & STUDENT HISTORY in parallel: Matter and Atomic Structure ---
2026-07-21T06:42:34.606947Z --- GENERATING ADAPTIVE MCQ IN BAHASA MELAYU ---
2026-07-21T06:42:36.009654Z   ✓ Q2/4 saved (bank now 3)
2026-07-21T06:42:38.009796Z --- RETRIEVING SYLLABUS & STUDENT HISTORY in parallel: Matter and Atomic Structure ---
2026-07-21T06:42:38.199564Z --- GENERATING ADAPTIVE MCQ IN BAHASA MELAYU ---
2026-07-21T06:42:39.815902Z -> Cerebras: cooling for 65s.
2026-07-21T06:42:41.759587Z   ✓ Q3/4 saved (bank now 4)
2026-07-21T06:42:43.759857Z --- RETRIEVING SYLLABUS & STUDENT HISTORY in parallel: Matter and Atomic Structure ---
2026-07-21T06:42:43.958146Z --- GENERATING ADAPTIVE MCQ IN BAHASA MELAYU ---
2026-07-21T06:42:45.637685Z   ✓ Q4/4 saved (bank now 5)
2026-07-21T06:42:47.637912Z [76/347] Chemistry — The Mole Concept, Chemical Formula and Equation (English): generating 5 question(s)...
2026-07-21T06:42:47.638007Z --- RETRIEVING SYLLABUS & STUDENT HISTORY in parallel: The Mole Concept, Chemical Formula and Equation ---
2026-07-21T06:42:48.056216Z -> Retrieved 3 textbook chunk(s), 5 DSKP chunk(s)
2026-07-21T06:42:48.056833Z --- GENERATING ADAPTIVE MCQ IN ENGLISH ---
2026-07-21T06:43:01.805507Z   ✓ Q1/5 saved (bank now 1)
2026-07-21T06:43:03.805784Z --- RETRIEVING SYLLABUS & STUDENT HISTORY in parallel: The Mole Concept, Chemical Formula and Equation ---
2026-07-21T06:43:03.984568Z --- GENERATING ADAPTIVE MCQ IN ENGLISH ---
2026-07-21T06:43:20.941177Z   ✓ Q2/5 saved (bank now 2)
2026-07-21T06:43:22.941371Z --- RETRIEVING SYLLABUS & STUDENT HISTORY in parallel: The Mole Concept, Chemical Formula and Equation ---
2026-07-21T06:43:23.142537Z --- GENERATING ADAPTIVE MCQ IN ENGLISH ---
2026-07-21T06:43:41.494401Z   ✓ Q3/5 saved (bank now 3)
2026-07-21T06:43:43.494706Z --- RETRIEVING SYLLABUS & STUDENT HISTORY in parallel: The Mole Concept, Chemical Formula and Equation ---
2026-07-21T06:43:44.002829Z --- GENERATING ADAPTIVE MCQ IN ENGLISH ---
2026-07-21T06:44:00.195593Z   ✓ Q4/5 saved (bank now 4)
2026-07-21T06:44:02.195819Z --- RETRIEVING SYLLABUS & STUDENT HISTORY in parallel: The Mole Concept, Chemical Formula and Equation ---
2026-07-21T06:44:02.394198Z --- GENERATING ADAPTIVE MCQ IN ENGLISH ---
2026-07-21T06:44:05.052260Z   ✓ Q5/5 saved (bank now 5)
2026-07-21T06:44:07.052540Z [77/347] Chemistry — The Mole Concept, Chemical Formula and Equation (Bahasa Melayu): generating 4 question(s)...
2026-07-21T06:44:07.052628Z --- RETRIEVING SYLLABUS & STUDENT HISTORY in parallel: The Mole Concept, Chemical Formula and Equation ---
2026-07-21T06:44:07.236142Z --- GENERATING ADAPTIVE MCQ IN BAHASA MELAYU ---
2026-07-21T06:44:10.359696Z   ✓ Q1/4 saved (bank now 2)
2026-07-21T06:44:12.359908Z --- RETRIEVING SYLLABUS & STUDENT HISTORY in parallel: The Mole Concept, Chemical Formula and Equation ---
2026-07-21T06:44:12.549989Z --- GENERATING ADAPTIVE MCQ IN BAHASA MELAYU ---
2026-07-21T06:44:16.440571Z   ✓ Q2/4 saved (bank now 3)
2026-07-21T06:44:18.440796Z --- RETRIEVING SYLLABUS & STUDENT HISTORY in parallel: The Mole Concept, Chemical Formula and Equation ---
2026-07-21T06:44:18.625566Z --- GENERATING ADAPTIVE MCQ IN BAHASA MELAYU ---
2026-07-21T06:44:20.276341Z -> Cerebras: cooling for 65s.
2026-07-21T06:44:22.828004Z   ✓ Q3/4 saved (bank now 4)
2026-07-21T06:44:24.828225Z --- RETRIEVING SYLLABUS & STUDENT HISTORY in parallel: The Mole Concept, Chemical Formula and Equation ---
2026-07-21T06:44:25.021693Z --- GENERATING ADAPTIVE MCQ IN BAHASA MELAYU ---
2026-07-21T06:44:40.379750Z   ✓ Q4/4 saved (bank now 5)
2026-07-21T06:44:42.380582Z [Checkpoint] 20% written to logs/question_bank_seed_progress.md
2026-07-21T06:44:42.380653Z [78/347] Chemistry — The Periodic Table of Elements (English): generating 4 question(s)...
2026-07-21T06:44:42.380682Z --- RETRIEVING SYLLABUS & STUDENT HISTORY in parallel: The Periodic Table of Elements ---
2026-07-21T06:44:42.728279Z -> Retrieved 0 textbook chunk(s), 8 DSKP chunk(s)
2026-07-21T06:44:42.731378Z --- GENERATING ADAPTIVE MCQ IN ENGLISH ---
2026-07-21T06:44:49.724673Z   ✓ Q1/4 saved (bank now 2)
2026-07-21T06:44:51.725049Z --- RETRIEVING SYLLABUS & STUDENT HISTORY in parallel: The Periodic Table of Elements ---
2026-07-21T06:44:51.913175Z --- GENERATING ADAPTIVE MCQ IN ENGLISH ---
2026-07-21T06:44:57.822021Z   ✓ Q2/4 saved (bank now 3)
2026-07-21T06:44:59.822221Z --- RETRIEVING SYLLABUS & STUDENT HISTORY in parallel: The Periodic Table of Elements ---
2026-07-21T06:45:00.010773Z --- GENERATING ADAPTIVE MCQ IN ENGLISH ---
2026-07-21T06:45:07.102350Z   ✓ Q3/4 saved (bank now 4)
2026-07-21T06:45:09.102639Z --- RETRIEVING SYLLABUS & STUDENT HISTORY in parallel: The Periodic Table of Elements ---
2026-07-21T06:45:09.298913Z --- GENERATING ADAPTIVE MCQ IN ENGLISH ---
2026-07-21T06:45:15.761521Z   ✓ Q4/4 saved (bank now 5)
2026-07-21T06:45:17.761693Z [79/347] Chemistry — The Periodic Table of Elements (Bahasa Melayu): generating 4 question(s)...
2026-07-21T06:45:17.761749Z --- RETRIEVING SYLLABUS & STUDENT HISTORY in parallel: The Periodic Table of Elements ---
2026-07-21T06:45:18.282034Z --- GENERATING ADAPTIVE MCQ IN BAHASA MELAYU ---
2026-07-21T06:45:24.547427Z   ✓ Q1/4 saved (bank now 2)
2026-07-21T06:45:26.547666Z --- RETRIEVING SYLLABUS & STUDENT HISTORY in parallel: The Periodic Table of Elements ---
2026-07-21T06:45:26.735764Z --- GENERATING ADAPTIVE MCQ IN BAHASA MELAYU ---
2026-07-21T06:45:28.262002Z   ✓ Q2/4 saved (bank now 3)
2026-07-21T06:45:30.262203Z --- RETRIEVING SYLLABUS & STUDENT HISTORY in parallel: The Periodic Table of Elements ---
2026-07-21T06:45:30.439010Z --- GENERATING ADAPTIVE MCQ IN BAHASA MELAYU ---
2026-07-21T06:45:32.054393Z   ✓ Q3/4 saved (bank now 4)
2026-07-21T06:45:34.054622Z --- RETRIEVING SYLLABUS & STUDENT HISTORY in parallel: The Periodic Table of Elements ---
2026-07-21T06:45:34.243759Z --- GENERATING ADAPTIVE MCQ IN BAHASA MELAYU ---
2026-07-21T06:45:35.571668Z   ✓ Q4/4 saved (bank now 5)
2026-07-21T06:45:37.571957Z [80/347] Chemistry — Chemical Bond (English): generating 2 question(s)...
2026-07-21T06:45:37.572036Z --- RETRIEVING SYLLABUS & STUDENT HISTORY in parallel: Chemical Bond ---
2026-07-21T06:45:37.928939Z -> Retrieved 0 textbook chunk(s), 8 DSKP chunk(s)
2026-07-21T06:45:37.929301Z --- GENERATING ADAPTIVE MCQ IN ENGLISH ---
2026-07-21T06:45:39.677565Z -> Cerebras: cooling for 65s.
2026-07-21T06:45:39.721894Z -> GroqCloud: cooling for 65s.
2026-07-21T06:45:39.913589Z -> OpenRouter error (NotFoundError: Error code: 404 - {'error': {'message': 'This model is unavailable for free. The paid version is available now - use this slug instead: meta-llama/llama-3.3-70b-instruct', 'code': 404}, 'user_id': 'user_3FWg0Y7hFwr9mi6ZEJfwxiglC7C'}), trying next provider…
2026-07-21T06:45:39.913645Z -> LLM Error in Generator: All LLM providers failed (non-rate-limit errors). Check API keys and quotas.
2026-07-21T06:45:40.291868Z   ✓ Q1/2 saved (bank now 4)
2026-07-21T06:45:42.292075Z --- RETRIEVING SYLLABUS & STUDENT HISTORY in parallel: Chemical Bond ---
2026-07-21T06:45:42.477632Z --- GENERATING ADAPTIVE MCQ IN ENGLISH ---
2026-07-21T06:45:42.495075Z -> OpenRouter error (NotFoundError: Error code: 404 - {'error': {'message': 'This model is unavailable for free. The paid version is available now - use this slug instead: meta-llama/llama-3.3-70b-instruct', 'code': 404}, 'user_id': 'user_3FWg0Y7hFwr9mi6ZEJfwxiglC7C'}), trying next provider…
2026-07-21T06:45:42.495144Z -> LLM Error in Generator: All LLM providers failed (non-rate-limit errors). Check API keys and quotas.
2026-07-21T06:45:42.886396Z   ✓ Q2/2 saved (bank now 5)
2026-07-21T06:45:44.886539Z [81/347] Chemistry — Chemical Bond (Bahasa Melayu): generating 4 question(s)...
2026-07-21T06:45:44.886619Z --- RETRIEVING SYLLABUS & STUDENT HISTORY in parallel: Chemical Bond ---
2026-07-21T06:45:45.069453Z --- GENERATING ADAPTIVE MCQ IN BAHASA MELAYU ---
2026-07-21T06:45:45.087697Z -> OpenRouter error (NotFoundError: Error code: 404 - {'error': {'message': 'This model is unavailable for free. The paid version is available now - use this slug instead: meta-llama/llama-3.3-70b-instruct', 'code': 404}, 'user_id': 'user_3FWg0Y7hFwr9mi6ZEJfwxiglC7C'}), trying next provider…
2026-07-21T06:45:45.087779Z -> LLM Error in Generator: All LLM providers failed (non-rate-limit errors). Check API keys and quotas.
2026-07-21T06:45:45.802784Z   ✓ Q1/4 saved (bank now 2)
2026-07-21T06:45:47.803067Z --- RETRIEVING SYLLABUS & STUDENT HISTORY in parallel: Chemical Bond ---
2026-07-21T06:45:48.000668Z --- GENERATING ADAPTIVE MCQ IN BAHASA MELAYU ---
2026-07-21T06:45:48.125534Z -> OpenRouter error (NotFoundError: Error code: 404 - {'error': {'message': 'This model is unavailable for free. The paid version is available now - use this slug instead: meta-llama/llama-3.3-70b-instruct', 'code': 404}, 'user_id': 'user_3FWg0Y7hFwr9mi6ZEJfwxiglC7C'}), trying next provider…
2026-07-21T06:45:48.125607Z -> LLM Error in Generator: All LLM providers failed (non-rate-limit errors). Check API keys and quotas.
2026-07-21T06:45:48.490575Z   ✓ Q2/4 saved (bank now 3)
2026-07-21T06:45:50.490710Z --- RETRIEVING SYLLABUS & STUDENT HISTORY in parallel: Chemical Bond ---
2026-07-21T06:45:50.674746Z --- GENERATING ADAPTIVE MCQ IN BAHASA MELAYU ---
2026-07-21T06:45:50.700605Z -> OpenRouter error (NotFoundError: Error code: 404 - {'error': {'message': 'This model is unavailable for free. The paid version is available now - use this slug instead: meta-llama/llama-3.3-70b-instruct', 'code': 404}, 'user_id': 'user_3FWg0Y7hFwr9mi6ZEJfwxiglC7C'}), trying next provider…
2026-07-21T06:45:50.700672Z -> LLM Error in Generator: All LLM providers failed (non-rate-limit errors). Check API keys and quotas.
2026-07-21T06:45:51.081785Z   ✓ Q3/4 saved (bank now 4)
2026-07-21T06:45:53.082044Z --- RETRIEVING SYLLABUS & STUDENT HISTORY in parallel: Chemical Bond ---
2026-07-21T06:45:53.273910Z --- GENERATING ADAPTIVE MCQ IN BAHASA MELAYU ---
2026-07-21T06:45:53.293693Z -> OpenRouter error (NotFoundError: Error code: 404 - {'error': {'message': 'This model is unavailable for free. The paid version is available now - use this slug instead: meta-llama/llama-3.3-70b-instruct', 'code': 404}, 'user_id': 'user_3FWg0Y7hFwr9mi6ZEJfwxiglC7C'}), trying next provider…
2026-07-21T06:45:53.293768Z -> LLM Error in Generator: All LLM providers failed (non-rate-limit errors). Check API keys and quotas.
2026-07-21T06:45:54.023392Z   ✓ Q4/4 saved (bank now 5)
2026-07-21T06:45:56.023663Z [82/347] Chemistry — Acid, Base and Salt (English): generating 4 question(s)...
2026-07-21T06:45:56.023743Z --- RETRIEVING SYLLABUS & STUDENT HISTORY in parallel: Acid, Base and Salt ---
2026-07-21T06:45:56.412983Z -> Retrieved 4 textbook chunk(s), 4 DSKP chunk(s)
2026-07-21T06:45:56.413609Z --- GENERATING ADAPTIVE MCQ IN ENGLISH ---
2026-07-21T06:45:56.430392Z -> OpenRouter error (NotFoundError: Error code: 404 - {'error': {'message': 'This model is unavailable for free. The paid version is available now - use this slug instead: meta-llama/llama-3.3-70b-instruct', 'code': 404}, 'user_id': 'user_3FWg0Y7hFwr9mi6ZEJfwxiglC7C'}), trying next provider…
2026-07-21T06:45:56.430480Z -> LLM Error in Generator: All LLM providers failed (non-rate-limit errors). Check API keys and quotas.
2026-07-21T06:45:56.819283Z   ✓ Q1/4 saved (bank now 2)
2026-07-21T06:45:58.819542Z --- RETRIEVING SYLLABUS & STUDENT HISTORY in parallel: Acid, Base and Salt ---
2026-07-21T06:45:59.019822Z --- GENERATING ADAPTIVE MCQ IN ENGLISH ---
2026-07-21T06:45:59.047950Z -> OpenRouter error (NotFoundError: Error code: 404 - {'error': {'message': 'This model is unavailable for free. The paid version is available now - use this slug instead: meta-llama/llama-3.3-70b-instruct', 'code': 404}, 'user_id': 'user_3FWg0Y7hFwr9mi6ZEJfwxiglC7C'}), trying next provider…
2026-07-21T06:45:59.048065Z -> LLM Error in Generator: All LLM providers failed (non-rate-limit errors). Check API keys and quotas.
2026-07-21T06:45:59.421220Z   ✓ Q2/4 saved (bank now 3)
2026-07-21T06:46:01.421517Z --- RETRIEVING SYLLABUS & STUDENT HISTORY in parallel: Acid, Base and Salt ---
2026-07-21T06:46:01.627086Z --- GENERATING ADAPTIVE MCQ IN ENGLISH ---
2026-07-21T06:46:01.644120Z -> OpenRouter error (NotFoundError: Error code: 404 - {'error': {'message': 'This model is unavailable for free. The paid version is available now - use this slug instead: meta-llama/llama-3.3-70b-instruct', 'code': 404}, 'user_id': 'user_3FWg0Y7hFwr9mi6ZEJfwxiglC7C'}), trying next provider…
2026-07-21T06:46:01.644196Z -> LLM Error in Generator: All LLM providers failed (non-rate-limit errors). Check API keys and quotas.
2026-07-21T06:46:02.374421Z   ✓ Q3/4 saved (bank now 4)
2026-07-21T06:46:04.374661Z --- RETRIEVING SYLLABUS & STUDENT HISTORY in parallel: Acid, Base and Salt ---
2026-07-21T06:46:04.566192Z --- GENERATING ADAPTIVE MCQ IN ENGLISH ---
2026-07-21T06:46:04.588347Z -> OpenRouter error (NotFoundError: Error code: 404 - {'error': {'message': 'This model is unavailable for free. The paid version is available now - use this slug instead: meta-llama/llama-3.3-70b-instruct', 'code': 404}, 'user_id': 'user_3FWg0Y7hFwr9mi6ZEJfwxiglC7C'}), trying next provider…
2026-07-21T06:46:04.588427Z -> LLM Error in Generator: All LLM providers failed (non-rate-limit errors). Check API keys and quotas.
2026-07-21T06:46:04.951761Z   ✓ Q4/4 saved (bank now 5)
2026-07-21T06:46:06.951994Z [83/347] Chemistry — Acid, Base and Salt (Bahasa Melayu): generating 4 question(s)...
2026-07-21T06:46:06.952069Z --- RETRIEVING SYLLABUS & STUDENT HISTORY in parallel: Acid, Base and Salt ---
2026-07-21T06:46:07.140269Z --- GENERATING ADAPTIVE MCQ IN BAHASA MELAYU ---
2026-07-21T06:46:07.157356Z -> OpenRouter error (NotFoundError: Error code: 404 - {'error': {'message': 'This model is unavailable for free. The paid version is available now - use this slug instead: meta-llama/llama-3.3-70b-instruct', 'code': 404}, 'user_id': 'user_3FWg0Y7hFwr9mi6ZEJfwxiglC7C'}), trying next provider…
2026-07-21T06:46:07.157416Z -> LLM Error in Generator: All LLM providers failed (non-rate-limit errors). Check API keys and quotas.
2026-07-21T06:46:07.534685Z   ✓ Q1/4 saved (bank now 2)
2026-07-21T06:46:09.534939Z --- RETRIEVING SYLLABUS & STUDENT HISTORY in parallel: Acid, Base and Salt ---
2026-07-21T06:46:09.735559Z --- GENERATING ADAPTIVE MCQ IN BAHASA MELAYU ---
2026-07-21T06:46:09.770546Z -> OpenRouter error (NotFoundError: Error code: 404 - {'error': {'message': 'This model is unavailable for free. The paid version is available now - use this slug instead: meta-llama/llama-3.3-70b-instruct', 'code': 404}, 'user_id': 'user_3FWg0Y7hFwr9mi6ZEJfwxiglC7C'}), trying next provider…
2026-07-21T06:46:09.770621Z -> LLM Error in Generator: All LLM providers failed (non-rate-limit errors). Check API keys and quotas.
2026-07-21T06:46:10.178071Z   ✓ Q2/4 saved (bank now 3)
2026-07-21T06:46:12.178292Z --- RETRIEVING SYLLABUS & STUDENT HISTORY in parallel: Acid, Base and Salt ---
2026-07-21T06:46:12.368200Z --- GENERATING ADAPTIVE MCQ IN BAHASA MELAYU ---
2026-07-21T06:46:12.391106Z -> OpenRouter error (NotFoundError: Error code: 404 - {'error': {'message': 'This model is unavailable for free. The paid version is available now - use this slug instead: meta-llama/llama-3.3-70b-instruct', 'code': 404}, 'user_id': 'user_3FWg0Y7hFwr9mi6ZEJfwxiglC7C'}), trying next provider…
2026-07-21T06:46:12.391179Z -> LLM Error in Generator: All LLM providers failed (non-rate-limit errors). Check API keys and quotas.
2026-07-21T06:46:13.107922Z   ✓ Q3/4 saved (bank now 4)
2026-07-21T06:46:15.108094Z --- RETRIEVING SYLLABUS & STUDENT HISTORY in parallel: Acid, Base and Salt ---
2026-07-21T06:46:15.327523Z --- GENERATING ADAPTIVE MCQ IN BAHASA MELAYU ---
2026-07-21T06:46:15.350908Z -> OpenRouter error (NotFoundError: Error code: 404 - {'error': {'message': 'This model is unavailable for free. The paid version is available now - use this slug instead: meta-llama/llama-3.3-70b-instruct', 'code': 404}, 'user_id': 'user_3FWg0Y7hFwr9mi6ZEJfwxiglC7C'}), trying next provider…
2026-07-21T06:46:15.350984Z -> LLM Error in Generator: All LLM providers failed (non-rate-limit errors). Check API keys and quotas.
2026-07-21T06:46:15.730550Z   ✓ Q4/4 saved (bank now 5)
2026-07-21T06:46:17.730782Z [84/347] Chemistry — Rate of Reaction (English): generating 4 question(s)...
2026-07-21T06:46:17.730886Z --- RETRIEVING SYLLABUS & STUDENT HISTORY in parallel: Rate of Reaction ---
2026-07-21T06:46:18.124375Z -> Retrieved 1 textbook chunk(s), 7 DSKP chunk(s)
2026-07-21T06:46:18.124986Z --- GENERATING ADAPTIVE MCQ IN ENGLISH ---
2026-07-21T06:46:18.159116Z -> OpenRouter error (NotFoundError: Error code: 404 - {'error': {'message': 'This model is unavailable for free. The paid version is available now - use this slug instead: meta-llama/llama-3.3-70b-instruct', 'code': 404}, 'user_id': 'user_3FWg0Y7hFwr9mi6ZEJfwxiglC7C'}), trying next provider…
2026-07-21T06:46:18.159191Z -> LLM Error in Generator: All LLM providers failed (non-rate-limit errors). Check API keys and quotas.
2026-07-21T06:46:18.881413Z   ✓ Q1/4 saved (bank now 2)
2026-07-21T06:46:20.881694Z --- RETRIEVING SYLLABUS & STUDENT HISTORY in parallel: Rate of Reaction ---
2026-07-21T06:46:21.076064Z --- GENERATING ADAPTIVE MCQ IN ENGLISH ---
2026-07-21T06:46:21.096634Z -> OpenRouter error (NotFoundError: Error code: 404 - {'error': {'message': 'This model is unavailable for free. The paid version is available now - use this slug instead: meta-llama/llama-3.3-70b-instruct', 'code': 404}, 'user_id': 'user_3FWg0Y7hFwr9mi6ZEJfwxiglC7C'}), trying next provider…
2026-07-21T06:46:21.096711Z -> LLM Error in Generator: All LLM providers failed (non-rate-limit errors). Check API keys and quotas.
2026-07-21T06:46:21.493102Z   ✓ Q2/4 saved (bank now 3)
2026-07-21T06:46:23.493254Z --- RETRIEVING SYLLABUS & STUDENT HISTORY in parallel: Rate of Reaction ---
2026-07-21T06:46:23.683480Z --- GENERATING ADAPTIVE MCQ IN ENGLISH ---
2026-07-21T06:46:23.700767Z -> OpenRouter error (NotFoundError: Error code: 404 - {'error': {'message': 'This model is unavailable for free. The paid version is available now - use this slug instead: meta-llama/llama-3.3-70b-instruct', 'code': 404}, 'user_id': 'user_3FWg0Y7hFwr9mi6ZEJfwxiglC7C'}), trying next provider…
2026-07-21T06:46:23.700846Z -> LLM Error in Generator: All LLM providers failed (non-rate-limit errors). Check API keys and quotas.
2026-07-21T06:46:24.073175Z   ✓ Q3/4 saved (bank now 4)
2026-07-21T06:46:26.073499Z --- RETRIEVING SYLLABUS & STUDENT HISTORY in parallel: Rate of Reaction ---
2026-07-21T06:46:26.258484Z --- GENERATING ADAPTIVE MCQ IN ENGLISH ---
2026-07-21T06:46:26.277559Z -> OpenRouter error (NotFoundError: Error code: 404 - {'error': {'message': 'This model is unavailable for free. The paid version is available now - use this slug instead: meta-llama/llama-3.3-70b-instruct', 'code': 404}, 'user_id': 'user_3FWg0Y7hFwr9mi6ZEJfwxiglC7C'}), trying next provider…
2026-07-21T06:46:26.277652Z -> LLM Error in Generator: All LLM providers failed (non-rate-limit errors). Check API keys and quotas.
2026-07-21T06:46:26.660730Z   ✓ Q4/4 saved (bank now 5)
2026-07-21T06:46:28.660948Z [85/347] Chemistry — Rate of Reaction (Bahasa Melayu): generating 4 question(s)...
2026-07-21T06:46:28.661027Z --- RETRIEVING SYLLABUS & STUDENT HISTORY in parallel: Rate of Reaction ---
2026-07-21T06:46:28.847380Z --- GENERATING ADAPTIVE MCQ IN BAHASA MELAYU ---
2026-07-21T06:46:28.866247Z -> OpenRouter error (NotFoundError: Error code: 404 - {'error': {'message': 'This model is unavailable for free. The paid version is available now - use this slug instead: meta-llama/llama-3.3-70b-instruct', 'code': 404}, 'user_id': 'user_3FWg0Y7hFwr9mi6ZEJfwxiglC7C'}), trying next provider…
2026-07-21T06:46:28.866370Z -> LLM Error in Generator: All LLM providers failed (non-rate-limit errors). Check API keys and quotas.
2026-07-21T06:46:29.258684Z   ✓ Q1/4 saved (bank now 2)
2026-07-21T06:46:31.258934Z --- RETRIEVING SYLLABUS & STUDENT HISTORY in parallel: Rate of Reaction ---
2026-07-21T06:46:31.461121Z --- GENERATING ADAPTIVE MCQ IN BAHASA MELAYU ---
2026-07-21T06:46:31.477660Z -> OpenRouter error (NotFoundError: Error code: 404 - {'error': {'message': 'This model is unavailable for free. The paid version is available now - use this slug instead: meta-llama/llama-3.3-70b-instruct', 'code': 404}, 'user_id': 'user_3FWg0Y7hFwr9mi6ZEJfwxiglC7C'}), trying next provider…
2026-07-21T06:46:31.477727Z -> LLM Error in Generator: All LLM providers failed (non-rate-limit errors). Check API keys and quotas.
2026-07-21T06:46:31.863681Z   ✓ Q2/4 saved (bank now 3)
2026-07-21T06:46:33.864062Z --- RETRIEVING SYLLABUS & STUDENT HISTORY in parallel: Rate of Reaction ---
2026-07-21T06:46:34.047921Z --- GENERATING ADAPTIVE MCQ IN BAHASA MELAYU ---
2026-07-21T06:46:34.067090Z -> OpenRouter error (NotFoundError: Error code: 404 - {'error': {'message': 'This model is unavailable for free. The paid version is available now - use this slug instead: meta-llama/llama-3.3-70b-instruct', 'code': 404}, 'user_id': 'user_3FWg0Y7hFwr9mi6ZEJfwxiglC7C'}), trying next provider…
2026-07-21T06:46:34.067161Z -> LLM Error in Generator: All LLM providers failed (non-rate-limit errors). Check API keys and quotas.
2026-07-21T06:46:34.449079Z   ✓ Q3/4 saved (bank now 4)
2026-07-21T06:46:36.449397Z --- RETRIEVING SYLLABUS & STUDENT HISTORY in parallel: Rate of Reaction ---
2026-07-21T06:46:36.643196Z --- GENERATING ADAPTIVE MCQ IN BAHASA MELAYU ---
2026-07-21T06:46:36.664703Z -> OpenRouter error (NotFoundError: Error code: 404 - {'error': {'message': 'This model is unavailable for free. The paid version is available now - use this slug instead: meta-llama/llama-3.3-70b-instruct', 'code': 404}, 'user_id': 'user_3FWg0Y7hFwr9mi6ZEJfwxiglC7C'}), trying next provider…
2026-07-21T06:46:36.664763Z -> LLM Error in Generator: All LLM providers failed (non-rate-limit errors). Check API keys and quotas.
2026-07-21T06:46:37.037048Z   ✓ Q4/4 saved (bank now 5)
2026-07-21T06:46:39.037145Z [86/347] Chemistry — Redox Equilibrium (English): generating 4 question(s)...
2026-07-21T06:46:39.037208Z --- RETRIEVING SYLLABUS & STUDENT HISTORY in parallel: Redox Equilibrium ---
2026-07-21T06:46:39.392217Z -> Retrieved 2 textbook chunk(s), 6 DSKP chunk(s)
2026-07-21T06:46:39.392608Z --- GENERATING ADAPTIVE MCQ IN ENGLISH ---
2026-07-21T06:46:39.423666Z -> OpenRouter error (NotFoundError: Error code: 404 - {'error': {'message': 'This model is unavailable for free. The paid version is available now - use this slug instead: meta-llama/llama-3.3-70b-instruct', 'code': 404}, 'user_id': 'user_3FWg0Y7hFwr9mi6ZEJfwxiglC7C'}), trying next provider…
2026-07-21T06:46:39.423739Z -> LLM Error in Generator: All LLM providers failed (non-rate-limit errors). Check API keys and quotas.
2026-07-21T06:46:39.790937Z   ✓ Q1/4 saved (bank now 2)
2026-07-21T06:46:41.791162Z --- RETRIEVING SYLLABUS & STUDENT HISTORY in parallel: Redox Equilibrium ---
2026-07-21T06:46:41.991205Z --- GENERATING ADAPTIVE MCQ IN ENGLISH ---
2026-07-21T06:46:42.006115Z -> OpenRouter error (NotFoundError: Error code: 404 - {'error': {'message': 'This model is unavailable for free. The paid version is available now - use this slug instead: meta-llama/llama-3.3-70b-instruct', 'code': 404}, 'user_id': 'user_3FWg0Y7hFwr9mi6ZEJfwxiglC7C'}), trying next provider…
2026-07-21T06:46:42.006184Z -> LLM Error in Generator: All LLM providers failed (non-rate-limit errors). Check API keys and quotas.
2026-07-21T06:46:42.373685Z   ✓ Q2/4 saved (bank now 3)
2026-07-21T06:46:44.373943Z --- RETRIEVING SYLLABUS & STUDENT HISTORY in parallel: Redox Equilibrium ---
2026-07-21T06:46:44.554578Z --- GENERATING ADAPTIVE MCQ IN ENGLISH ---
2026-07-21T06:46:44.585966Z -> OpenRouter error (NotFoundError: Error code: 404 - {'error': {'message': 'This model is unavailable for free. The paid version is available now - use this slug instead: meta-llama/llama-3.3-70b-instruct', 'code': 404}, 'user_id': 'user_3FWg0Y7hFwr9mi6ZEJfwxiglC7C'}), trying next provider…
2026-07-21T06:46:44.586034Z -> LLM Error in Generator: All LLM providers failed (non-rate-limit errors). Check API keys and quotas.
2026-07-21T06:46:44.960254Z   ✓ Q3/4 saved (bank now 4)
2026-07-21T06:46:46.960400Z --- RETRIEVING SYLLABUS & STUDENT HISTORY in parallel: Redox Equilibrium ---
2026-07-21T06:46:47.150395Z --- GENERATING ADAPTIVE MCQ IN ENGLISH ---
2026-07-21T06:46:48.749499Z   ✓ Q4/4 saved (bank now 5)
2026-07-21T06:46:50.749798Z [87/347] Chemistry — Redox Equilibrium (Bahasa Melayu): generating 4 question(s)...
2026-07-21T06:46:50.749925Z --- RETRIEVING SYLLABUS & STUDENT HISTORY in parallel: Redox Equilibrium ---
2026-07-21T06:46:50.949590Z --- GENERATING ADAPTIVE MCQ IN BAHASA MELAYU ---
2026-07-21T06:46:52.427421Z   ✓ Q1/4 saved (bank now 2)
2026-07-21T06:46:54.427630Z --- RETRIEVING SYLLABUS & STUDENT HISTORY in parallel: Redox Equilibrium ---
2026-07-21T06:46:54.624622Z --- GENERATING ADAPTIVE MCQ IN BAHASA MELAYU ---
2026-07-21T06:46:56.394460Z   ✓ Q2/4 saved (bank now 3)
2026-07-21T06:46:58.394760Z --- RETRIEVING SYLLABUS & STUDENT HISTORY in parallel: Redox Equilibrium ---
2026-07-21T06:46:58.605491Z --- GENERATING ADAPTIVE MCQ IN BAHASA MELAYU ---
2026-07-21T06:47:00.292541Z -> Cerebras: cooling for 65s.
2026-07-21T06:47:00.332107Z -> GroqCloud: cooling for 65s.
2026-07-21T06:47:00.380881Z -> OpenRouter error (NotFoundError: Error code: 404 - {'error': {'message': 'This model is unavailable for free. The paid version is available now - use this slug instead: meta-llama/llama-3.3-70b-instruct', 'code': 404}, 'user_id': 'user_3FWg0Y7hFwr9mi6ZEJfwxiglC7C'}), trying next provider…
2026-07-21T06:47:00.380977Z -> LLM Error in Generator: All LLM providers failed (non-rate-limit errors). Check API keys and quotas.
2026-07-21T06:47:00.774565Z   ✓ Q3/4 saved (bank now 4)
2026-07-21T06:47:02.774767Z --- RETRIEVING SYLLABUS & STUDENT HISTORY in parallel: Redox Equilibrium ---
2026-07-21T06:47:02.979193Z --- GENERATING ADAPTIVE MCQ IN BAHASA MELAYU ---
2026-07-21T06:47:03.006384Z -> OpenRouter error (NotFoundError: Error code: 404 - {'error': {'message': 'This model is unavailable for free. The paid version is available now - use this slug instead: meta-llama/llama-3.3-70b-instruct', 'code': 404}, 'user_id': 'user_3FWg0Y7hFwr9mi6ZEJfwxiglC7C'}), trying next provider…
2026-07-21T06:47:03.006449Z -> LLM Error in Generator: All LLM providers failed (non-rate-limit errors). Check API keys and quotas.
2026-07-21T06:47:03.389797Z   ✓ Q4/4 saved (bank now 5)
2026-07-21T06:47:05.389933Z [88/347] Chemistry — Carbon Compound (English): generating 4 question(s)...
2026-07-21T06:47:05.389984Z --- RETRIEVING SYLLABUS & STUDENT HISTORY in parallel: Carbon Compound ---
2026-07-21T06:47:05.766504Z -> Retrieved 2 textbook chunk(s), 6 DSKP chunk(s)
2026-07-21T06:47:05.766983Z --- GENERATING ADAPTIVE MCQ IN ENGLISH ---
2026-07-21T06:47:05.790372Z -> OpenRouter error (NotFoundError: Error code: 404 - {'error': {'message': 'This model is unavailable for free. The paid version is available now - use this slug instead: meta-llama/llama-3.3-70b-instruct', 'code': 404}, 'user_id': 'user_3FWg0Y7hFwr9mi6ZEJfwxiglC7C'}), trying next provider…
2026-07-21T06:47:05.790438Z -> LLM Error in Generator: All LLM providers failed (non-rate-limit errors). Check API keys and quotas.
2026-07-21T06:47:06.167451Z   ✓ Q1/4 saved (bank now 2)
2026-07-21T06:47:08.167606Z --- RETRIEVING SYLLABUS & STUDENT HISTORY in parallel: Carbon Compound ---
2026-07-21T06:47:08.352828Z --- GENERATING ADAPTIVE MCQ IN ENGLISH ---
2026-07-21T06:47:08.377157Z -> OpenRouter error (NotFoundError: Error code: 404 - {'error': {'message': 'This model is unavailable for free. The paid version is available now - use this slug instead: meta-llama/llama-3.3-70b-instruct', 'code': 404}, 'user_id': 'user_3FWg0Y7hFwr9mi6ZEJfwxiglC7C'}), trying next provider…
2026-07-21T06:47:08.377235Z -> LLM Error in Generator: All LLM providers failed (non-rate-limit errors). Check API keys and quotas.
2026-07-21T06:47:08.768989Z   ✓ Q2/4 saved (bank now 3)
2026-07-21T06:47:10.769222Z --- RETRIEVING SYLLABUS & STUDENT HISTORY in parallel: Carbon Compound ---
2026-07-21T06:47:10.955705Z --- GENERATING ADAPTIVE MCQ IN ENGLISH ---
2026-07-21T06:47:10.974401Z -> OpenRouter error (NotFoundError: Error code: 404 - {'error': {'message': 'This model is unavailable for free. The paid version is available now - use this slug instead: meta-llama/llama-3.3-70b-instruct', 'code': 404}, 'user_id': 'user_3FWg0Y7hFwr9mi6ZEJfwxiglC7C'}), trying next provider…
2026-07-21T06:47:10.974473Z -> LLM Error in Generator: All LLM providers failed (non-rate-limit errors). Check API keys and quotas.
2026-07-21T06:47:11.356103Z   ✓ Q3/4 saved (bank now 4)
2026-07-21T06:47:13.356282Z --- RETRIEVING SYLLABUS & STUDENT HISTORY in parallel: Carbon Compound ---
2026-07-21T06:47:13.550298Z --- GENERATING ADAPTIVE MCQ IN ENGLISH ---
2026-07-21T06:47:13.571689Z -> OpenRouter error (NotFoundError: Error code: 404 - {'error': {'message': 'This model is unavailable for free. The paid version is available now - use this slug instead: meta-llama/llama-3.3-70b-instruct', 'code': 404}, 'user_id': 'user_3FWg0Y7hFwr9mi6ZEJfwxiglC7C'}), trying next provider…
2026-07-21T06:47:13.571773Z -> LLM Error in Generator: All LLM providers failed (non-rate-limit errors). Check API keys and quotas.
2026-07-21T06:47:13.955619Z   ✓ Q4/4 saved (bank now 5)
2026-07-21T06:47:15.955784Z [89/347] Chemistry — Carbon Compound (Bahasa Melayu): generating 4 question(s)...
2026-07-21T06:47:15.955863Z --- RETRIEVING SYLLABUS & STUDENT HISTORY in parallel: Carbon Compound ---
2026-07-21T06:47:16.150437Z --- GENERATING ADAPTIVE MCQ IN BAHASA MELAYU ---
2026-07-21T06:47:16.185930Z -> OpenRouter error (NotFoundError: Error code: 404 - {'error': {'message': 'This model is unavailable for free. The paid version is available now - use this slug instead: meta-llama/llama-3.3-70b-instruct', 'code': 404}, 'user_id': 'user_3FWg0Y7hFwr9mi6ZEJfwxiglC7C'}), trying next provider…
2026-07-21T06:47:16.186046Z -> LLM Error in Generator: All LLM providers failed (non-rate-limit errors). Check API keys and quotas.
2026-07-21T06:47:16.708138Z   ✓ Q1/4 saved (bank now 2)
2026-07-21T06:47:18.708392Z --- RETRIEVING SYLLABUS & STUDENT HISTORY in parallel: Carbon Compound ---
2026-07-21T06:47:18.900414Z --- GENERATING ADAPTIVE MCQ IN BAHASA MELAYU ---
2026-07-21T06:47:19.096723Z -> OpenRouter error (NotFoundError: Error code: 404 - {'error': {'message': 'This model is unavailable for free. The paid version is available now - use this slug instead: meta-llama/llama-3.3-70b-instruct', 'code': 404}, 'user_id': 'user_3FWg0Y7hFwr9mi6ZEJfwxiglC7C'}), trying next provider…
2026-07-21T06:47:19.096814Z -> LLM Error in Generator: All LLM providers failed (non-rate-limit errors). Check API keys and quotas.
2026-07-21T06:47:19.473216Z   ✓ Q2/4 saved (bank now 3)
2026-07-21T06:47:21.473446Z --- RETRIEVING SYLLABUS & STUDENT HISTORY in parallel: Carbon Compound ---
2026-07-21T06:47:21.715400Z --- GENERATING ADAPTIVE MCQ IN BAHASA MELAYU ---
2026-07-21T06:47:22.763438Z -> OpenRouter error (NotFoundError: Error code: 404 - {'error': {'message': 'This model is unavailable for free. The paid version is available now - use this slug instead: meta-llama/llama-3.3-70b-instruct', 'code': 404}, 'user_id': 'user_3FWg0Y7hFwr9mi6ZEJfwxiglC7C'}), trying next provider…
2026-07-21T06:47:22.763493Z -> LLM Error in Generator: All LLM providers failed (non-rate-limit errors). Check API keys and quotas.
2026-07-21T06:47:23.154602Z   ✓ Q3/4 saved (bank now 4)
2026-07-21T06:47:25.154832Z --- RETRIEVING SYLLABUS & STUDENT HISTORY in parallel: Carbon Compound ---
2026-07-21T06:47:25.343760Z --- GENERATING ADAPTIVE MCQ IN BAHASA MELAYU ---
2026-07-21T06:47:25.365095Z -> OpenRouter error (NotFoundError: Error code: 404 - {'error': {'message': 'This model is unavailable for free. The paid version is available now - use this slug instead: meta-llama/llama-3.3-70b-instruct', 'code': 404}, 'user_id': 'user_3FWg0Y7hFwr9mi6ZEJfwxiglC7C'}), trying next provider…
2026-07-21T06:47:25.365149Z -> LLM Error in Generator: All LLM providers failed (non-rate-limit errors). Check API keys and quotas.
2026-07-21T06:47:25.749833Z   ✓ Q4/4 saved (bank now 5)
2026-07-21T06:47:27.750091Z [90/347] Chemistry — Thermochemistry (English): generating 4 question(s)...
2026-07-21T06:47:27.750212Z --- RETRIEVING SYLLABUS & STUDENT HISTORY in parallel: Thermochemistry ---
2026-07-21T06:47:28.098998Z -> Retrieved 1 textbook chunk(s), 7 DSKP chunk(s)
2026-07-21T06:47:28.099584Z --- GENERATING ADAPTIVE MCQ IN ENGLISH ---
2026-07-21T06:47:30.498835Z -> OpenRouter error (NotFoundError: Error code: 404 - {'error': {'message': 'This model is unavailable for free. The paid version is available now - use this slug instead: meta-llama/llama-3.3-70b-instruct', 'code': 404}, 'user_id': 'user_3FWg0Y7hFwr9mi6ZEJfwxiglC7C'}), trying next provider…
2026-07-21T06:47:30.498944Z -> LLM Error in Generator: All LLM providers failed (non-rate-limit errors). Check API keys and quotas.
2026-07-21T06:47:30.880127Z   ✓ Q1/4 saved (bank now 2)
2026-07-21T06:47:32.880387Z --- RETRIEVING SYLLABUS & STUDENT HISTORY in parallel: Thermochemistry ---
2026-07-21T06:47:33.064605Z --- GENERATING ADAPTIVE MCQ IN ENGLISH ---
2026-07-21T06:47:33.083332Z -> OpenRouter error (NotFoundError: Error code: 404 - {'error': {'message': 'This model is unavailable for free. The paid version is available now - use this slug instead: meta-llama/llama-3.3-70b-instruct', 'code': 404}, 'user_id': 'user_3FWg0Y7hFwr9mi6ZEJfwxiglC7C'}), trying next provider…
2026-07-21T06:47:33.083395Z -> LLM Error in Generator: All LLM providers failed (non-rate-limit errors). Check API keys and quotas.
2026-07-21T06:47:33.469982Z   ✓ Q2/4 saved (bank now 3)
2026-07-21T06:47:35.470249Z --- RETRIEVING SYLLABUS & STUDENT HISTORY in parallel: Thermochemistry ---
2026-07-21T06:47:35.658144Z --- GENERATING ADAPTIVE MCQ IN ENGLISH ---
2026-07-21T06:47:35.687421Z -> OpenRouter error (NotFoundError: Error code: 404 - {'error': {'message': 'This model is unavailable for free. The paid version is available now - use this slug instead: meta-llama/llama-3.3-70b-instruct', 'code': 404}, 'user_id': 'user_3FWg0Y7hFwr9mi6ZEJfwxiglC7C'}), trying next provider…
2026-07-21T06:47:35.687501Z -> LLM Error in Generator: All LLM providers failed (non-rate-limit errors). Check API keys and quotas.
2026-07-21T06:47:36.600821Z   ✓ Q3/4 saved (bank now 4)
2026-07-21T06:47:38.601033Z --- RETRIEVING SYLLABUS & STUDENT HISTORY in parallel: Thermochemistry ---
2026-07-21T06:47:38.792285Z --- GENERATING ADAPTIVE MCQ IN ENGLISH ---
2026-07-21T06:47:38.811495Z -> OpenRouter error (NotFoundError: Error code: 404 - {'error': {'message': 'This model is unavailable for free. The paid version is available now - use this slug instead: meta-llama/llama-3.3-70b-instruct', 'code': 404}, 'user_id': 'user_3FWg0Y7hFwr9mi6ZEJfwxiglC7C'}), trying next provider…
2026-07-21T06:47:38.811569Z -> LLM Error in Generator: All LLM providers failed (non-rate-limit errors). Check API keys and quotas.
2026-07-21T06:47:39.177770Z   ✓ Q4/4 saved (bank now 5)
2026-07-21T06:47:41.178013Z [91/347] Chemistry — Thermochemistry (Bahasa Melayu): generating 4 question(s)...
2026-07-21T06:47:41.178111Z --- RETRIEVING SYLLABUS & STUDENT HISTORY in parallel: Thermochemistry ---
2026-07-21T06:47:41.368261Z --- GENERATING ADAPTIVE MCQ IN BAHASA MELAYU ---
2026-07-21T06:47:41.390105Z -> OpenRouter error (NotFoundError: Error code: 404 - {'error': {'message': 'This model is unavailable for free. The paid version is available now - use this slug instead: meta-llama/llama-3.3-70b-instruct', 'code': 404}, 'user_id': 'user_3FWg0Y7hFwr9mi6ZEJfwxiglC7C'}), trying next provider…
2026-07-21T06:47:41.390190Z -> LLM Error in Generator: All LLM providers failed (non-rate-limit errors). Check API keys and quotas.
2026-07-21T06:47:41.767626Z   ✓ Q1/4 saved (bank now 2)
2026-07-21T06:47:43.767797Z --- RETRIEVING SYLLABUS & STUDENT HISTORY in parallel: Thermochemistry ---
2026-07-21T06:47:43.952254Z --- GENERATING ADAPTIVE MCQ IN BAHASA MELAYU ---
2026-07-21T06:47:43.971949Z -> OpenRouter error (NotFoundError: Error code: 404 - {'error': {'message': 'This model is unavailable for free. The paid version is available now - use this slug instead: meta-llama/llama-3.3-70b-instruct', 'code': 404}, 'user_id': 'user_3FWg0Y7hFwr9mi6ZEJfwxiglC7C'}), trying next provider…
2026-07-21T06:47:43.972052Z -> LLM Error in Generator: All LLM providers failed (non-rate-limit errors). Check API keys and quotas.
2026-07-21T06:47:44.359892Z   ✓ Q2/4 saved (bank now 3)
2026-07-21T06:47:46.360223Z --- RETRIEVING SYLLABUS & STUDENT HISTORY in parallel: Thermochemistry ---
2026-07-21T06:47:46.568388Z --- GENERATING ADAPTIVE MCQ IN BAHASA MELAYU ---
2026-07-21T06:47:46.588642Z -> OpenRouter error (NotFoundError: Error code: 404 - {'error': {'message': 'This model is unavailable for free. The paid version is available now - use this slug instead: meta-llama/llama-3.3-70b-instruct', 'code': 404}, 'user_id': 'user_3FWg0Y7hFwr9mi6ZEJfwxiglC7C'}), trying next provider…
2026-07-21T06:47:46.588724Z -> LLM Error in Generator: All LLM providers failed (non-rate-limit errors). Check API keys and quotas.
2026-07-21T06:47:46.970575Z   ✓ Q3/4 saved (bank now 4)
2026-07-21T06:47:48.970718Z --- RETRIEVING SYLLABUS & STUDENT HISTORY in parallel: Thermochemistry ---
2026-07-21T06:47:49.161667Z --- GENERATING ADAPTIVE MCQ IN BAHASA MELAYU ---
2026-07-21T06:47:49.185393Z -> OpenRouter error (NotFoundError: Error code: 404 - {'error': {'message': 'This model is unavailable for free. The paid version is available now - use this slug instead: meta-llama/llama-3.3-70b-instruct', 'code': 404}, 'user_id': 'user_3FWg0Y7hFwr9mi6ZEJfwxiglC7C'}), trying next provider…
2026-07-21T06:47:49.185483Z -> LLM Error in Generator: All LLM providers failed (non-rate-limit errors). Check API keys and quotas.
2026-07-21T06:47:49.556429Z   ✓ Q4/4 saved (bank now 5)
2026-07-21T06:47:51.556593Z [92/347] Chemistry — Polymer Chemistry (English): generating 4 question(s)...
2026-07-21T06:47:51.556706Z --- RETRIEVING SYLLABUS & STUDENT HISTORY in parallel: Polymer Chemistry ---
2026-07-21T06:47:51.891418Z -> Retrieved 0 textbook chunk(s), 8 DSKP chunk(s)
2026-07-21T06:47:51.891800Z --- GENERATING ADAPTIVE MCQ IN ENGLISH ---
2026-07-21T06:47:51.911095Z -> OpenRouter error (NotFoundError: Error code: 404 - {'error': {'message': 'This model is unavailable for free. The paid version is available now - use this slug instead: meta-llama/llama-3.3-70b-instruct', 'code': 404}, 'user_id': 'user_3FWg0Y7hFwr9mi6ZEJfwxiglC7C'}), trying next provider…
2026-07-21T06:47:51.911163Z -> LLM Error in Generator: All LLM providers failed (non-rate-limit errors). Check API keys and quotas.
2026-07-21T06:47:52.300380Z   ✓ Q1/4 saved (bank now 2)
2026-07-21T06:47:54.300558Z --- RETRIEVING SYLLABUS & STUDENT HISTORY in parallel: Polymer Chemistry ---
2026-07-21T06:47:54.481405Z --- GENERATING ADAPTIVE MCQ IN ENGLISH ---
2026-07-21T06:47:54.501147Z -> OpenRouter error (NotFoundError: Error code: 404 - {'error': {'message': 'This model is unavailable for free. The paid version is available now - use this slug instead: meta-llama/llama-3.3-70b-instruct', 'code': 404}, 'user_id': 'user_3FWg0Y7hFwr9mi6ZEJfwxiglC7C'}), trying next provider…
2026-07-21T06:47:54.501211Z -> LLM Error in Generator: All LLM providers failed (non-rate-limit errors). Check API keys and quotas.
2026-07-21T06:47:54.875565Z   ✓ Q2/4 saved (bank now 3)
2026-07-21T06:47:56.875819Z --- RETRIEVING SYLLABUS & STUDENT HISTORY in parallel: Polymer Chemistry ---
2026-07-21T06:47:57.068285Z --- GENERATING ADAPTIVE MCQ IN ENGLISH ---
2026-07-21T06:47:57.088012Z -> OpenRouter error (NotFoundError: Error code: 404 - {'error': {'message': 'This model is unavailable for free. The paid version is available now - use this slug instead: meta-llama/llama-3.3-70b-instruct', 'code': 404}, 'user_id': 'user_3FWg0Y7hFwr9mi6ZEJfwxiglC7C'}), trying next provider…
2026-07-21T06:47:57.088058Z -> LLM Error in Generator: All LLM providers failed (non-rate-limit errors). Check API keys and quotas.
2026-07-21T06:47:57.467778Z   ✓ Q3/4 saved (bank now 4)
2026-07-21T06:47:59.468024Z --- RETRIEVING SYLLABUS & STUDENT HISTORY in parallel: Polymer Chemistry ---
2026-07-21T06:47:59.659750Z --- GENERATING ADAPTIVE MCQ IN ENGLISH ---
2026-07-21T06:47:59.677664Z -> OpenRouter error (NotFoundError: Error code: 404 - {'error': {'message': 'This model is unavailable for free. The paid version is available now - use this slug instead: meta-llama/llama-3.3-70b-instruct', 'code': 404}, 'user_id': 'user_3FWg0Y7hFwr9mi6ZEJfwxiglC7C'}), trying next provider…
2026-07-21T06:47:59.677732Z -> LLM Error in Generator: All LLM providers failed (non-rate-limit errors). Check API keys and quotas.
2026-07-21T06:48:00.055279Z   ✓ Q4/4 saved (bank now 5)
2026-07-21T06:48:02.055525Z [93/347] Chemistry — Polymer Chemistry (Bahasa Melayu): generating 4 question(s)...
2026-07-21T06:48:02.055637Z --- RETRIEVING SYLLABUS & STUDENT HISTORY in parallel: Polymer Chemistry ---
2026-07-21T06:48:02.245365Z --- GENERATING ADAPTIVE MCQ IN BAHASA MELAYU ---
2026-07-21T06:48:02.263625Z -> OpenRouter error (NotFoundError: Error code: 404 - {'error': {'message': 'This model is unavailable for free. The paid version is available now - use this slug instead: meta-llama/llama-3.3-70b-instruct', 'code': 404}, 'user_id': 'user_3FWg0Y7hFwr9mi6ZEJfwxiglC7C'}), trying next provider…
2026-07-21T06:48:02.263715Z -> LLM Error in Generator: All LLM providers failed (non-rate-limit errors). Check API keys and quotas.
2026-07-21T06:48:02.663697Z   ✓ Q1/4 saved (bank now 2)
2026-07-21T06:48:04.663946Z --- RETRIEVING SYLLABUS & STUDENT HISTORY in parallel: Polymer Chemistry ---
2026-07-21T06:48:04.849625Z --- GENERATING ADAPTIVE MCQ IN BAHASA MELAYU ---
2026-07-21T06:48:04.868611Z -> OpenRouter error (NotFoundError: Error code: 404 - {'error': {'message': 'This model is unavailable for free. The paid version is available now - use this slug instead: meta-llama/llama-3.3-70b-instruct', 'code': 404}, 'user_id': 'user_3FWg0Y7hFwr9mi6ZEJfwxiglC7C'}), trying next provider…
2026-07-21T06:48:04.868662Z -> LLM Error in Generator: All LLM providers failed (non-rate-limit errors). Check API keys and quotas.
2026-07-21T06:48:05.247658Z   ✓ Q2/4 saved (bank now 3)
2026-07-21T06:48:07.247946Z --- RETRIEVING SYLLABUS & STUDENT HISTORY in parallel: Polymer Chemistry ---
2026-07-21T06:48:07.425706Z --- GENERATING ADAPTIVE MCQ IN BAHASA MELAYU ---
2026-07-21T06:48:08.724469Z   ✓ Q3/4 saved (bank now 4)
2026-07-21T06:48:10.724691Z --- RETRIEVING SYLLABUS & STUDENT HISTORY in parallel: Polymer Chemistry ---
2026-07-21T06:48:10.937937Z --- GENERATING ADAPTIVE MCQ IN BAHASA MELAYU ---
2026-07-21T06:48:12.193372Z   ✓ Q4/4 saved (bank now 5)
2026-07-21T06:48:14.193578Z [94/347] Chemistry — Manufactured Substances in Industry (English): generating 4 question(s)...
2026-07-21T06:48:14.193645Z --- RETRIEVING SYLLABUS & STUDENT HISTORY in parallel: Manufactured Substances in Industry ---
2026-07-21T06:48:14.522963Z -> Retrieved 0 textbook chunk(s), 8 DSKP chunk(s)
2026-07-21T06:48:14.523385Z --- GENERATING ADAPTIVE MCQ IN ENGLISH ---
2026-07-21T06:48:16.459604Z   ✓ Q1/4 saved (bank now 2)
2026-07-21T06:48:18.459787Z --- RETRIEVING SYLLABUS & STUDENT HISTORY in parallel: Manufactured Substances in Industry ---
2026-07-21T06:48:18.647088Z --- GENERATING ADAPTIVE MCQ IN ENGLISH ---
2026-07-21T06:48:20.322096Z -> Cerebras: cooling for 65s.
2026-07-21T06:48:20.360577Z -> GroqCloud: cooling for 65s.
2026-07-21T06:48:20.399866Z -> OpenRouter error (NotFoundError: Error code: 404 - {'error': {'message': 'This model is unavailable for free. The paid version is available now - use this slug instead: meta-llama/llama-3.3-70b-instruct', 'code': 404}, 'user_id': 'user_3FWg0Y7hFwr9mi6ZEJfwxiglC7C'}), trying next provider…
2026-07-21T06:48:20.399955Z -> LLM Error in Generator: All LLM providers failed (non-rate-limit errors). Check API keys and quotas.
2026-07-21T06:48:20.788949Z   ✓ Q2/4 saved (bank now 3)
2026-07-21T06:48:22.789270Z --- RETRIEVING SYLLABUS & STUDENT HISTORY in parallel: Manufactured Substances in Industry ---
2026-07-21T06:48:22.979243Z --- GENERATING ADAPTIVE MCQ IN ENGLISH ---
2026-07-21T06:48:23.012468Z -> OpenRouter error (NotFoundError: Error code: 404 - {'error': {'message': 'This model is unavailable for free. The paid version is available now - use this slug instead: meta-llama/llama-3.3-70b-instruct', 'code': 404}, 'user_id': 'user_3FWg0Y7hFwr9mi6ZEJfwxiglC7C'}), trying next provider…
2026-07-21T06:48:23.012554Z -> LLM Error in Generator: All LLM providers failed (non-rate-limit errors). Check API keys and quotas.
2026-07-21T06:48:23.395195Z   ✓ Q3/4 saved (bank now 4)
2026-07-21T06:48:25.395436Z --- RETRIEVING SYLLABUS & STUDENT HISTORY in parallel: Manufactured Substances in Industry ---
2026-07-21T06:48:25.573661Z --- GENERATING ADAPTIVE MCQ IN ENGLISH ---
2026-07-21T06:48:25.591120Z -> OpenRouter error (NotFoundError: Error code: 404 - {'error': {'message': 'This model is unavailable for free. The paid version is available now - use this slug instead: meta-llama/llama-3.3-70b-instruct', 'code': 404}, 'user_id': 'user_3FWg0Y7hFwr9mi6ZEJfwxiglC7C'}), trying next provider…
2026-07-21T06:48:25.591207Z -> LLM Error in Generator: All LLM providers failed (non-rate-limit errors). Check API keys and quotas.
2026-07-21T06:48:25.992076Z   ✓ Q4/4 saved (bank now 5)
2026-07-21T06:48:27.992360Z [95/347] Chemistry — Manufactured Substances in Industry (Bahasa Melayu): generating 4 question(s)...
2026-07-21T06:48:27.992442Z --- RETRIEVING SYLLABUS & STUDENT HISTORY in parallel: Manufactured Substances in Industry ---
2026-07-21T06:48:28.171354Z --- GENERATING ADAPTIVE MCQ IN BAHASA MELAYU ---
2026-07-21T06:48:28.190541Z -> OpenRouter error (NotFoundError: Error code: 404 - {'error': {'message': 'This model is unavailable for free. The paid version is available now - use this slug instead: meta-llama/llama-3.3-70b-instruct', 'code': 404}, 'user_id': 'user_3FWg0Y7hFwr9mi6ZEJfwxiglC7C'}), trying next provider…
2026-07-21T06:48:28.190615Z -> LLM Error in Generator: All LLM providers failed (non-rate-limit errors). Check API keys and quotas.
2026-07-21T06:48:28.572081Z   ✓ Q1/4 saved (bank now 2)
2026-07-21T06:48:30.572402Z --- RETRIEVING SYLLABUS & STUDENT HISTORY in parallel: Manufactured Substances in Industry ---
2026-07-21T06:48:30.774930Z --- GENERATING ADAPTIVE MCQ IN BAHASA MELAYU ---
2026-07-21T06:48:30.791678Z -> OpenRouter error (NotFoundError: Error code: 404 - {'error': {'message': 'This model is unavailable for free. The paid version is available now - use this slug instead: meta-llama/llama-3.3-70b-instruct', 'code': 404}, 'user_id': 'user_3FWg0Y7hFwr9mi6ZEJfwxiglC7C'}), trying next provider…
2026-07-21T06:48:30.791756Z -> LLM Error in Generator: All LLM providers failed (non-rate-limit errors). Check API keys and quotas.
2026-07-21T06:48:31.291071Z   ✓ Q2/4 saved (bank now 3)
2026-07-21T06:48:33.291418Z --- RETRIEVING SYLLABUS & STUDENT HISTORY in parallel: Manufactured Substances in Industry ---
2026-07-21T06:48:33.480642Z --- GENERATING ADAPTIVE MCQ IN BAHASA MELAYU ---
2026-07-21T06:48:33.499011Z -> OpenRouter error (NotFoundError: Error code: 404 - {'error': {'message': 'This model is unavailable for free. The paid version is available now - use this slug instead: meta-llama/llama-3.3-70b-instruct', 'code': 404}, 'user_id': 'user_3FWg0Y7hFwr9mi6ZEJfwxiglC7C'}), trying next provider…
2026-07-21T06:48:33.499087Z -> LLM Error in Generator: All LLM providers failed (non-rate-limit errors). Check API keys and quotas.
2026-07-21T06:48:33.894406Z   ✓ Q3/4 saved (bank now 4)
2026-07-21T06:48:35.894509Z --- RETRIEVING SYLLABUS & STUDENT HISTORY in parallel: Manufactured Substances in Industry ---
2026-07-21T06:48:36.082032Z --- GENERATING ADAPTIVE MCQ IN BAHASA MELAYU ---
2026-07-21T06:48:36.100216Z -> OpenRouter error (NotFoundError: Error code: 404 - {'error': {'message': 'This model is unavailable for free. The paid version is available now - use this slug instead: meta-llama/llama-3.3-70b-instruct', 'code': 404}, 'user_id': 'user_3FWg0Y7hFwr9mi6ZEJfwxiglC7C'}), trying next provider…
2026-07-21T06:48:36.100360Z -> LLM Error in Generator: All LLM providers failed (non-rate-limit errors). Check API keys and quotas.
2026-07-21T06:48:36.473164Z   ✓ Q4/4 saved (bank now 5)
2026-07-21T06:48:38.473411Z [96/347] Chemistry — Consumer and Industrial Chemistry (English): generating 4 question(s)...
2026-07-21T06:48:38.473503Z --- RETRIEVING SYLLABUS & STUDENT HISTORY in parallel: Consumer and Industrial Chemistry ---
2026-07-21T06:48:38.778067Z -> Retrieved 2 textbook chunk(s), 6 DSKP chunk(s)
2026-07-21T06:48:38.778569Z --- GENERATING ADAPTIVE MCQ IN ENGLISH ---
2026-07-21T06:48:38.798080Z -> OpenRouter error (NotFoundError: Error code: 404 - {'error': {'message': 'This model is unavailable for free. The paid version is available now - use this slug instead: meta-llama/llama-3.3-70b-instruct', 'code': 404}, 'user_id': 'user_3FWg0Y7hFwr9mi6ZEJfwxiglC7C'}), trying next provider…
2026-07-21T06:48:38.798157Z -> LLM Error in Generator: All LLM providers failed (non-rate-limit errors). Check API keys and quotas.
2026-07-21T06:48:39.168876Z   ✓ Q1/4 saved (bank now 2)
2026-07-21T06:48:41.169002Z --- RETRIEVING SYLLABUS & STUDENT HISTORY in parallel: Consumer and Industrial Chemistry ---
2026-07-21T06:48:41.366914Z --- GENERATING ADAPTIVE MCQ IN ENGLISH ---
2026-07-21T06:48:41.391668Z -> OpenRouter error (NotFoundError: Error code: 404 - {'error': {'message': 'This model is unavailable for free. The paid version is available now - use this slug instead: meta-llama/llama-3.3-70b-instruct', 'code': 404}, 'user_id': 'user_3FWg0Y7hFwr9mi6ZEJfwxiglC7C'}), trying next provider…
2026-07-21T06:48:41.391731Z -> LLM Error in Generator: All LLM providers failed (non-rate-limit errors). Check API keys and quotas.
2026-07-21T06:48:41.758491Z   ✓ Q2/4 saved (bank now 3)
2026-07-21T06:48:43.758698Z --- RETRIEVING SYLLABUS & STUDENT HISTORY in parallel: Consumer and Industrial Chemistry ---
2026-07-21T06:48:43.947588Z --- GENERATING ADAPTIVE MCQ IN ENGLISH ---
2026-07-21T06:48:43.975354Z -> OpenRouter error (NotFoundError: Error code: 404 - {'error': {'message': 'This model is unavailable for free. The paid version is available now - use this slug instead: meta-llama/llama-3.3-70b-instruct', 'code': 404}, 'user_id': 'user_3FWg0Y7hFwr9mi6ZEJfwxiglC7C'}), trying next provider…
2026-07-21T06:48:43.975422Z -> LLM Error in Generator: All LLM providers failed (non-rate-limit errors). Check API keys and quotas.
2026-07-21T06:48:44.351153Z   ✓ Q3/4 saved (bank now 4)
2026-07-21T06:48:46.351412Z --- RETRIEVING SYLLABUS & STUDENT HISTORY in parallel: Consumer and Industrial Chemistry ---
2026-07-21T06:48:46.533745Z --- GENERATING ADAPTIVE MCQ IN ENGLISH ---
2026-07-21T06:48:46.551818Z -> OpenRouter error (NotFoundError: Error code: 404 - {'error': {'message': 'This model is unavailable for free. The paid version is available now - use this slug instead: meta-llama/llama-3.3-70b-instruct', 'code': 404}, 'user_id': 'user_3FWg0Y7hFwr9mi6ZEJfwxiglC7C'}), trying next provider…
2026-07-21T06:48:46.551921Z -> LLM Error in Generator: All LLM providers failed (non-rate-limit errors). Check API keys and quotas.
2026-07-21T06:48:46.917770Z   ✓ Q4/4 saved (bank now 5)
2026-07-21T06:48:48.917946Z [97/347] Chemistry — Consumer and Industrial Chemistry (Bahasa Melayu): generating 4 question(s)...
2026-07-21T06:48:48.918017Z --- RETRIEVING SYLLABUS & STUDENT HISTORY in parallel: Consumer and Industrial Chemistry ---
2026-07-21T06:48:49.100435Z --- GENERATING ADAPTIVE MCQ IN BAHASA MELAYU ---
2026-07-21T06:48:49.117874Z -> OpenRouter error (NotFoundError: Error code: 404 - {'error': {'message': 'This model is unavailable for free. The paid version is available now - use this slug instead: meta-llama/llama-3.3-70b-instruct', 'code': 404}, 'user_id': 'user_3FWg0Y7hFwr9mi6ZEJfwxiglC7C'}), trying next provider…
2026-07-21T06:48:49.117925Z -> LLM Error in Generator: All LLM providers failed (non-rate-limit errors). Check API keys and quotas.
2026-07-21T06:48:49.521958Z   ✓ Q1/4 saved (bank now 2)
2026-07-21T06:48:51.522123Z --- RETRIEVING SYLLABUS & STUDENT HISTORY in parallel: Consumer and Industrial Chemistry ---
2026-07-21T06:48:51.711575Z --- GENERATING ADAPTIVE MCQ IN BAHASA MELAYU ---
2026-07-21T06:48:51.734228Z -> OpenRouter error (NotFoundError: Error code: 404 - {'error': {'message': 'This model is unavailable for free. The paid version is available now - use this slug instead: meta-llama/llama-3.3-70b-instruct', 'code': 404}, 'user_id': 'user_3FWg0Y7hFwr9mi6ZEJfwxiglC7C'}), trying next provider…
2026-07-21T06:48:51.734299Z -> LLM Error in Generator: All LLM providers failed (non-rate-limit errors). Check API keys and quotas.
2026-07-21T06:48:52.100748Z   ✓ Q2/4 saved (bank now 3)
2026-07-21T06:48:54.100942Z --- RETRIEVING SYLLABUS & STUDENT HISTORY in parallel: Consumer and Industrial Chemistry ---
2026-07-21T06:48:54.322910Z --- GENERATING ADAPTIVE MCQ IN BAHASA MELAYU ---
2026-07-21T06:48:54.347071Z -> OpenRouter error (NotFoundError: Error code: 404 - {'error': {'message': 'This model is unavailable for free. The paid version is available now - use this slug instead: meta-llama/llama-3.3-70b-instruct', 'code': 404}, 'user_id': 'user_3FWg0Y7hFwr9mi6ZEJfwxiglC7C'}), trying next provider…
2026-07-21T06:48:54.347159Z -> LLM Error in Generator: All LLM providers failed (non-rate-limit errors). Check API keys and quotas.
2026-07-21T06:48:54.720140Z   ✓ Q3/4 saved (bank now 4)
2026-07-21T06:48:56.720449Z --- RETRIEVING SYLLABUS & STUDENT HISTORY in parallel: Consumer and Industrial Chemistry ---
2026-07-21T06:48:56.923768Z --- GENERATING ADAPTIVE MCQ IN BAHASA MELAYU ---
2026-07-21T06:48:56.939942Z -> OpenRouter error (NotFoundError: Error code: 404 - {'error': {'message': 'This model is unavailable for free. The paid version is available now - use this slug instead: meta-llama/llama-3.3-70b-instruct', 'code': 404}, 'user_id': 'user_3FWg0Y7hFwr9mi6ZEJfwxiglC7C'}), trying next provider…
2026-07-21T06:48:56.939992Z -> LLM Error in Generator: All LLM providers failed (non-rate-limit errors). Check API keys and quotas.
2026-07-21T06:48:57.320815Z   ✓ Q4/4 saved (bank now 5)
2026-07-21T06:48:59.321105Z [98/347] Science — Introduction to Science (English): generating 2 question(s)...
2026-07-21T06:48:59.321210Z --- RETRIEVING SYLLABUS & STUDENT HISTORY in parallel: Introduction to Science ---
2026-07-21T06:48:59.826351Z -> Retrieved 1 textbook chunk(s), 7 DSKP chunk(s)
2026-07-21T06:48:59.827001Z --- GENERATING ADAPTIVE MCQ IN ENGLISH ---
2026-07-21T06:48:59.845912Z -> OpenRouter error (NotFoundError: Error code: 404 - {'error': {'message': 'This model is unavailable for free. The paid version is available now - use this slug instead: meta-llama/llama-3.3-70b-instruct', 'code': 404}, 'user_id': 'user_3FWg0Y7hFwr9mi6ZEJfwxiglC7C'}), trying next provider…
2026-07-21T06:48:59.845978Z -> LLM Error in Generator: All LLM providers failed (non-rate-limit errors). Check API keys and quotas.
2026-07-21T06:49:00.231418Z   ✓ Q1/2 saved (bank now 4)
2026-07-21T06:49:02.231715Z --- RETRIEVING SYLLABUS & STUDENT HISTORY in parallel: Introduction to Science ---
2026-07-21T06:49:02.418124Z --- GENERATING ADAPTIVE MCQ IN ENGLISH ---
2026-07-21T06:49:02.438446Z -> OpenRouter error (NotFoundError: Error code: 404 - {'error': {'message': 'This model is unavailable for free. The paid version is available now - use this slug instead: meta-llama/llama-3.3-70b-instruct', 'code': 404}, 'user_id': 'user_3FWg0Y7hFwr9mi6ZEJfwxiglC7C'}), trying next provider…
2026-07-21T06:49:02.438514Z -> LLM Error in Generator: All LLM providers failed (non-rate-limit errors). Check API keys and quotas.
2026-07-21T06:49:02.815377Z   ✓ Q2/2 saved (bank now 5)
2026-07-21T06:49:04.815586Z [99/347] Science — Introduction to Science (Bahasa Melayu): generating 5 question(s)...
2026-07-21T06:49:04.815671Z --- RETRIEVING SYLLABUS & STUDENT HISTORY in parallel: Introduction to Science ---
2026-07-21T06:49:05.002400Z --- GENERATING ADAPTIVE MCQ IN BAHASA MELAYU ---
2026-07-21T06:49:05.020895Z -> OpenRouter error (NotFoundError: Error code: 404 - {'error': {'message': 'This model is unavailable for free. The paid version is available now - use this slug instead: meta-llama/llama-3.3-70b-instruct', 'code': 404}, 'user_id': 'user_3FWg0Y7hFwr9mi6ZEJfwxiglC7C'}), trying next provider…
2026-07-21T06:49:05.020965Z -> LLM Error in Generator: All LLM providers failed (non-rate-limit errors). Check API keys and quotas.
2026-07-21T06:49:05.394724Z   ✓ Q1/5 saved (bank now 1)
2026-07-21T06:49:07.394977Z --- RETRIEVING SYLLABUS & STUDENT HISTORY in parallel: Introduction to Science ---
2026-07-21T06:49:07.582683Z --- GENERATING ADAPTIVE MCQ IN BAHASA MELAYU ---
2026-07-21T06:49:07.600163Z -> OpenRouter error (NotFoundError: Error code: 404 - {'error': {'message': 'This model is unavailable for free. The paid version is available now - use this slug instead: meta-llama/llama-3.3-70b-instruct', 'code': 404}, 'user_id': 'user_3FWg0Y7hFwr9mi6ZEJfwxiglC7C'}), trying next provider…
2026-07-21T06:49:07.600222Z -> LLM Error in Generator: All LLM providers failed (non-rate-limit errors). Check API keys and quotas.
2026-07-21T06:49:07.966852Z   ✓ Q2/5 saved (bank now 2)
2026-07-21T06:49:09.967076Z --- RETRIEVING SYLLABUS & STUDENT HISTORY in parallel: Introduction to Science ---
2026-07-21T06:49:10.153123Z --- GENERATING ADAPTIVE MCQ IN BAHASA MELAYU ---
2026-07-21T06:49:10.171807Z -> OpenRouter error (NotFoundError: Error code: 404 - {'error': {'message': 'This model is unavailable for free. The paid version is available now - use this slug instead: meta-llama/llama-3.3-70b-instruct', 'code': 404}, 'user_id': 'user_3FWg0Y7hFwr9mi6ZEJfwxiglC7C'}), trying next provider…
2026-07-21T06:49:10.171902Z -> LLM Error in Generator: All LLM providers failed (non-rate-limit errors). Check API keys and quotas.
2026-07-21T06:49:10.555103Z   ✓ Q3/5 saved (bank now 3)
2026-07-21T06:49:12.555373Z --- RETRIEVING SYLLABUS & STUDENT HISTORY in parallel: Introduction to Science ---
2026-07-21T06:49:12.750614Z --- GENERATING ADAPTIVE MCQ IN BAHASA MELAYU ---
2026-07-21T06:49:12.775443Z -> OpenRouter error (NotFoundError: Error code: 404 - {'error': {'message': 'This model is unavailable for free. The paid version is available now - use this slug instead: meta-llama/llama-3.3-70b-instruct', 'code': 404}, 'user_id': 'user_3FWg0Y7hFwr9mi6ZEJfwxiglC7C'}), trying next provider…
2026-07-21T06:49:12.775528Z -> LLM Error in Generator: All LLM providers failed (non-rate-limit errors). Check API keys and quotas.
2026-07-21T06:49:13.159409Z   ✓ Q4/5 saved (bank now 4)
2026-07-21T06:49:15.159605Z --- RETRIEVING SYLLABUS & STUDENT HISTORY in parallel: Introduction to Science ---
2026-07-21T06:49:15.345558Z --- GENERATING ADAPTIVE MCQ IN BAHASA MELAYU ---
2026-07-21T06:49:15.366145Z -> OpenRouter error (NotFoundError: Error code: 404 - {'error': {'message': 'This model is unavailable for free. The paid version is available now - use this slug instead: meta-llama/llama-3.3-70b-instruct', 'code': 404}, 'user_id': 'user_3FWg0Y7hFwr9mi6ZEJfwxiglC7C'}), trying next provider…
2026-07-21T06:49:15.366206Z -> LLM Error in Generator: All LLM providers failed (non-rate-limit errors). Check API keys and quotas.
2026-07-21T06:49:15.751672Z   ✓ Q5/5 saved (bank now 5)
2026-07-21T06:49:17.752021Z [100/347] Science — Cell as a Unit of Life (English): generating 5 question(s)...
2026-07-21T06:49:17.752121Z --- RETRIEVING SYLLABUS & STUDENT HISTORY in parallel: Cell as a Unit of Life ---
2026-07-21T06:49:18.270385Z -> Retrieved 4 textbook chunk(s), 4 DSKP chunk(s)
2026-07-21T06:49:18.270903Z --- GENERATING ADAPTIVE MCQ IN ENGLISH ---
2026-07-21T06:49:18.304460Z -> OpenRouter error (NotFoundError: Error code: 404 - {'error': {'message': 'This model is unavailable for free. The paid version is available now - use this slug instead: meta-llama/llama-3.3-70b-instruct', 'code': 404}, 'user_id': 'user_3FWg0Y7hFwr9mi6ZEJfwxiglC7C'}), trying next provider…
2026-07-21T06:49:18.304529Z -> LLM Error in Generator: All LLM providers failed (non-rate-limit errors). Check API keys and quotas.
2026-07-21T06:49:18.678360Z   ✓ Q1/5 saved (bank now 1)
2026-07-21T06:49:20.678560Z --- RETRIEVING SYLLABUS & STUDENT HISTORY in parallel: Cell as a Unit of Life ---
2026-07-21T06:49:20.867138Z --- GENERATING ADAPTIVE MCQ IN ENGLISH ---
2026-07-21T06:49:20.886762Z -> OpenRouter error (NotFoundError: Error code: 404 - {'error': {'message': 'This model is unavailable for free. The paid version is available now - use this slug instead: meta-llama/llama-3.3-70b-instruct', 'code': 404}, 'user_id': 'user_3FWg0Y7hFwr9mi6ZEJfwxiglC7C'}), trying next provider…
2026-07-21T06:49:20.886821Z -> LLM Error in Generator: All LLM providers failed (non-rate-limit errors). Check API keys and quotas.
2026-07-21T06:49:21.261983Z   ✓ Q2/5 saved (bank now 2)
2026-07-21T06:49:23.262155Z --- RETRIEVING SYLLABUS & STUDENT HISTORY in parallel: Cell as a Unit of Life ---
2026-07-21T06:49:23.451853Z --- GENERATING ADAPTIVE MCQ IN ENGLISH ---
2026-07-21T06:49:23.520622Z -> OpenRouter error (NotFoundError: Error code: 404 - {'error': {'message': 'This model is unavailable for free. The paid version is available now - use this slug instead: meta-llama/llama-3.3-70b-instruct', 'code': 404}, 'user_id': 'user_3FWg0Y7hFwr9mi6ZEJfwxiglC7C'}), trying next provider…
2026-07-21T06:49:23.520712Z -> LLM Error in Generator: All LLM providers failed (non-rate-limit errors). Check API keys and quotas.
2026-07-21T06:49:23.902456Z   ✓ Q3/5 saved (bank now 3)
2026-07-21T06:49:25.902646Z --- RETRIEVING SYLLABUS & STUDENT HISTORY in parallel: Cell as a Unit of Life ---
2026-07-21T06:49:26.098862Z --- GENERATING ADAPTIVE MCQ IN ENGLISH ---
2026-07-21T06:49:27.405714Z   ✓ Q4/5 saved (bank now 4)
2026-07-21T06:49:29.406034Z --- RETRIEVING SYLLABUS & STUDENT HISTORY in parallel: Cell as a Unit of Life ---
2026-07-21T06:49:29.604061Z --- GENERATING ADAPTIVE MCQ IN ENGLISH ---
2026-07-21T06:49:30.752044Z   ✓ Q5/5 saved (bank now 5)
2026-07-21T06:49:32.752236Z [101/347] Science — Cell as a Unit of Life (Bahasa Melayu): generating 5 question(s)...
2026-07-21T06:49:32.752376Z --- RETRIEVING SYLLABUS & STUDENT HISTORY in parallel: Cell as a Unit of Life ---
2026-07-21T06:49:32.947604Z --- GENERATING ADAPTIVE MCQ IN BAHASA MELAYU ---
2026-07-21T06:49:34.249078Z   ✓ Q1/5 saved (bank now 1)
2026-07-21T06:49:36.249271Z --- RETRIEVING SYLLABUS & STUDENT HISTORY in parallel: Cell as a Unit of Life ---
2026-07-21T06:49:36.448907Z --- GENERATING ADAPTIVE MCQ IN BAHASA MELAYU ---
2026-07-21T06:49:38.184631Z -> Cerebras: cooling for 65s.
2026-07-21T06:49:38.229499Z -> GroqCloud: cooling for 65s.
2026-07-21T06:49:38.318443Z -> OpenRouter error (NotFoundError: Error code: 404 - {'error': {'message': 'This model is unavailable for free. The paid version is available now - use this slug instead: meta-llama/llama-3.3-70b-instruct', 'code': 404}, 'user_id': 'user_3FWg0Y7hFwr9mi6ZEJfwxiglC7C'}), trying next provider…
2026-07-21T06:49:38.318496Z -> LLM Error in Generator: All LLM providers failed (non-rate-limit errors). Check API keys and quotas.
2026-07-21T06:49:38.709363Z   ✓ Q2/5 saved (bank now 2)
2026-07-21T06:49:40.709546Z --- RETRIEVING SYLLABUS & STUDENT HISTORY in parallel: Cell as a Unit of Life ---
2026-07-21T06:49:40.895695Z --- GENERATING ADAPTIVE MCQ IN BAHASA MELAYU ---
2026-07-21T06:49:40.935197Z -> OpenRouter error (NotFoundError: Error code: 404 - {'error': {'message': 'This model is unavailable for free. The paid version is available now - use this slug instead: meta-llama/llama-3.3-70b-instruct', 'code': 404}, 'user_id': 'user_3FWg0Y7hFwr9mi6ZEJfwxiglC7C'}), trying next provider…
2026-07-21T06:49:40.935256Z -> LLM Error in Generator: All LLM providers failed (non-rate-limit errors). Check API keys and quotas.
2026-07-21T06:49:41.309295Z   ✓ Q3/5 saved (bank now 3)
2026-07-21T06:49:43.309549Z --- RETRIEVING SYLLABUS & STUDENT HISTORY in parallel: Cell as a Unit of Life ---
2026-07-21T06:49:43.499271Z --- GENERATING ADAPTIVE MCQ IN BAHASA MELAYU ---
2026-07-21T06:49:43.520545Z -> OpenRouter error (NotFoundError: Error code: 404 - {'error': {'message': 'This model is unavailable for free. The paid version is available now - use this slug instead: meta-llama/llama-3.3-70b-instruct', 'code': 404}, 'user_id': 'user_3FWg0Y7hFwr9mi6ZEJfwxiglC7C'}), trying next provider…
2026-07-21T06:49:43.520606Z -> LLM Error in Generator: All LLM providers failed (non-rate-limit errors). Check API keys and quotas.
2026-07-21T06:49:43.908249Z   ✓ Q4/5 saved (bank now 4)
2026-07-21T06:49:45.908448Z --- RETRIEVING SYLLABUS & STUDENT HISTORY in parallel: Cell as a Unit of Life ---
2026-07-21T06:49:46.099850Z --- GENERATING ADAPTIVE MCQ IN BAHASA MELAYU ---
2026-07-21T06:49:46.141845Z -> OpenRouter error (NotFoundError: Error code: 404 - {'error': {'message': 'This model is unavailable for free. The paid version is available now - use this slug instead: meta-llama/llama-3.3-70b-instruct', 'code': 404}, 'user_id': 'user_3FWg0Y7hFwr9mi6ZEJfwxiglC7C'}), trying next provider…
2026-07-21T06:49:46.141929Z -> LLM Error in Generator: All LLM providers failed (non-rate-limit errors). Check API keys and quotas.
2026-07-21T06:49:46.518971Z   ✓ Q5/5 saved (bank now 5)
2026-07-21T06:49:48.519201Z [102/347] Science — Matter (English): generating 5 question(s)...
2026-07-21T06:49:48.519288Z --- RETRIEVING SYLLABUS & STUDENT HISTORY in parallel: Matter ---
2026-07-21T06:49:48.911730Z -> Retrieved 1 textbook chunk(s), 7 DSKP chunk(s)
2026-07-21T06:49:48.912220Z --- GENERATING ADAPTIVE MCQ IN ENGLISH ---
2026-07-21T06:49:49.162818Z -> OpenRouter error (NotFoundError: Error code: 404 - {'error': {'message': 'This model is unavailable for free. The paid version is available now - use this slug instead: meta-llama/llama-3.3-70b-instruct', 'code': 404}, 'user_id': 'user_3FWg0Y7hFwr9mi6ZEJfwxiglC7C'}), trying next provider…
2026-07-21T06:49:49.162914Z -> LLM Error in Generator: All LLM providers failed (non-rate-limit errors). Check API keys and quotas.
2026-07-21T06:49:49.534182Z   ✓ Q1/5 saved (bank now 1)
2026-07-21T06:49:51.534484Z --- RETRIEVING SYLLABUS & STUDENT HISTORY in parallel: Matter ---
2026-07-21T06:49:51.719913Z --- GENERATING ADAPTIVE MCQ IN ENGLISH ---
2026-07-21T06:49:51.751698Z -> OpenRouter error (NotFoundError: Error code: 404 - {'error': {'message': 'This model is unavailable for free. The paid version is available now - use this slug instead: meta-llama/llama-3.3-70b-instruct', 'code': 404}, 'user_id': 'user_3FWg0Y7hFwr9mi6ZEJfwxiglC7C'}), trying next provider…
2026-07-21T06:49:51.751778Z -> LLM Error in Generator: All LLM providers failed (non-rate-limit errors). Check API keys and quotas.
2026-07-21T06:49:52.125618Z   ✓ Q2/5 saved (bank now 2)
2026-07-21T06:49:54.125869Z --- RETRIEVING SYLLABUS & STUDENT HISTORY in parallel: Matter ---
2026-07-21T06:49:54.322614Z --- GENERATING ADAPTIVE MCQ IN ENGLISH ---
2026-07-21T06:49:54.353134Z -> OpenRouter error (NotFoundError: Error code: 404 - {'error': {'message': 'This model is unavailable for free. The paid version is available now - use this slug instead: meta-llama/llama-3.3-70b-instruct', 'code': 404}, 'user_id': 'user_3FWg0Y7hFwr9mi6ZEJfwxiglC7C'}), trying next provider…
2026-07-21T06:49:54.353217Z -> LLM Error in Generator: All LLM providers failed (non-rate-limit errors). Check API keys and quotas.
2026-07-21T06:49:54.776306Z   ✓ Q3/5 saved (bank now 3)
2026-07-21T06:49:56.776576Z --- RETRIEVING SYLLABUS & STUDENT HISTORY in parallel: Matter ---
2026-07-21T06:49:56.965358Z --- GENERATING ADAPTIVE MCQ IN ENGLISH ---
2026-07-21T06:49:57.004563Z -> OpenRouter error (NotFoundError: Error code: 404 - {'error': {'message': 'This model is unavailable for free. The paid version is available now - use this slug instead: meta-llama/llama-3.3-70b-instruct', 'code': 404}, 'user_id': 'user_3FWg0Y7hFwr9mi6ZEJfwxiglC7C'}), trying next provider…
2026-07-21T06:49:57.004650Z -> LLM Error in Generator: All LLM providers failed (non-rate-limit errors). Check API keys and quotas.
2026-07-21T06:49:57.382502Z   ✓ Q4/5 saved (bank now 4)
2026-07-21T06:49:59.382686Z --- RETRIEVING SYLLABUS & STUDENT HISTORY in parallel: Matter ---
2026-07-21T06:49:59.569973Z --- GENERATING ADAPTIVE MCQ IN ENGLISH ---
2026-07-21T06:49:59.607914Z -> OpenRouter error (NotFoundError: Error code: 404 - {'error': {'message': 'This model is unavailable for free. The paid version is available now - use this slug instead: meta-llama/llama-3.3-70b-instruct', 'code': 404}, 'user_id': 'user_3FWg0Y7hFwr9mi6ZEJfwxiglC7C'}), trying next provider…
2026-07-21T06:49:59.608017Z -> LLM Error in Generator: All LLM providers failed (non-rate-limit errors). Check API keys and quotas.
2026-07-21T06:49:59.989220Z   ✓ Q5/5 saved (bank now 5)
2026-07-21T06:50:01.989489Z [103/347] Science — Matter (Bahasa Melayu): generating 5 question(s)...
2026-07-21T06:50:01.989566Z --- RETRIEVING SYLLABUS & STUDENT HISTORY in parallel: Matter ---
2026-07-21T06:50:02.179502Z --- GENERATING ADAPTIVE MCQ IN BAHASA MELAYU ---
2026-07-21T06:50:02.211261Z -> OpenRouter error (NotFoundError: Error code: 404 - {'error': {'message': 'This model is unavailable for free. The paid version is available now - use this slug instead: meta-llama/llama-3.3-70b-instruct', 'code': 404}, 'user_id': 'user_3FWg0Y7hFwr9mi6ZEJfwxiglC7C'}), trying next provider…
2026-07-21T06:50:02.211349Z -> LLM Error in Generator: All LLM providers failed (non-rate-limit errors). Check API keys and quotas.
2026-07-21T06:50:02.603955Z   ✓ Q1/5 saved (bank now 1)
2026-07-21T06:50:04.604124Z --- RETRIEVING SYLLABUS & STUDENT HISTORY in parallel: Matter ---
2026-07-21T06:50:04.789232Z --- GENERATING ADAPTIVE MCQ IN BAHASA MELAYU ---
2026-07-21T06:50:04.819050Z -> OpenRouter error (NotFoundError: Error code: 404 - {'error': {'message': 'This model is unavailable for free. The paid version is available now - use this slug instead: meta-llama/llama-3.3-70b-instruct', 'code': 404}, 'user_id': 'user_3FWg0Y7hFwr9mi6ZEJfwxiglC7C'}), trying next provider…
2026-07-21T06:50:04.819131Z -> LLM Error in Generator: All LLM providers failed (non-rate-limit errors). Check API keys and quotas.
2026-07-21T06:50:05.190516Z   ✓ Q2/5 saved (bank now 2)
2026-07-21T06:50:07.190758Z --- RETRIEVING SYLLABUS & STUDENT HISTORY in parallel: Matter ---
2026-07-21T06:50:07.384715Z --- GENERATING ADAPTIVE MCQ IN BAHASA MELAYU ---
2026-07-21T06:50:09.837781Z -> OpenRouter error (NotFoundError: Error code: 404 - {'error': {'message': 'This model is unavailable for free. The paid version is available now - use this slug instead: meta-llama/llama-3.3-70b-instruct', 'code': 404}, 'user_id': 'user_3FWg0Y7hFwr9mi6ZEJfwxiglC7C'}), trying next provider…
2026-07-21T06:50:09.837886Z -> LLM Error in Generator: All LLM providers failed (non-rate-limit errors). Check API keys and quotas.
2026-07-21T06:50:10.240274Z   ✓ Q3/5 saved (bank now 3)
2026-07-21T06:50:12.240522Z --- RETRIEVING SYLLABUS & STUDENT HISTORY in parallel: Matter ---
2026-07-21T06:50:12.441440Z --- GENERATING ADAPTIVE MCQ IN BAHASA MELAYU ---
2026-07-21T06:50:12.779200Z -> OpenRouter error (NotFoundError: Error code: 404 - {'error': {'message': 'This model is unavailable for free. The paid version is available now - use this slug instead: meta-llama/llama-3.3-70b-instruct', 'code': 404}, 'user_id': 'user_3FWg0Y7hFwr9mi6ZEJfwxiglC7C'}), trying next provider…
2026-07-21T06:50:12.779290Z -> LLM Error in Generator: All LLM providers failed (non-rate-limit errors). Check API keys and quotas.
2026-07-21T06:50:13.151633Z   ✓ Q4/5 saved (bank now 4)
2026-07-21T06:50:15.151902Z --- RETRIEVING SYLLABUS & STUDENT HISTORY in parallel: Matter ---
2026-07-21T06:50:15.339621Z --- GENERATING ADAPTIVE MCQ IN BAHASA MELAYU ---
2026-07-21T06:50:15.372523Z -> OpenRouter error (NotFoundError: Error code: 404 - {'error': {'message': 'This model is unavailable for free. The paid version is available now - use this slug instead: meta-llama/llama-3.3-70b-instruct', 'code': 404}, 'user_id': 'user_3FWg0Y7hFwr9mi6ZEJfwxiglC7C'}), trying next provider…
2026-07-21T06:50:15.372609Z -> LLM Error in Generator: All LLM providers failed (non-rate-limit errors). Check API keys and quotas.
2026-07-21T06:50:15.750692Z   ✓ Q5/5 saved (bank now 5)
2026-07-21T06:50:17.750993Z [104/347] Science — Forces and Motion (English): generating 5 question(s)...
2026-07-21T06:50:17.751081Z --- RETRIEVING SYLLABUS & STUDENT HISTORY in parallel: Forces and Motion ---
2026-07-21T06:50:18.242733Z -> Retrieved 0 textbook chunk(s), 8 DSKP chunk(s)
2026-07-21T06:50:18.243416Z --- GENERATING ADAPTIVE MCQ IN ENGLISH ---
2026-07-21T06:50:18.261921Z -> OpenRouter error (NotFoundError: Error code: 404 - {'error': {'message': 'This model is unavailable for free. The paid version is available now - use this slug instead: meta-llama/llama-3.3-70b-instruct', 'code': 404}, 'user_id': 'user_3FWg0Y7hFwr9mi6ZEJfwxiglC7C'}), trying next provider…
2026-07-21T06:50:18.261998Z -> LLM Error in Generator: All LLM providers failed (non-rate-limit errors). Check API keys and quotas.
2026-07-21T06:50:18.633894Z   ✓ Q1/5 saved (bank now 1)
2026-07-21T06:50:20.634103Z --- RETRIEVING SYLLABUS & STUDENT HISTORY in parallel: Forces and Motion ---
2026-07-21T06:50:20.813009Z --- GENERATING ADAPTIVE MCQ IN ENGLISH ---
2026-07-21T06:50:20.854028Z -> OpenRouter error (NotFoundError: Error code: 404 - {'error': {'message': 'This model is unavailable for free. The paid version is available now - use this slug instead: meta-llama/llama-3.3-70b-instruct', 'code': 404}, 'user_id': 'user_3FWg0Y7hFwr9mi6ZEJfwxiglC7C'}), trying next provider…
2026-07-21T06:50:20.854097Z -> LLM Error in Generator: All LLM providers failed (non-rate-limit errors). Check API keys and quotas.
2026-07-21T06:50:21.229134Z   ✓ Q2/5 saved (bank now 2)
2026-07-21T06:50:23.229353Z --- RETRIEVING SYLLABUS & STUDENT HISTORY in parallel: Forces and Motion ---
2026-07-21T06:50:23.421978Z --- GENERATING ADAPTIVE MCQ IN ENGLISH ---
2026-07-21T06:50:23.440068Z -> OpenRouter error (NotFoundError: Error code: 404 - {'error': {'message': 'This model is unavailable for free. The paid version is available now - use this slug instead: meta-llama/llama-3.3-70b-instruct', 'code': 404}, 'user_id': 'user_3FWg0Y7hFwr9mi6ZEJfwxiglC7C'}), trying next provider…
2026-07-21T06:50:23.440119Z -> LLM Error in Generator: All LLM providers failed (non-rate-limit errors). Check API keys and quotas.
2026-07-21T06:50:23.800967Z   ✓ Q3/5 saved (bank now 3)
2026-07-21T06:50:25.801154Z --- RETRIEVING SYLLABUS & STUDENT HISTORY in parallel: Forces and Motion ---
2026-07-21T06:50:25.978485Z --- GENERATING ADAPTIVE MCQ IN ENGLISH ---
2026-07-21T06:50:26.011379Z -> OpenRouter error (NotFoundError: Error code: 404 - {'error': {'message': 'This model is unavailable for free. The paid version is available now - use this slug instead: meta-llama/llama-3.3-70b-instruct', 'code': 404}, 'user_id': 'user_3FWg0Y7hFwr9mi6ZEJfwxiglC7C'}), trying next provider…
2026-07-21T06:50:26.011458Z -> LLM Error in Generator: All LLM providers failed (non-rate-limit errors). Check API keys and quotas.
2026-07-21T06:50:26.392031Z   ✓ Q4/5 saved (bank now 4)
2026-07-21T06:50:28.392249Z --- RETRIEVING SYLLABUS & STUDENT HISTORY in parallel: Forces and Motion ---
2026-07-21T06:50:28.578918Z --- GENERATING ADAPTIVE MCQ IN ENGLISH ---
2026-07-21T06:50:28.603003Z -> OpenRouter error (NotFoundError: Error code: 404 - {'error': {'message': 'This model is unavailable for free. The paid version is available now - use this slug instead: meta-llama/llama-3.3-70b-instruct', 'code': 404}, 'user_id': 'user_3FWg0Y7hFwr9mi6ZEJfwxiglC7C'}), trying next provider…
2026-07-21T06:50:28.603073Z -> LLM Error in Generator: All LLM providers failed (non-rate-limit errors). Check API keys and quotas.
2026-07-21T06:50:28.981803Z   ✓ Q5/5 saved (bank now 5)
2026-07-21T06:50:30.982088Z [105/347] Science — Forces and Motion (Bahasa Melayu): generating 5 question(s)...
2026-07-21T06:50:30.982164Z --- RETRIEVING SYLLABUS & STUDENT HISTORY in parallel: Forces and Motion ---
2026-07-21T06:50:31.164833Z --- GENERATING ADAPTIVE MCQ IN BAHASA MELAYU ---
2026-07-21T06:50:31.202145Z -> OpenRouter error (NotFoundError: Error code: 404 - {'error': {'message': 'This model is unavailable for free. The paid version is available now - use this slug instead: meta-llama/llama-3.3-70b-instruct', 'code': 404}, 'user_id': 'user_3FWg0Y7hFwr9mi6ZEJfwxiglC7C'}), trying next provider…
2026-07-21T06:50:31.202197Z -> LLM Error in Generator: All LLM providers failed (non-rate-limit errors). Check API keys and quotas.
2026-07-21T06:50:31.567479Z   ✓ Q1/5 saved (bank now 1)
2026-07-21T06:50:33.567769Z --- RETRIEVING SYLLABUS & STUDENT HISTORY in parallel: Forces and Motion ---
2026-07-21T06:50:33.760862Z --- GENERATING ADAPTIVE MCQ IN BAHASA MELAYU ---
2026-07-21T06:50:33.785657Z -> OpenRouter error (NotFoundError: Error code: 404 - {'error': {'message': 'This model is unavailable for free. The paid version is available now - use this slug instead: meta-llama/llama-3.3-70b-instruct', 'code': 404}, 'user_id': 'user_3FWg0Y7hFwr9mi6ZEJfwxiglC7C'}), trying next provider…
2026-07-21T06:50:33.785776Z -> LLM Error in Generator: All LLM providers failed (non-rate-limit errors). Check API keys and quotas.
2026-07-21T06:50:34.149867Z   ✓ Q2/5 saved (bank now 2)
2026-07-21T06:50:36.150047Z --- RETRIEVING SYLLABUS & STUDENT HISTORY in parallel: Forces and Motion ---
2026-07-21T06:50:36.353785Z --- GENERATING ADAPTIVE MCQ IN BAHASA MELAYU ---
2026-07-21T06:50:36.371034Z -> OpenRouter error (NotFoundError: Error code: 404 - {'error': {'message': 'This model is unavailable for free. The paid version is available now - use this slug instead: meta-llama/llama-3.3-70b-instruct', 'code': 404}, 'user_id': 'user_3FWg0Y7hFwr9mi6ZEJfwxiglC7C'}), trying next provider…
2026-07-21T06:50:36.371117Z -> LLM Error in Generator: All LLM providers failed (non-rate-limit errors). Check API keys and quotas.
2026-07-21T06:50:36.764764Z   ✓ Q3/5 saved (bank now 3)
2026-07-21T06:50:38.765068Z --- RETRIEVING SYLLABUS & STUDENT HISTORY in parallel: Forces and Motion ---
2026-07-21T06:50:38.955981Z --- GENERATING ADAPTIVE MCQ IN BAHASA MELAYU ---
2026-07-21T06:50:38.974165Z -> OpenRouter error (NotFoundError: Error code: 404 - {'error': {'message': 'This model is unavailable for free. The paid version is available now - use this slug instead: meta-llama/llama-3.3-70b-instruct', 'code': 404}, 'user_id': 'user_3FWg0Y7hFwr9mi6ZEJfwxiglC7C'}), trying next provider…
2026-07-21T06:50:38.974236Z -> LLM Error in Generator: All LLM providers failed (non-rate-limit errors). Check API keys and quotas.
2026-07-21T06:50:39.326399Z   ✓ Q4/5 saved (bank now 4)
2026-07-21T06:50:41.326598Z --- RETRIEVING SYLLABUS & STUDENT HISTORY in parallel: Forces and Motion ---
2026-07-21T06:50:41.507714Z --- GENERATING ADAPTIVE MCQ IN BAHASA MELAYU ---
2026-07-21T06:50:41.919450Z -> OpenRouter error (NotFoundError: Error code: 404 - {'error': {'message': 'This model is unavailable for free. The paid version is available now - use this slug instead: meta-llama/llama-3.3-70b-instruct', 'code': 404}, 'user_id': 'user_3FWg0Y7hFwr9mi6ZEJfwxiglC7C'}), trying next provider…
2026-07-21T06:50:41.919569Z -> LLM Error in Generator: All LLM providers failed (non-rate-limit errors). Check API keys and quotas.
2026-07-21T06:50:42.279087Z   ✓ Q5/5 saved (bank now 5)
2026-07-21T06:50:44.279223Z [106/347] Science — Biodiversity (English): generating 4 question(s)...
2026-07-21T06:50:44.279299Z --- RETRIEVING SYLLABUS & STUDENT HISTORY in parallel: Biodiversity ---
2026-07-21T06:50:44.849198Z -> Retrieved 2 textbook chunk(s), 6 DSKP chunk(s)
2026-07-21T06:50:44.849700Z --- GENERATING ADAPTIVE MCQ IN ENGLISH ---
2026-07-21T06:50:46.516914Z   ✓ Q1/4 saved (bank now 5)
2026-07-21T06:50:48.517057Z --- RETRIEVING SYLLABUS & STUDENT HISTORY in parallel: Biodiversity ---
2026-07-21T06:50:48.716685Z --- GENERATING ADAPTIVE MCQ IN ENGLISH ---
2026-07-21T06:50:49.928762Z   ✓ Q2/4 saved (bank now 5)
2026-07-21T06:50:51.928879Z --- RETRIEVING SYLLABUS & STUDENT HISTORY in parallel: Biodiversity ---
2026-07-21T06:50:52.131724Z --- GENERATING ADAPTIVE MCQ IN ENGLISH ---
2026-07-21T06:50:53.477799Z   ✓ Q3/4 saved (bank now 5)
2026-07-21T06:50:55.478101Z --- RETRIEVING SYLLABUS & STUDENT HISTORY in parallel: Biodiversity ---
2026-07-21T06:50:55.682760Z --- GENERATING ADAPTIVE MCQ IN ENGLISH ---
2026-07-21T06:50:57.272067Z -> Cerebras: cooling for 65s.
2026-07-21T06:50:57.316230Z -> GroqCloud: cooling for 65s.
2026-07-21T06:50:57.367497Z -> OpenRouter error (NotFoundError: Error code: 404 - {'error': {'message': 'This model is unavailable for free. The paid version is available now - use this slug instead: meta-llama/llama-3.3-70b-instruct', 'code': 404}, 'user_id': 'user_3FWg0Y7hFwr9mi6ZEJfwxiglC7C'}), trying next provider…
2026-07-21T06:50:57.367593Z -> LLM Error in Generator: All LLM providers failed (non-rate-limit errors). Check API keys and quotas.
2026-07-21T06:50:57.909793Z   ✓ Q4/4 saved (bank now 5)
2026-07-21T06:50:59.910067Z [107/347] Science — Biodiversity (Bahasa Melayu): generating 4 question(s)...
2026-07-21T06:50:59.910153Z --- RETRIEVING SYLLABUS & STUDENT HISTORY in parallel: Biodiversity ---
2026-07-21T06:51:00.091456Z --- GENERATING ADAPTIVE MCQ IN BAHASA MELAYU ---
2026-07-21T06:51:00.112560Z -> OpenRouter error (NotFoundError: Error code: 404 - {'error': {'message': 'This model is unavailable for free. The paid version is available now - use this slug instead: meta-llama/llama-3.3-70b-instruct', 'code': 404}, 'user_id': 'user_3FWg0Y7hFwr9mi6ZEJfwxiglC7C'}), trying next provider…
2026-07-21T06:51:00.112630Z -> LLM Error in Generator: All LLM providers failed (non-rate-limit errors). Check API keys and quotas.
2026-07-21T06:51:00.506020Z   ✓ Q1/4 saved (bank now 5)
2026-07-21T06:51:02.506194Z --- RETRIEVING SYLLABUS & STUDENT HISTORY in parallel: Biodiversity ---
2026-07-21T06:51:02.703933Z --- GENERATING ADAPTIVE MCQ IN BAHASA MELAYU ---
2026-07-21T06:51:02.727577Z -> OpenRouter error (NotFoundError: Error code: 404 - {'error': {'message': 'This model is unavailable for free. The paid version is available now - use this slug instead: meta-llama/llama-3.3-70b-instruct', 'code': 404}, 'user_id': 'user_3FWg0Y7hFwr9mi6ZEJfwxiglC7C'}), trying next provider…
2026-07-21T06:51:02.727657Z -> LLM Error in Generator: All LLM providers failed (non-rate-limit errors). Check API keys and quotas.
2026-07-21T06:51:03.092629Z   ✓ Q2/4 saved (bank now 5)
2026-07-21T06:51:05.092846Z --- RETRIEVING SYLLABUS & STUDENT HISTORY in parallel: Biodiversity ---
2026-07-21T06:51:05.274648Z --- GENERATING ADAPTIVE MCQ IN BAHASA MELAYU ---
2026-07-21T06:51:05.306509Z -> OpenRouter error (NotFoundError: Error code: 404 - {'error': {'message': 'This model is unavailable for free. The paid version is available now - use this slug instead: meta-llama/llama-3.3-70b-instruct', 'code': 404}, 'user_id': 'user_3FWg0Y7hFwr9mi6ZEJfwxiglC7C'}), trying next provider…
2026-07-21T06:51:05.306589Z -> LLM Error in Generator: All LLM providers failed (non-rate-limit errors). Check API keys and quotas.
2026-07-21T06:51:05.668199Z   ✓ Q3/4 saved (bank now 5)
2026-07-21T06:51:07.668516Z --- RETRIEVING SYLLABUS & STUDENT HISTORY in parallel: Biodiversity ---
2026-07-21T06:51:07.852093Z --- GENERATING ADAPTIVE MCQ IN BAHASA MELAYU ---
2026-07-21T06:51:07.883434Z -> OpenRouter error (NotFoundError: Error code: 404 - {'error': {'message': 'This model is unavailable for free. The paid version is available now - use this slug instead: meta-llama/llama-3.3-70b-instruct', 'code': 404}, 'user_id': 'user_3FWg0Y7hFwr9mi6ZEJfwxiglC7C'}), trying next provider…
2026-07-21T06:51:07.883491Z -> LLM Error in Generator: All LLM providers failed (non-rate-limit errors). Check API keys and quotas.
2026-07-21T06:51:08.248550Z   ✓ Q4/4 saved (bank now 5)
2026-07-21T06:51:10.248757Z [108/347] Science — Microorganisms and Their Effects (English): generating 1 question(s)...
2026-07-21T06:51:10.248852Z --- RETRIEVING SYLLABUS & STUDENT HISTORY in parallel: Microorganisms and Their Effects ---
2026-07-21T06:51:10.957170Z -> Retrieved 4 textbook chunk(s), 4 DSKP chunk(s)
2026-07-21T06:51:10.957666Z --- GENERATING ADAPTIVE MCQ IN ENGLISH ---
2026-07-21T06:51:10.980385Z -> OpenRouter error (NotFoundError: Error code: 404 - {'error': {'message': 'This model is unavailable for free. The paid version is available now - use this slug instead: meta-llama/llama-3.3-70b-instruct', 'code': 404}, 'user_id': 'user_3FWg0Y7hFwr9mi6ZEJfwxiglC7C'}), trying next provider…
2026-07-21T06:51:10.980471Z -> LLM Error in Generator: All LLM providers failed (non-rate-limit errors). Check API keys and quotas.
2026-07-21T06:51:11.364168Z   ✓ Q1/1 saved (bank now 5)
2026-07-21T06:51:13.364425Z [109/347] Science — Microorganisms and Their Effects (Bahasa Melayu): generating 5 question(s)...
2026-07-21T06:51:13.364525Z --- RETRIEVING SYLLABUS & STUDENT HISTORY in parallel: Microorganisms and Their Effects ---
2026-07-21T06:51:13.555359Z --- GENERATING ADAPTIVE MCQ IN BAHASA MELAYU ---
2026-07-21T06:51:13.577767Z -> OpenRouter error (NotFoundError: Error code: 404 - {'error': {'message': 'This model is unavailable for free. The paid version is available now - use this slug instead: meta-llama/llama-3.3-70b-instruct', 'code': 404}, 'user_id': 'user_3FWg0Y7hFwr9mi6ZEJfwxiglC7C'}), trying next provider…
2026-07-21T06:51:13.577861Z -> LLM Error in Generator: All LLM providers failed (non-rate-limit errors). Check API keys and quotas.
2026-07-21T06:51:13.945988Z   ✓ Q1/5 saved (bank now 1)
2026-07-21T06:51:15.946267Z --- RETRIEVING SYLLABUS & STUDENT HISTORY in parallel: Microorganisms and Their Effects ---
2026-07-21T06:51:16.140513Z --- GENERATING ADAPTIVE MCQ IN BAHASA MELAYU ---
2026-07-21T06:51:16.192651Z -> OpenRouter error (NotFoundError: Error code: 404 - {'error': {'message': 'This model is unavailable for free. The paid version is available now - use this slug instead: meta-llama/llama-3.3-70b-instruct', 'code': 404}, 'user_id': 'user_3FWg0Y7hFwr9mi6ZEJfwxiglC7C'}), trying next provider…
2026-07-21T06:51:16.192716Z -> LLM Error in Generator: All LLM providers failed (non-rate-limit errors). Check API keys and quotas.
2026-07-21T06:51:16.574079Z   ✓ Q2/5 saved (bank now 2)
2026-07-21T06:51:18.574474Z --- RETRIEVING SYLLABUS & STUDENT HISTORY in parallel: Microorganisms and Their Effects ---
2026-07-21T06:51:18.752298Z --- GENERATING ADAPTIVE MCQ IN BAHASA MELAYU ---
2026-07-21T06:51:18.777373Z -> OpenRouter error (NotFoundError: Error code: 404 - {'error': {'message': 'This model is unavailable for free. The paid version is available now - use this slug instead: meta-llama/llama-3.3-70b-instruct', 'code': 404}, 'user_id': 'user_3FWg0Y7hFwr9mi6ZEJfwxiglC7C'}), trying next provider…
2026-07-21T06:51:18.777449Z -> LLM Error in Generator: All LLM providers failed (non-rate-limit errors). Check API keys and quotas.
2026-07-21T06:51:19.143535Z   ✓ Q3/5 saved (bank now 3)
2026-07-21T06:51:21.143851Z --- RETRIEVING SYLLABUS & STUDENT HISTORY in parallel: Microorganisms and Their Effects ---
2026-07-21T06:51:21.330553Z --- GENERATING ADAPTIVE MCQ IN BAHASA MELAYU ---
2026-07-21T06:51:21.359193Z -> OpenRouter error (NotFoundError: Error code: 404 - {'error': {'message': 'This model is unavailable for free. The paid version is available now - use this slug instead: meta-llama/llama-3.3-70b-instruct', 'code': 404}, 'user_id': 'user_3FWg0Y7hFwr9mi6ZEJfwxiglC7C'}), trying next provider…
2026-07-21T06:51:21.359291Z -> LLM Error in Generator: All LLM providers failed (non-rate-limit errors). Check API keys and quotas.
2026-07-21T06:51:21.745978Z   ✓ Q4/5 saved (bank now 4)
2026-07-21T06:51:23.746168Z --- RETRIEVING SYLLABUS & STUDENT HISTORY in parallel: Microorganisms and Their Effects ---
2026-07-21T06:51:23.926833Z --- GENERATING ADAPTIVE MCQ IN BAHASA MELAYU ---
2026-07-21T06:51:23.949202Z -> OpenRouter error (NotFoundError: Error code: 404 - {'error': {'message': 'This model is unavailable for free. The paid version is available now - use this slug instead: meta-llama/llama-3.3-70b-instruct', 'code': 404}, 'user_id': 'user_3FWg0Y7hFwr9mi6ZEJfwxiglC7C'}), trying next provider…
2026-07-21T06:51:23.949256Z -> LLM Error in Generator: All LLM providers failed (non-rate-limit errors). Check API keys and quotas.
2026-07-21T06:51:24.320475Z   ✓ Q5/5 saved (bank now 5)
2026-07-21T06:51:26.320626Z [110/347] Science — Nutrition (English): generating 5 question(s)...
2026-07-21T06:51:26.320701Z --- RETRIEVING SYLLABUS & STUDENT HISTORY in parallel: Nutrition ---
2026-07-21T06:51:26.824385Z -> Retrieved 0 textbook chunk(s), 8 DSKP chunk(s)
2026-07-21T06:51:26.825215Z --- GENERATING ADAPTIVE MCQ IN ENGLISH ---
2026-07-21T06:51:26.877367Z -> OpenRouter error (NotFoundError: Error code: 404 - {'error': {'message': 'This model is unavailable for free. The paid version is available now - use this slug instead: meta-llama/llama-3.3-70b-instruct', 'code': 404}, 'user_id': 'user_3FWg0Y7hFwr9mi6ZEJfwxiglC7C'}), trying next provider…
2026-07-21T06:51:26.877456Z -> LLM Error in Generator: All LLM providers failed (non-rate-limit errors). Check API keys and quotas.
2026-07-21T06:51:27.262942Z   ✓ Q1/5 saved (bank now 1)
2026-07-21T06:51:29.263155Z --- RETRIEVING SYLLABUS & STUDENT HISTORY in parallel: Nutrition ---
2026-07-21T06:51:29.441656Z --- GENERATING ADAPTIVE MCQ IN ENGLISH ---
2026-07-21T06:51:29.467677Z -> OpenRouter error (NotFoundError: Error code: 404 - {'error': {'message': 'This model is unavailable for free. The paid version is available now - use this slug instead: meta-llama/llama-3.3-70b-instruct', 'code': 404}, 'user_id': 'user_3FWg0Y7hFwr9mi6ZEJfwxiglC7C'}), trying next provider…
2026-07-21T06:51:29.467756Z -> LLM Error in Generator: All LLM providers failed (non-rate-limit errors). Check API keys and quotas.
2026-07-21T06:51:29.839087Z   ✓ Q2/5 saved (bank now 2)
2026-07-21T06:51:31.839375Z --- RETRIEVING SYLLABUS & STUDENT HISTORY in parallel: Nutrition ---
2026-07-21T06:51:32.026580Z --- GENERATING ADAPTIVE MCQ IN ENGLISH ---
2026-07-21T06:51:32.045467Z -> OpenRouter error (NotFoundError: Error code: 404 - {'error': {'message': 'This model is unavailable for free. The paid version is available now - use this slug instead: meta-llama/llama-3.3-70b-instruct', 'code': 404}, 'user_id': 'user_3FWg0Y7hFwr9mi6ZEJfwxiglC7C'}), trying next provider…
2026-07-21T06:51:32.045537Z -> LLM Error in Generator: All LLM providers failed (non-rate-limit errors). Check API keys and quotas.
2026-07-21T06:51:32.413388Z   ✓ Q3/5 saved (bank now 3)
2026-07-21T06:51:34.413583Z --- RETRIEVING SYLLABUS & STUDENT HISTORY in parallel: Nutrition ---
2026-07-21T06:51:34.605393Z --- GENERATING ADAPTIVE MCQ IN ENGLISH ---
2026-07-21T06:51:34.629668Z -> OpenRouter error (NotFoundError: Error code: 404 - {'error': {'message': 'This model is unavailable for free. The paid version is available now - use this slug instead: meta-llama/llama-3.3-70b-instruct', 'code': 404}, 'user_id': 'user_3FWg0Y7hFwr9mi6ZEJfwxiglC7C'}), trying next provider…
2026-07-21T06:51:34.629733Z -> LLM Error in Generator: All LLM providers failed (non-rate-limit errors). Check API keys and quotas.
2026-07-21T06:51:34.985847Z   ✓ Q4/5 saved (bank now 4)
2026-07-21T06:51:36.986122Z --- RETRIEVING SYLLABUS & STUDENT HISTORY in parallel: Nutrition ---
2026-07-21T06:51:37.173738Z --- GENERATING ADAPTIVE MCQ IN ENGLISH ---
2026-07-21T06:51:37.222921Z -> OpenRouter error (NotFoundError: Error code: 404 - {'error': {'message': 'This model is unavailable for free. The paid version is available now - use this slug instead: meta-llama/llama-3.3-70b-instruct', 'code': 404}, 'user_id': 'user_3FWg0Y7hFwr9mi6ZEJfwxiglC7C'}), trying next provider…
2026-07-21T06:51:37.222996Z -> LLM Error in Generator: All LLM providers failed (non-rate-limit errors). Check API keys and quotas.
2026-07-21T06:51:37.590469Z   ✓ Q5/5 saved (bank now 5)
2026-07-21T06:51:39.590669Z [111/347] Science — Nutrition (Bahasa Melayu): generating 5 question(s)...
2026-07-21T06:51:39.590745Z --- RETRIEVING SYLLABUS & STUDENT HISTORY in parallel: Nutrition ---
2026-07-21T06:51:39.792056Z --- GENERATING ADAPTIVE MCQ IN BAHASA MELAYU ---
2026-07-21T06:51:39.826067Z -> OpenRouter error (NotFoundError: Error code: 404 - {'error': {'message': 'This model is unavailable for free. The paid version is available now - use this slug instead: meta-llama/llama-3.3-70b-instruct', 'code': 404}, 'user_id': 'user_3FWg0Y7hFwr9mi6ZEJfwxiglC7C'}), trying next provider…
2026-07-21T06:51:39.826157Z -> LLM Error in Generator: All LLM providers failed (non-rate-limit errors). Check API keys and quotas.
2026-07-21T06:51:40.196172Z   ✓ Q1/5 saved (bank now 1)
2026-07-21T06:51:42.196514Z --- RETRIEVING SYLLABUS & STUDENT HISTORY in parallel: Nutrition ---
2026-07-21T06:51:42.390542Z --- GENERATING ADAPTIVE MCQ IN BAHASA MELAYU ---
2026-07-21T06:51:42.420614Z -> OpenRouter error (NotFoundError: Error code: 404 - {'error': {'message': 'This model is unavailable for free. The paid version is available now - use this slug instead: meta-llama/llama-3.3-70b-instruct', 'code': 404}, 'user_id': 'user_3FWg0Y7hFwr9mi6ZEJfwxiglC7C'}), trying next provider…
2026-07-21T06:51:42.420692Z -> LLM Error in Generator: All LLM providers failed (non-rate-limit errors). Check API keys and quotas.
2026-07-21T06:51:42.805719Z   ✓ Q2/5 saved (bank now 2)
2026-07-21T06:51:44.805897Z --- RETRIEVING SYLLABUS & STUDENT HISTORY in parallel: Nutrition ---
2026-07-21T06:51:44.986073Z --- GENERATING ADAPTIVE MCQ IN BAHASA MELAYU ---
2026-07-21T06:51:45.013792Z -> OpenRouter error (NotFoundError: Error code: 404 - {'error': {'message': 'This model is unavailable for free. The paid version is available now - use this slug instead: meta-llama/llama-3.3-70b-instruct', 'code': 404}, 'user_id': 'user_3FWg0Y7hFwr9mi6ZEJfwxiglC7C'}), trying next provider…
2026-07-21T06:51:45.013893Z -> LLM Error in Generator: All LLM providers failed (non-rate-limit errors). Check API keys and quotas.
2026-07-21T06:51:45.388869Z   ✓ Q3/5 saved (bank now 3)
2026-07-21T06:51:47.389112Z --- RETRIEVING SYLLABUS & STUDENT HISTORY in parallel: Nutrition ---
2026-07-21T06:51:47.568641Z --- GENERATING ADAPTIVE MCQ IN BAHASA MELAYU ---
2026-07-21T06:51:47.610706Z -> OpenRouter error (NotFoundError: Error code: 404 - {'error': {'message': 'This model is unavailable for free. The paid version is available now - use this slug instead: meta-llama/llama-3.3-70b-instruct', 'code': 404}, 'user_id': 'user_3FWg0Y7hFwr9mi6ZEJfwxiglC7C'}), trying next provider…
2026-07-21T06:51:47.610786Z -> LLM Error in Generator: All LLM providers failed (non-rate-limit errors). Check API keys and quotas.
2026-07-21T06:51:47.984397Z   ✓ Q4/5 saved (bank now 4)
2026-07-21T06:51:49.984583Z --- RETRIEVING SYLLABUS & STUDENT HISTORY in parallel: Nutrition ---
2026-07-21T06:51:50.168369Z --- GENERATING ADAPTIVE MCQ IN BAHASA MELAYU ---
2026-07-21T06:51:50.193088Z -> OpenRouter error (NotFoundError: Error code: 404 - {'error': {'message': 'This model is unavailable for free. The paid version is available now - use this slug instead: meta-llama/llama-3.3-70b-instruct', 'code': 404}, 'user_id': 'user_3FWg0Y7hFwr9mi6ZEJfwxiglC7C'}), trying next provider…
2026-07-21T06:51:50.193163Z -> LLM Error in Generator: All LLM providers failed (non-rate-limit errors). Check API keys and quotas.
2026-07-21T06:51:50.550437Z   ✓ Q5/5 saved (bank now 5)
2026-07-21T06:51:52.550637Z [112/347] Science — Reproduction (English): generating 5 question(s)...
2026-07-21T06:51:52.550724Z --- RETRIEVING SYLLABUS & STUDENT HISTORY in parallel: Reproduction ---
2026-07-21T06:51:53.060624Z -> Retrieved 0 textbook chunk(s), 8 DSKP chunk(s)
2026-07-21T06:51:53.061108Z --- GENERATING ADAPTIVE MCQ IN ENGLISH ---
2026-07-21T06:51:53.088880Z -> OpenRouter error (NotFoundError: Error code: 404 - {'error': {'message': 'This model is unavailable for free. The paid version is available now - use this slug instead: meta-llama/llama-3.3-70b-instruct', 'code': 404}, 'user_id': 'user_3FWg0Y7hFwr9mi6ZEJfwxiglC7C'}), trying next provider…
2026-07-21T06:51:53.088932Z -> LLM Error in Generator: All LLM providers failed (non-rate-limit errors). Check API keys and quotas.
2026-07-21T06:51:53.464135Z   ✓ Q1/5 saved (bank now 1)
2026-07-21T06:51:55.464384Z --- RETRIEVING SYLLABUS & STUDENT HISTORY in parallel: Reproduction ---
2026-07-21T06:51:55.647264Z --- GENERATING ADAPTIVE MCQ IN ENGLISH ---
2026-07-21T06:51:55.665395Z -> OpenRouter error (NotFoundError: Error code: 404 - {'error': {'message': 'This model is unavailable for free. The paid version is available now - use this slug instead: meta-llama/llama-3.3-70b-instruct', 'code': 404}, 'user_id': 'user_3FWg0Y7hFwr9mi6ZEJfwxiglC7C'}), trying next provider…
2026-07-21T06:51:55.665467Z -> LLM Error in Generator: All LLM providers failed (non-rate-limit errors). Check API keys and quotas.
2026-07-21T06:51:56.039267Z   ✓ Q2/5 saved (bank now 2)
2026-07-21T06:51:58.039562Z --- RETRIEVING SYLLABUS & STUDENT HISTORY in parallel: Reproduction ---
2026-07-21T06:51:58.250151Z --- GENERATING ADAPTIVE MCQ IN ENGLISH ---
2026-07-21T06:51:58.272969Z -> OpenRouter error (NotFoundError: Error code: 404 - {'error': {'message': 'This model is unavailable for free. The paid version is available now - use this slug instead: meta-llama/llama-3.3-70b-instruct', 'code': 404}, 'user_id': 'user_3FWg0Y7hFwr9mi6ZEJfwxiglC7C'}), trying next provider…
2026-07-21T06:51:58.273039Z -> LLM Error in Generator: All LLM providers failed (non-rate-limit errors). Check API keys and quotas.
2026-07-21T06:51:58.704155Z   ✓ Q3/5 saved (bank now 3)
2026-07-21T06:52:00.704369Z --- RETRIEVING SYLLABUS & STUDENT HISTORY in parallel: Reproduction ---
2026-07-21T06:52:00.892272Z --- GENERATING ADAPTIVE MCQ IN ENGLISH ---
2026-07-21T06:52:01.043103Z -> OpenRouter error (NotFoundError: Error code: 404 - {'error': {'message': 'This model is unavailable for free. The paid version is available now - use this slug instead: meta-llama/llama-3.3-70b-instruct', 'code': 404}, 'user_id': 'user_3FWg0Y7hFwr9mi6ZEJfwxiglC7C'}), trying next provider…
2026-07-21T06:52:01.043170Z -> LLM Error in Generator: All LLM providers failed (non-rate-limit errors). Check API keys and quotas.
2026-07-21T06:52:01.423096Z   ✓ Q4/5 saved (bank now 4)
2026-07-21T06:52:03.423390Z --- RETRIEVING SYLLABUS & STUDENT HISTORY in parallel: Reproduction ---
2026-07-21T06:52:03.618540Z --- GENERATING ADAPTIVE MCQ IN ENGLISH ---
2026-07-21T06:52:04.595669Z   ✓ Q5/5 saved (bank now 5)
2026-07-21T06:52:06.595781Z [113/347] Science — Reproduction (Bahasa Melayu): generating 5 question(s)...
2026-07-21T06:52:06.595841Z --- RETRIEVING SYLLABUS & STUDENT HISTORY in parallel: Reproduction ---
2026-07-21T06:52:06.772381Z --- GENERATING ADAPTIVE MCQ IN BAHASA MELAYU ---
2026-07-21T06:52:08.263649Z   ✓ Q1/5 saved (bank now 1)
2026-07-21T06:52:10.263820Z --- RETRIEVING SYLLABUS & STUDENT HISTORY in parallel: Reproduction ---
2026-07-21T06:52:10.454387Z --- GENERATING ADAPTIVE MCQ IN BAHASA MELAYU ---
2026-07-21T06:52:11.666189Z   ✓ Q2/5 saved (bank now 2)
2026-07-21T06:52:13.666554Z --- RETRIEVING SYLLABUS & STUDENT HISTORY in parallel: Reproduction ---
2026-07-21T06:52:13.865029Z --- GENERATING ADAPTIVE MCQ IN BAHASA MELAYU ---
2026-07-21T06:52:15.658336Z -> Cerebras: cooling for 65s.
2026-07-21T06:52:15.702228Z -> GroqCloud: cooling for 65s.
2026-07-21T06:52:15.756437Z -> OpenRouter error (NotFoundError: Error code: 404 - {'error': {'message': 'This model is unavailable for free. The paid version is available now - use this slug instead: meta-llama/llama-3.3-70b-instruct', 'code': 404}, 'user_id': 'user_3FWg0Y7hFwr9mi6ZEJfwxiglC7C'}), trying next provider…
2026-07-21T06:52:15.756502Z -> LLM Error in Generator: All LLM providers failed (non-rate-limit errors). Check API keys and quotas.
2026-07-21T06:52:16.122961Z   ✓ Q3/5 saved (bank now 3)
2026-07-21T06:52:18.123222Z --- RETRIEVING SYLLABUS & STUDENT HISTORY in parallel: Reproduction ---
2026-07-21T06:52:18.307514Z --- GENERATING ADAPTIVE MCQ IN BAHASA MELAYU ---
2026-07-21T06:52:18.334864Z -> OpenRouter error (NotFoundError: Error code: 404 - {'error': {'message': 'This model is unavailable for free. The paid version is available now - use this slug instead: meta-llama/llama-3.3-70b-instruct', 'code': 404}, 'user_id': 'user_3FWg0Y7hFwr9mi6ZEJfwxiglC7C'}), trying next provider…
2026-07-21T06:52:18.334951Z -> LLM Error in Generator: All LLM providers failed (non-rate-limit errors). Check API keys and quotas.
2026-07-21T06:52:18.710198Z   ✓ Q4/5 saved (bank now 4)
2026-07-21T06:52:20.710386Z --- RETRIEVING SYLLABUS & STUDENT HISTORY in parallel: Reproduction ---
2026-07-21T06:52:20.897943Z --- GENERATING ADAPTIVE MCQ IN BAHASA MELAYU ---
2026-07-21T06:52:20.920519Z -> OpenRouter error (NotFoundError: Error code: 404 - {'error': {'message': 'This model is unavailable for free. The paid version is available now - use this slug instead: meta-llama/llama-3.3-70b-instruct', 'code': 404}, 'user_id': 'user_3FWg0Y7hFwr9mi6ZEJfwxiglC7C'}), trying next provider…
2026-07-21T06:52:20.920616Z -> LLM Error in Generator: All LLM providers failed (non-rate-limit errors). Check API keys and quotas.
2026-07-21T06:52:21.309392Z   ✓ Q5/5 saved (bank now 5)
2026-07-21T06:52:23.309951Z [Checkpoint] 30% written to logs/question_bank_seed_progress.md
2026-07-21T06:52:23.310011Z [114/347] Science — Energy (English): generating 5 question(s)...
2026-07-21T06:52:23.310026Z --- RETRIEVING SYLLABUS & STUDENT HISTORY in parallel: Energy ---
2026-07-21T06:52:23.805750Z -> Retrieved 0 textbook chunk(s), 8 DSKP chunk(s)
2026-07-21T06:52:23.806212Z --- GENERATING ADAPTIVE MCQ IN ENGLISH ---
2026-07-21T06:52:23.830150Z -> OpenRouter error (NotFoundError: Error code: 404 - {'error': {'message': 'This model is unavailable for free. The paid version is available now - use this slug instead: meta-llama/llama-3.3-70b-instruct', 'code': 404}, 'user_id': 'user_3FWg0Y7hFwr9mi6ZEJfwxiglC7C'}), trying next provider…
2026-07-21T06:52:23.830218Z -> LLM Error in Generator: All LLM providers failed (non-rate-limit errors). Check API keys and quotas.
2026-07-21T06:52:24.192677Z   ✓ Q1/5 saved (bank now 1)
2026-07-21T06:52:26.192950Z --- RETRIEVING SYLLABUS & STUDENT HISTORY in parallel: Energy ---
2026-07-21T06:52:26.388040Z --- GENERATING ADAPTIVE MCQ IN ENGLISH ---
2026-07-21T06:52:26.415512Z -> OpenRouter error (NotFoundError: Error code: 404 - {'error': {'message': 'This model is unavailable for free. The paid version is available now - use this slug instead: meta-llama/llama-3.3-70b-instruct', 'code': 404}, 'user_id': 'user_3FWg0Y7hFwr9mi6ZEJfwxiglC7C'}), trying next provider…
2026-07-21T06:52:26.415577Z -> LLM Error in Generator: All LLM providers failed (non-rate-limit errors). Check API keys and quotas.
2026-07-21T06:52:26.800927Z   ✓ Q2/5 saved (bank now 2)
2026-07-21T06:52:28.801269Z --- RETRIEVING SYLLABUS & STUDENT HISTORY in parallel: Energy ---
2026-07-21T06:52:28.998106Z --- GENERATING ADAPTIVE MCQ IN ENGLISH ---
2026-07-21T06:52:29.025002Z -> OpenRouter error (NotFoundError: Error code: 404 - {'error': {'message': 'This model is unavailable for free. The paid version is available now - use this slug instead: meta-llama/llama-3.3-70b-instruct', 'code': 404}, 'user_id': 'user_3FWg0Y7hFwr9mi6ZEJfwxiglC7C'}), trying next provider…
2026-07-21T06:52:29.025075Z -> LLM Error in Generator: All LLM providers failed (non-rate-limit errors). Check API keys and quotas.
2026-07-21T06:52:29.408028Z   ✓ Q3/5 saved (bank now 3)
2026-07-21T06:52:31.408266Z --- RETRIEVING SYLLABUS & STUDENT HISTORY in parallel: Energy ---
2026-07-21T06:52:31.590205Z --- GENERATING ADAPTIVE MCQ IN ENGLISH ---
2026-07-21T06:52:31.617686Z -> OpenRouter error (NotFoundError: Error code: 404 - {'error': {'message': 'This model is unavailable for free. The paid version is available now - use this slug instead: meta-llama/llama-3.3-70b-instruct', 'code': 404}, 'user_id': 'user_3FWg0Y7hFwr9mi6ZEJfwxiglC7C'}), trying next provider…
2026-07-21T06:52:31.617738Z -> LLM Error in Generator: All LLM providers failed (non-rate-limit errors). Check API keys and quotas.
2026-07-21T06:52:32.081193Z   ✓ Q4/5 saved (bank now 4)
2026-07-21T06:52:34.081486Z --- RETRIEVING SYLLABUS & STUDENT HISTORY in parallel: Energy ---
2026-07-21T06:52:34.273693Z --- GENERATING ADAPTIVE MCQ IN ENGLISH ---
2026-07-21T06:52:34.294627Z -> OpenRouter error (NotFoundError: Error code: 404 - {'error': {'message': 'This model is unavailable for free. The paid version is available now - use this slug instead: meta-llama/llama-3.3-70b-instruct', 'code': 404}, 'user_id': 'user_3FWg0Y7hFwr9mi6ZEJfwxiglC7C'}), trying next provider…
2026-07-21T06:52:34.294699Z -> LLM Error in Generator: All LLM providers failed (non-rate-limit errors). Check API keys and quotas.
2026-07-21T06:52:34.674866Z   ✓ Q5/5 saved (bank now 5)
2026-07-21T06:52:36.675104Z [115/347] Science — Energy (Bahasa Melayu): generating 5 question(s)...
2026-07-21T06:52:36.675221Z --- RETRIEVING SYLLABUS & STUDENT HISTORY in parallel: Energy ---
2026-07-21T06:52:36.861878Z --- GENERATING ADAPTIVE MCQ IN BAHASA MELAYU ---
2026-07-21T06:52:36.885293Z -> OpenRouter error (NotFoundError: Error code: 404 - {'error': {'message': 'This model is unavailable for free. The paid version is available now - use this slug instead: meta-llama/llama-3.3-70b-instruct', 'code': 404}, 'user_id': 'user_3FWg0Y7hFwr9mi6ZEJfwxiglC7C'}), trying next provider…
2026-07-21T06:52:36.885400Z -> LLM Error in Generator: All LLM providers failed (non-rate-limit errors). Check API keys and quotas.
2026-07-21T06:52:37.252116Z   ✓ Q1/5 saved (bank now 1)
2026-07-21T06:52:39.252403Z --- RETRIEVING SYLLABUS & STUDENT HISTORY in parallel: Energy ---
2026-07-21T06:52:39.428422Z --- GENERATING ADAPTIVE MCQ IN BAHASA MELAYU ---
2026-07-21T06:52:39.458262Z -> OpenRouter error (NotFoundError: Error code: 404 - {'error': {'message': 'This model is unavailable for free. The paid version is available now - use this slug instead: meta-llama/llama-3.3-70b-instruct', 'code': 404}, 'user_id': 'user_3FWg0Y7hFwr9mi6ZEJfwxiglC7C'}), trying next provider…
2026-07-21T06:52:39.458372Z -> LLM Error in Generator: All LLM providers failed (non-rate-limit errors). Check API keys and quotas.
2026-07-21T06:52:39.841192Z   ✓ Q2/5 saved (bank now 2)
2026-07-21T06:52:41.841433Z --- RETRIEVING SYLLABUS & STUDENT HISTORY in parallel: Energy ---
2026-07-21T06:52:42.039835Z --- GENERATING ADAPTIVE MCQ IN BAHASA MELAYU ---
2026-07-21T06:52:42.074593Z -> OpenRouter error (NotFoundError: Error code: 404 - {'error': {'message': 'This model is unavailable for free. The paid version is available now - use this slug instead: meta-llama/llama-3.3-70b-instruct', 'code': 404}, 'user_id': 'user_3FWg0Y7hFwr9mi6ZEJfwxiglC7C'}), trying next provider…
2026-07-21T06:52:42.074693Z -> LLM Error in Generator: All LLM providers failed (non-rate-limit errors). Check API keys and quotas.
2026-07-21T06:52:42.441080Z   ✓ Q3/5 saved (bank now 3)
2026-07-21T06:52:44.441369Z --- RETRIEVING SYLLABUS & STUDENT HISTORY in parallel: Energy ---
2026-07-21T06:52:44.623618Z --- GENERATING ADAPTIVE MCQ IN BAHASA MELAYU ---
2026-07-21T06:52:44.650777Z -> OpenRouter error (NotFoundError: Error code: 404 - {'error': {'message': 'This model is unavailable for free. The paid version is available now - use this slug instead: meta-llama/llama-3.3-70b-instruct', 'code': 404}, 'user_id': 'user_3FWg0Y7hFwr9mi6ZEJfwxiglC7C'}), trying next provider…
2026-07-21T06:52:44.650864Z -> LLM Error in Generator: All LLM providers failed (non-rate-limit errors). Check API keys and quotas.
2026-07-21T06:52:45.021981Z   ✓ Q4/5 saved (bank now 4)
2026-07-21T06:52:47.022176Z --- RETRIEVING SYLLABUS & STUDENT HISTORY in parallel: Energy ---
2026-07-21T06:52:47.211821Z --- GENERATING ADAPTIVE MCQ IN BAHASA MELAYU ---
2026-07-21T06:52:47.258674Z -> OpenRouter error (NotFoundError: Error code: 404 - {'error': {'message': 'This model is unavailable for free. The paid version is available now - use this slug instead: meta-llama/llama-3.3-70b-instruct', 'code': 404}, 'user_id': 'user_3FWg0Y7hFwr9mi6ZEJfwxiglC7C'}), trying next provider…
2026-07-21T06:52:47.258747Z -> LLM Error in Generator: All LLM providers failed (non-rate-limit errors). Check API keys and quotas.
2026-07-21T06:52:47.646294Z   ✓ Q5/5 saved (bank now 5)
2026-07-21T06:52:49.646459Z [116/347] Science — Ecosystem (English): generating 4 question(s)...
2026-07-21T06:52:49.646522Z --- RETRIEVING SYLLABUS & STUDENT HISTORY in parallel: Ecosystem ---
2026-07-21T06:52:49.984052Z -> Retrieved 0 textbook chunk(s), 8 DSKP chunk(s)
2026-07-21T06:52:49.984637Z --- GENERATING ADAPTIVE MCQ IN ENGLISH ---
2026-07-21T06:52:50.016346Z -> OpenRouter error (NotFoundError: Error code: 404 - {'error': {'message': 'This model is unavailable for free. The paid version is available now - use this slug instead: meta-llama/llama-3.3-70b-instruct', 'code': 404}, 'user_id': 'user_3FWg0Y7hFwr9mi6ZEJfwxiglC7C'}), trying next provider…
2026-07-21T06:52:50.016399Z -> LLM Error in Generator: All LLM providers failed (non-rate-limit errors). Check API keys and quotas.
2026-07-21T06:52:50.409218Z   ✓ Q1/4 saved (bank now 5)
2026-07-21T06:52:52.409378Z --- RETRIEVING SYLLABUS & STUDENT HISTORY in parallel: Ecosystem ---
2026-07-21T06:52:52.592371Z --- GENERATING ADAPTIVE MCQ IN ENGLISH ---
2026-07-21T06:52:52.623700Z -> OpenRouter error (NotFoundError: Error code: 404 - {'error': {'message': 'This model is unavailable for free. The paid version is available now - use this slug instead: meta-llama/llama-3.3-70b-instruct', 'code': 404}, 'user_id': 'user_3FWg0Y7hFwr9mi6ZEJfwxiglC7C'}), trying next provider…
2026-07-21T06:52:52.623793Z -> LLM Error in Generator: All LLM providers failed (non-rate-limit errors). Check API keys and quotas.
2026-07-21T06:52:52.998638Z   ✓ Q2/4 saved (bank now 5)
2026-07-21T06:52:54.998833Z --- RETRIEVING SYLLABUS & STUDENT HISTORY in parallel: Ecosystem ---
2026-07-21T06:52:55.177466Z --- GENERATING ADAPTIVE MCQ IN ENGLISH ---
2026-07-21T06:52:55.200989Z -> OpenRouter error (NotFoundError: Error code: 404 - {'error': {'message': 'This model is unavailable for free. The paid version is available now - use this slug instead: meta-llama/llama-3.3-70b-instruct', 'code': 404}, 'user_id': 'user_3FWg0Y7hFwr9mi6ZEJfwxiglC7C'}), trying next provider…
2026-07-21T06:52:55.201081Z -> LLM Error in Generator: All LLM providers failed (non-rate-limit errors). Check API keys and quotas.
2026-07-21T06:52:55.576776Z   ✓ Q3/4 saved (bank now 5)
2026-07-21T06:52:57.577046Z --- RETRIEVING SYLLABUS & STUDENT HISTORY in parallel: Ecosystem ---
2026-07-21T06:52:57.857066Z --- GENERATING ADAPTIVE MCQ IN ENGLISH ---
2026-07-21T06:52:57.893081Z -> OpenRouter error (NotFoundError: Error code: 404 - {'error': {'message': 'This model is unavailable for free. The paid version is available now - use this slug instead: meta-llama/llama-3.3-70b-instruct', 'code': 404}, 'user_id': 'user_3FWg0Y7hFwr9mi6ZEJfwxiglC7C'}), trying next provider…
2026-07-21T06:52:57.893146Z -> LLM Error in Generator: All LLM providers failed (non-rate-limit errors). Check API keys and quotas.
2026-07-21T06:52:58.279935Z   ✓ Q4/4 saved (bank now 5)
2026-07-21T06:53:00.280151Z [117/347] Science — Ecosystem (Bahasa Melayu): generating 4 question(s)...
2026-07-21T06:53:00.280218Z --- RETRIEVING SYLLABUS & STUDENT HISTORY in parallel: Ecosystem ---
2026-07-21T06:53:00.463711Z --- GENERATING ADAPTIVE MCQ IN BAHASA MELAYU ---
2026-07-21T06:53:00.497018Z -> OpenRouter error (NotFoundError: Error code: 404 - {'error': {'message': 'This model is unavailable for free. The paid version is available now - use this slug instead: meta-llama/llama-3.3-70b-instruct', 'code': 404}, 'user_id': 'user_3FWg0Y7hFwr9mi6ZEJfwxiglC7C'}), trying next provider…
2026-07-21T06:53:00.497098Z -> LLM Error in Generator: All LLM providers failed (non-rate-limit errors). Check API keys and quotas.
2026-07-21T06:53:00.888840Z   ✓ Q1/4 saved (bank now 5)
2026-07-21T06:53:02.889070Z --- RETRIEVING SYLLABUS & STUDENT HISTORY in parallel: Ecosystem ---
2026-07-21T06:53:03.091989Z --- GENERATING ADAPTIVE MCQ IN BAHASA MELAYU ---
2026-07-21T06:53:03.120598Z -> OpenRouter error (NotFoundError: Error code: 404 - {'error': {'message': 'This model is unavailable for free. The paid version is available now - use this slug instead: meta-llama/llama-3.3-70b-instruct', 'code': 404}, 'user_id': 'user_3FWg0Y7hFwr9mi6ZEJfwxiglC7C'}), trying next provider…
2026-07-21T06:53:03.120651Z -> LLM Error in Generator: All LLM providers failed (non-rate-limit errors). Check API keys and quotas.
2026-07-21T06:53:03.492062Z   ✓ Q2/4 saved (bank now 5)
2026-07-21T06:53:05.492233Z --- RETRIEVING SYLLABUS & STUDENT HISTORY in parallel: Ecosystem ---
2026-07-21T06:53:05.669337Z --- GENERATING ADAPTIVE MCQ IN BAHASA MELAYU ---
2026-07-21T06:53:05.688116Z -> OpenRouter error (NotFoundError: Error code: 404 - {'error': {'message': 'This model is unavailable for free. The paid version is available now - use this slug instead: meta-llama/llama-3.3-70b-instruct', 'code': 404}, 'user_id': 'user_3FWg0Y7hFwr9mi6ZEJfwxiglC7C'}), trying next provider…
2026-07-21T06:53:05.688180Z -> LLM Error in Generator: All LLM providers failed (non-rate-limit errors). Check API keys and quotas.
2026-07-21T06:53:06.067762Z   ✓ Q3/4 saved (bank now 5)
2026-07-21T06:53:08.068057Z --- RETRIEVING SYLLABUS & STUDENT HISTORY in parallel: Ecosystem ---
2026-07-21T06:53:08.250208Z --- GENERATING ADAPTIVE MCQ IN BAHASA MELAYU ---
2026-07-21T06:53:08.282033Z -> OpenRouter error (NotFoundError: Error code: 404 - {'error': {'message': 'This model is unavailable for free. The paid version is available now - use this slug instead: meta-llama/llama-3.3-70b-instruct', 'code': 404}, 'user_id': 'user_3FWg0Y7hFwr9mi6ZEJfwxiglC7C'}), trying next provider…
2026-07-21T06:53:08.282082Z -> LLM Error in Generator: All LLM providers failed (non-rate-limit errors). Check API keys and quotas.
2026-07-21T06:53:08.644974Z   ✓ Q4/4 saved (bank now 5)
2026-07-21T06:53:10.645141Z [118/347] Science — Technology in Society (English): generating 5 question(s)...
2026-07-21T06:53:10.645219Z --- RETRIEVING SYLLABUS & STUDENT HISTORY in parallel: Technology in Society ---
2026-07-21T06:53:11.071292Z -> Retrieved 0 textbook chunk(s), 8 DSKP chunk(s)
2026-07-21T06:53:11.071648Z --- GENERATING ADAPTIVE MCQ IN ENGLISH ---
2026-07-21T06:53:11.276425Z -> OpenRouter error (NotFoundError: Error code: 404 - {'error': {'message': 'This model is unavailable for free. The paid version is available now - use this slug instead: meta-llama/llama-3.3-70b-instruct', 'code': 404}, 'user_id': 'user_3FWg0Y7hFwr9mi6ZEJfwxiglC7C'}), trying next provider…
2026-07-21T06:53:11.276512Z -> LLM Error in Generator: All LLM providers failed (non-rate-limit errors). Check API keys and quotas.
2026-07-21T06:53:11.648033Z   ✓ Q1/5 saved (bank now 1)
2026-07-21T06:53:13.648277Z --- RETRIEVING SYLLABUS & STUDENT HISTORY in parallel: Technology in Society ---
2026-07-21T06:53:13.838072Z --- GENERATING ADAPTIVE MCQ IN ENGLISH ---
2026-07-21T06:53:13.863640Z -> OpenRouter error (NotFoundError: Error code: 404 - {'error': {'message': 'This model is unavailable for free. The paid version is available now - use this slug instead: meta-llama/llama-3.3-70b-instruct', 'code': 404}, 'user_id': 'user_3FWg0Y7hFwr9mi6ZEJfwxiglC7C'}), trying next provider…
2026-07-21T06:53:13.863702Z -> LLM Error in Generator: All LLM providers failed (non-rate-limit errors). Check API keys and quotas.
2026-07-21T06:53:14.235965Z   ✓ Q2/5 saved (bank now 2)
2026-07-21T06:53:16.236244Z --- RETRIEVING SYLLABUS & STUDENT HISTORY in parallel: Technology in Society ---
2026-07-21T06:53:16.421538Z --- GENERATING ADAPTIVE MCQ IN ENGLISH ---
2026-07-21T06:53:16.447664Z -> OpenRouter error (NotFoundError: Error code: 404 - {'error': {'message': 'This model is unavailable for free. The paid version is available now - use this slug instead: meta-llama/llama-3.3-70b-instruct', 'code': 404}, 'user_id': 'user_3FWg0Y7hFwr9mi6ZEJfwxiglC7C'}), trying next provider…
2026-07-21T06:53:16.447738Z -> LLM Error in Generator: All LLM providers failed (non-rate-limit errors). Check API keys and quotas.
2026-07-21T06:53:16.820083Z   ✓ Q3/5 saved (bank now 3)
2026-07-21T06:53:18.820425Z --- RETRIEVING SYLLABUS & STUDENT HISTORY in parallel: Technology in Society ---
2026-07-21T06:53:19.017167Z --- GENERATING ADAPTIVE MCQ IN ENGLISH ---
2026-07-21T06:53:19.054791Z -> OpenRouter error (NotFoundError: Error code: 404 - {'error': {'message': 'This model is unavailable for free. The paid version is available now - use this slug instead: meta-llama/llama-3.3-70b-instruct', 'code': 404}, 'user_id': 'user_3FWg0Y7hFwr9mi6ZEJfwxiglC7C'}), trying next provider…
2026-07-21T06:53:19.054857Z -> LLM Error in Generator: All LLM providers failed (non-rate-limit errors). Check API keys and quotas.
2026-07-21T06:53:19.452699Z   ✓ Q4/5 saved (bank now 4)
2026-07-21T06:53:21.452988Z --- RETRIEVING SYLLABUS & STUDENT HISTORY in parallel: Technology in Society ---
2026-07-21T06:53:21.640205Z --- GENERATING ADAPTIVE MCQ IN ENGLISH ---
2026-07-21T06:53:22.879107Z   ✓ Q5/5 saved (bank now 5)
2026-07-21T06:53:24.879249Z [119/347] Science — Technology in Society (Bahasa Melayu): generating 5 question(s)...
2026-07-21T06:53:24.879340Z --- RETRIEVING SYLLABUS & STUDENT HISTORY in parallel: Technology in Society ---
2026-07-21T06:53:25.057301Z --- GENERATING ADAPTIVE MCQ IN BAHASA MELAYU ---
2026-07-21T06:53:26.309594Z   ✓ Q1/5 saved (bank now 1)
2026-07-21T06:53:28.309903Z --- RETRIEVING SYLLABUS & STUDENT HISTORY in parallel: Technology in Society ---
2026-07-21T06:53:28.521053Z --- GENERATING ADAPTIVE MCQ IN BAHASA MELAYU ---
2026-07-21T06:53:29.789367Z   ✓ Q2/5 saved (bank now 2)
2026-07-21T06:53:31.789561Z --- RETRIEVING SYLLABUS & STUDENT HISTORY in parallel: Technology in Society ---
2026-07-21T06:53:31.970849Z --- GENERATING ADAPTIVE MCQ IN BAHASA MELAYU ---
2026-07-21T06:53:33.755456Z -> Cerebras: cooling for 65s.
2026-07-21T06:53:33.785179Z -> GroqCloud: cooling for 65s.
2026-07-21T06:53:33.828384Z -> OpenRouter error (NotFoundError: Error code: 404 - {'error': {'message': 'This model is unavailable for free. The paid version is available now - use this slug instead: meta-llama/llama-3.3-70b-instruct', 'code': 404}, 'user_id': 'user_3FWg0Y7hFwr9mi6ZEJfwxiglC7C'}), trying next provider…
2026-07-21T06:53:33.828491Z -> LLM Error in Generator: All LLM providers failed (non-rate-limit errors). Check API keys and quotas.
2026-07-21T06:53:34.215592Z   ✓ Q3/5 saved (bank now 3)
2026-07-21T06:53:36.215782Z --- RETRIEVING SYLLABUS & STUDENT HISTORY in parallel: Technology in Society ---
2026-07-21T06:53:36.419562Z --- GENERATING ADAPTIVE MCQ IN BAHASA MELAYU ---
2026-07-21T06:53:36.448007Z -> OpenRouter error (NotFoundError: Error code: 404 - {'error': {'message': 'This model is unavailable for free. The paid version is available now - use this slug instead: meta-llama/llama-3.3-70b-instruct', 'code': 404}, 'user_id': 'user_3FWg0Y7hFwr9mi6ZEJfwxiglC7C'}), trying next provider…
2026-07-21T06:53:36.448086Z -> LLM Error in Generator: All LLM providers failed (non-rate-limit errors). Check API keys and quotas.
2026-07-21T06:53:36.846408Z   ✓ Q4/5 saved (bank now 4)
2026-07-21T06:53:38.846581Z --- RETRIEVING SYLLABUS & STUDENT HISTORY in parallel: Technology in Society ---
2026-07-21T06:53:39.034470Z --- GENERATING ADAPTIVE MCQ IN BAHASA MELAYU ---
2026-07-21T06:53:39.050008Z -> OpenRouter error (NotFoundError: Error code: 404 - {'error': {'message': 'This model is unavailable for free. The paid version is available now - use this slug instead: meta-llama/llama-3.3-70b-instruct', 'code': 404}, 'user_id': 'user_3FWg0Y7hFwr9mi6ZEJfwxiglC7C'}), trying next provider…
2026-07-21T06:53:39.050056Z -> LLM Error in Generator: All LLM providers failed (non-rate-limit errors). Check API keys and quotas.
2026-07-21T06:53:39.428145Z   ✓ Q5/5 saved (bank now 5)
2026-07-21T06:53:41.428354Z [120/347] Science — Stars and Galaxies (English): generating 5 question(s)...
2026-07-21T06:53:41.428446Z --- RETRIEVING SYLLABUS & STUDENT HISTORY in parallel: Stars and Galaxies ---
2026-07-21T06:53:41.903722Z -> Retrieved 1 textbook chunk(s), 7 DSKP chunk(s)
2026-07-21T06:53:41.904372Z --- GENERATING ADAPTIVE MCQ IN ENGLISH ---
2026-07-21T06:53:41.925146Z -> OpenRouter error (NotFoundError: Error code: 404 - {'error': {'message': 'This model is unavailable for free. The paid version is available now - use this slug instead: meta-llama/llama-3.3-70b-instruct', 'code': 404}, 'user_id': 'user_3FWg0Y7hFwr9mi6ZEJfwxiglC7C'}), trying next provider…
2026-07-21T06:53:41.925202Z -> LLM Error in Generator: All LLM providers failed (non-rate-limit errors). Check API keys and quotas.
2026-07-21T06:53:42.289641Z   ✓ Q1/5 saved (bank now 1)
2026-07-21T06:53:44.289955Z --- RETRIEVING SYLLABUS & STUDENT HISTORY in parallel: Stars and Galaxies ---
2026-07-21T06:53:44.478151Z --- GENERATING ADAPTIVE MCQ IN ENGLISH ---
2026-07-21T06:53:44.495728Z -> OpenRouter error (NotFoundError: Error code: 404 - {'error': {'message': 'This model is unavailable for free. The paid version is available now - use this slug instead: meta-llama/llama-3.3-70b-instruct', 'code': 404}, 'user_id': 'user_3FWg0Y7hFwr9mi6ZEJfwxiglC7C'}), trying next provider…
2026-07-21T06:53:44.495803Z -> LLM Error in Generator: All LLM providers failed (non-rate-limit errors). Check API keys and quotas.
2026-07-21T06:53:44.874167Z   ✓ Q2/5 saved (bank now 2)
2026-07-21T06:53:46.874526Z --- RETRIEVING SYLLABUS & STUDENT HISTORY in parallel: Stars and Galaxies ---
2026-07-21T06:53:47.054539Z --- GENERATING ADAPTIVE MCQ IN ENGLISH ---
2026-07-21T06:53:47.337473Z -> OpenRouter error (NotFoundError: Error code: 404 - {'error': {'message': 'This model is unavailable for free. The paid version is available now - use this slug instead: meta-llama/llama-3.3-70b-instruct', 'code': 404}, 'user_id': 'user_3FWg0Y7hFwr9mi6ZEJfwxiglC7C'}), trying next provider…
2026-07-21T06:53:47.337536Z -> LLM Error in Generator: All LLM providers failed (non-rate-limit errors). Check API keys and quotas.
2026-07-21T06:53:47.709126Z   ✓ Q3/5 saved (bank now 3)
2026-07-21T06:53:49.709371Z --- RETRIEVING SYLLABUS & STUDENT HISTORY in parallel: Stars and Galaxies ---
2026-07-21T06:53:49.899178Z --- GENERATING ADAPTIVE MCQ IN ENGLISH ---
2026-07-21T06:53:49.919110Z -> OpenRouter error (NotFoundError: Error code: 404 - {'error': {'message': 'This model is unavailable for free. The paid version is available now - use this slug instead: meta-llama/llama-3.3-70b-instruct', 'code': 404}, 'user_id': 'user_3FWg0Y7hFwr9mi6ZEJfwxiglC7C'}), trying next provider…
2026-07-21T06:53:49.919162Z -> LLM Error in Generator: All LLM providers failed (non-rate-limit errors). Check API keys and quotas.
2026-07-21T06:53:50.306103Z   ✓ Q4/5 saved (bank now 4)
2026-07-21T06:53:52.306397Z --- RETRIEVING SYLLABUS & STUDENT HISTORY in parallel: Stars and Galaxies ---
2026-07-21T06:53:52.483555Z --- GENERATING ADAPTIVE MCQ IN ENGLISH ---
2026-07-21T06:53:52.501222Z -> OpenRouter error (NotFoundError: Error code: 404 - {'error': {'message': 'This model is unavailable for free. The paid version is available now - use this slug instead: meta-llama/llama-3.3-70b-instruct', 'code': 404}, 'user_id': 'user_3FWg0Y7hFwr9mi6ZEJfwxiglC7C'}), trying next provider…
2026-07-21T06:53:52.501264Z -> LLM Error in Generator: All LLM providers failed (non-rate-limit errors). Check API keys and quotas.
2026-07-21T06:53:52.880232Z   ✓ Q5/5 saved (bank now 5)
2026-07-21T06:53:54.880470Z [121/347] Science — Stars and Galaxies (Bahasa Melayu): generating 5 question(s)...
2026-07-21T06:53:54.880529Z --- RETRIEVING SYLLABUS & STUDENT HISTORY in parallel: Stars and Galaxies ---
2026-07-21T06:53:55.057026Z --- GENERATING ADAPTIVE MCQ IN BAHASA MELAYU ---
2026-07-21T06:53:55.074066Z -> OpenRouter error (NotFoundError: Error code: 404 - {'error': {'message': 'This model is unavailable for free. The paid version is available now - use this slug instead: meta-llama/llama-3.3-70b-instruct', 'code': 404}, 'user_id': 'user_3FWg0Y7hFwr9mi6ZEJfwxiglC7C'}), trying next provider…
2026-07-21T06:53:55.074162Z -> LLM Error in Generator: All LLM providers failed (non-rate-limit errors). Check API keys and quotas.
2026-07-21T06:53:55.447158Z   ✓ Q1/5 saved (bank now 1)
2026-07-21T06:53:57.447430Z --- RETRIEVING SYLLABUS & STUDENT HISTORY in parallel: Stars and Galaxies ---
2026-07-21T06:53:57.638507Z --- GENERATING ADAPTIVE MCQ IN BAHASA MELAYU ---
2026-07-21T06:53:57.674859Z -> OpenRouter error (NotFoundError: Error code: 404 - {'error': {'message': 'This model is unavailable for free. The paid version is available now - use this slug instead: meta-llama/llama-3.3-70b-instruct', 'code': 404}, 'user_id': 'user_3FWg0Y7hFwr9mi6ZEJfwxiglC7C'}), trying next provider…
2026-07-21T06:53:57.674932Z -> LLM Error in Generator: All LLM providers failed (non-rate-limit errors). Check API keys and quotas.
2026-07-21T06:53:58.061660Z   ✓ Q2/5 saved (bank now 2)
2026-07-21T06:54:00.061995Z --- RETRIEVING SYLLABUS & STUDENT HISTORY in parallel: Stars and Galaxies ---
2026-07-21T06:54:00.248535Z --- GENERATING ADAPTIVE MCQ IN BAHASA MELAYU ---
2026-07-21T06:54:00.670716Z -> OpenRouter error (NotFoundError: Error code: 404 - {'error': {'message': 'This model is unavailable for free. The paid version is available now - use this slug instead: meta-llama/llama-3.3-70b-instruct', 'code': 404}, 'user_id': 'user_3FWg0Y7hFwr9mi6ZEJfwxiglC7C'}), trying next provider…
2026-07-21T06:54:00.670798Z -> LLM Error in Generator: All LLM providers failed (non-rate-limit errors). Check API keys and quotas.
2026-07-21T06:54:01.048880Z   ✓ Q3/5 saved (bank now 3)
2026-07-21T06:54:03.049159Z --- RETRIEVING SYLLABUS & STUDENT HISTORY in parallel: Stars and Galaxies ---
2026-07-21T06:54:03.242096Z --- GENERATING ADAPTIVE MCQ IN BAHASA MELAYU ---
2026-07-21T06:54:03.263468Z -> OpenRouter error (NotFoundError: Error code: 404 - {'error': {'message': 'This model is unavailable for free. The paid version is available now - use this slug instead: meta-llama/llama-3.3-70b-instruct', 'code': 404}, 'user_id': 'user_3FWg0Y7hFwr9mi6ZEJfwxiglC7C'}), trying next provider…
2026-07-21T06:54:03.263551Z -> LLM Error in Generator: All LLM providers failed (non-rate-limit errors). Check API keys and quotas.
2026-07-21T06:54:03.620064Z   ✓ Q4/5 saved (bank now 4)
2026-07-21T06:54:05.620395Z --- RETRIEVING SYLLABUS & STUDENT HISTORY in parallel: Stars and Galaxies ---
2026-07-21T06:54:05.832794Z --- GENERATING ADAPTIVE MCQ IN BAHASA MELAYU ---
2026-07-21T06:54:05.877466Z -> OpenRouter error (NotFoundError: Error code: 404 - {'error': {'message': 'This model is unavailable for free. The paid version is available now - use this slug instead: meta-llama/llama-3.3-70b-instruct', 'code': 404}, 'user_id': 'user_3FWg0Y7hFwr9mi6ZEJfwxiglC7C'}), trying next provider…
2026-07-21T06:54:05.877525Z -> LLM Error in Generator: All LLM providers failed (non-rate-limit errors). Check API keys and quotas.
2026-07-21T06:54:06.266302Z   ✓ Q5/5 saved (bank now 5)
2026-07-21T06:54:08.266424Z [122/347] Additional Mathematics — Functions (English): generating 5 question(s)...
2026-07-21T06:54:08.266501Z --- RETRIEVING SYLLABUS & STUDENT HISTORY in parallel: Functions ---
2026-07-21T06:54:08.835543Z -> Retrieved 1 textbook chunk(s), 7 DSKP chunk(s)
2026-07-21T06:54:08.835956Z --- GENERATING ADAPTIVE MCQ IN ENGLISH ---
2026-07-21T06:54:08.853376Z -> OpenRouter error (NotFoundError: Error code: 404 - {'error': {'message': 'This model is unavailable for free. The paid version is available now - use this slug instead: meta-llama/llama-3.3-70b-instruct', 'code': 404}, 'user_id': 'user_3FWg0Y7hFwr9mi6ZEJfwxiglC7C'}), trying next provider…
2026-07-21T06:54:08.853445Z -> LLM Error in Generator: All LLM providers failed (non-rate-limit errors). Check API keys and quotas.
2026-07-21T06:54:09.229298Z   ✓ Q1/5 saved (bank now 1)
2026-07-21T06:54:11.229520Z --- RETRIEVING SYLLABUS & STUDENT HISTORY in parallel: Functions ---
2026-07-21T06:54:11.410736Z --- GENERATING ADAPTIVE MCQ IN ENGLISH ---
2026-07-21T06:54:11.432641Z -> OpenRouter error (NotFoundError: Error code: 404 - {'error': {'message': 'This model is unavailable for free. The paid version is available now - use this slug instead: meta-llama/llama-3.3-70b-instruct', 'code': 404}, 'user_id': 'user_3FWg0Y7hFwr9mi6ZEJfwxiglC7C'}), trying next provider…
2026-07-21T06:54:11.432726Z -> LLM Error in Generator: All LLM providers failed (non-rate-limit errors). Check API keys and quotas.
2026-07-21T06:54:11.788472Z   ✓ Q2/5 saved (bank now 2)
2026-07-21T06:54:13.788698Z --- RETRIEVING SYLLABUS & STUDENT HISTORY in parallel: Functions ---
2026-07-21T06:54:14.001616Z --- GENERATING ADAPTIVE MCQ IN ENGLISH ---
2026-07-21T06:54:14.027645Z -> OpenRouter error (NotFoundError: Error code: 404 - {'error': {'message': 'This model is unavailable for free. The paid version is available now - use this slug instead: meta-llama/llama-3.3-70b-instruct', 'code': 404}, 'user_id': 'user_3FWg0Y7hFwr9mi6ZEJfwxiglC7C'}), trying next provider…
2026-07-21T06:54:14.027728Z -> LLM Error in Generator: All LLM providers failed (non-rate-limit errors). Check API keys and quotas.
2026-07-21T06:54:14.384056Z   ✓ Q3/5 saved (bank now 3)
2026-07-21T06:54:16.384292Z --- RETRIEVING SYLLABUS & STUDENT HISTORY in parallel: Functions ---
2026-07-21T06:54:16.566112Z --- GENERATING ADAPTIVE MCQ IN ENGLISH ---
2026-07-21T06:54:16.587099Z -> OpenRouter error (NotFoundError: Error code: 404 - {'error': {'message': 'This model is unavailable for free. The paid version is available now - use this slug instead: meta-llama/llama-3.3-70b-instruct', 'code': 404}, 'user_id': 'user_3FWg0Y7hFwr9mi6ZEJfwxiglC7C'}), trying next provider…
2026-07-21T06:54:16.587184Z -> LLM Error in Generator: All LLM providers failed (non-rate-limit errors). Check API keys and quotas.
2026-07-21T06:54:16.961094Z   ✓ Q4/5 saved (bank now 4)
2026-07-21T06:54:18.961287Z --- RETRIEVING SYLLABUS & STUDENT HISTORY in parallel: Functions ---
2026-07-21T06:54:19.137293Z --- GENERATING ADAPTIVE MCQ IN ENGLISH ---
2026-07-21T06:54:19.155361Z -> OpenRouter error (NotFoundError: Error code: 404 - {'error': {'message': 'This model is unavailable for free. The paid version is available now - use this slug instead: meta-llama/llama-3.3-70b-instruct', 'code': 404}, 'user_id': 'user_3FWg0Y7hFwr9mi6ZEJfwxiglC7C'}), trying next provider…
2026-07-21T06:54:19.155438Z -> LLM Error in Generator: All LLM providers failed (non-rate-limit errors). Check API keys and quotas.
2026-07-21T06:54:19.533620Z   ✓ Q5/5 saved (bank now 5)
2026-07-21T06:54:21.533893Z [123/347] Additional Mathematics — Functions (Bahasa Melayu): generating 5 question(s)...
2026-07-21T06:54:21.533982Z --- RETRIEVING SYLLABUS & STUDENT HISTORY in parallel: Functions ---
2026-07-21T06:54:21.727653Z --- GENERATING ADAPTIVE MCQ IN BAHASA MELAYU ---
2026-07-21T06:54:21.747841Z -> OpenRouter error (NotFoundError: Error code: 404 - {'error': {'message': 'This model is unavailable for free. The paid version is available now - use this slug instead: meta-llama/llama-3.3-70b-instruct', 'code': 404}, 'user_id': 'user_3FWg0Y7hFwr9mi6ZEJfwxiglC7C'}), trying next provider…
2026-07-21T06:54:21.747961Z -> LLM Error in Generator: All LLM providers failed (non-rate-limit errors). Check API keys and quotas.
2026-07-21T06:54:22.112781Z   ✓ Q1/5 saved (bank now 1)
2026-07-21T06:54:24.112955Z --- RETRIEVING SYLLABUS & STUDENT HISTORY in parallel: Functions ---
2026-07-21T06:54:24.292049Z --- GENERATING ADAPTIVE MCQ IN BAHASA MELAYU ---
2026-07-21T06:54:24.306761Z -> OpenRouter error (NotFoundError: Error code: 404 - {'error': {'message': 'This model is unavailable for free. The paid version is available now - use this slug instead: meta-llama/llama-3.3-70b-instruct', 'code': 404}, 'user_id': 'user_3FWg0Y7hFwr9mi6ZEJfwxiglC7C'}), trying next provider…
2026-07-21T06:54:24.306897Z -> LLM Error in Generator: All LLM providers failed (non-rate-limit errors). Check API keys and quotas.
2026-07-21T06:54:24.678441Z   ✓ Q2/5 saved (bank now 2)
2026-07-21T06:54:26.678709Z --- RETRIEVING SYLLABUS & STUDENT HISTORY in parallel: Functions ---
2026-07-21T06:54:26.864764Z --- GENERATING ADAPTIVE MCQ IN BAHASA MELAYU ---
2026-07-21T06:54:26.884002Z -> OpenRouter error (NotFoundError: Error code: 404 - {'error': {'message': 'This model is unavailable for free. The paid version is available now - use this slug instead: meta-llama/llama-3.3-70b-instruct', 'code': 404}, 'user_id': 'user_3FWg0Y7hFwr9mi6ZEJfwxiglC7C'}), trying next provider…
2026-07-21T06:54:26.884053Z -> LLM Error in Generator: All LLM providers failed (non-rate-limit errors). Check API keys and quotas.
2026-07-21T06:54:27.238717Z   ✓ Q3/5 saved (bank now 3)
2026-07-21T06:54:29.239036Z --- RETRIEVING SYLLABUS & STUDENT HISTORY in parallel: Functions ---
2026-07-21T06:54:29.418753Z --- GENERATING ADAPTIVE MCQ IN BAHASA MELAYU ---
2026-07-21T06:54:29.437729Z -> OpenRouter error (NotFoundError: Error code: 404 - {'error': {'message': 'This model is unavailable for free. The paid version is available now - use this slug instead: meta-llama/llama-3.3-70b-instruct', 'code': 404}, 'user_id': 'user_3FWg0Y7hFwr9mi6ZEJfwxiglC7C'}), trying next provider…
2026-07-21T06:54:29.437806Z -> LLM Error in Generator: All LLM providers failed (non-rate-limit errors). Check API keys and quotas.
2026-07-21T06:54:29.805237Z   ✓ Q4/5 saved (bank now 4)
2026-07-21T06:54:31.805538Z --- RETRIEVING SYLLABUS & STUDENT HISTORY in parallel: Functions ---
2026-07-21T06:54:31.989299Z --- GENERATING ADAPTIVE MCQ IN BAHASA MELAYU ---
2026-07-21T06:54:32.006778Z -> OpenRouter error (NotFoundError: Error code: 404 - {'error': {'message': 'This model is unavailable for free. The paid version is available now - use this slug instead: meta-llama/llama-3.3-70b-instruct', 'code': 404}, 'user_id': 'user_3FWg0Y7hFwr9mi6ZEJfwxiglC7C'}), trying next provider…
2026-07-21T06:54:32.006875Z -> LLM Error in Generator: All LLM providers failed (non-rate-limit errors). Check API keys and quotas.
2026-07-21T06:54:32.391680Z   ✓ Q5/5 saved (bank now 5)
2026-07-21T06:54:34.391900Z [124/347] Additional Mathematics — Quadratic Functions (English): generating 5 question(s)...
2026-07-21T06:54:34.391970Z --- RETRIEVING SYLLABUS & STUDENT HISTORY in parallel: Quadratic Functions ---
2026-07-21T06:54:34.715897Z -> Retrieved 0 textbook chunk(s), 8 DSKP chunk(s)
2026-07-21T06:54:34.716519Z --- GENERATING ADAPTIVE MCQ IN ENGLISH ---
2026-07-21T06:54:34.740138Z -> OpenRouter error (NotFoundError: Error code: 404 - {'error': {'message': 'This model is unavailable for free. The paid version is available now - use this slug instead: meta-llama/llama-3.3-70b-instruct', 'code': 404}, 'user_id': 'user_3FWg0Y7hFwr9mi6ZEJfwxiglC7C'}), trying next provider…
2026-07-21T06:54:34.740215Z -> LLM Error in Generator: All LLM providers failed (non-rate-limit errors). Check API keys and quotas.
2026-07-21T06:54:35.122753Z   ✓ Q1/5 saved (bank now 1)
2026-07-21T06:54:37.122977Z --- RETRIEVING SYLLABUS & STUDENT HISTORY in parallel: Quadratic Functions ---
2026-07-21T06:54:37.301244Z --- GENERATING ADAPTIVE MCQ IN ENGLISH ---
2026-07-21T06:54:37.337946Z -> OpenRouter error (NotFoundError: Error code: 404 - {'error': {'message': 'This model is unavailable for free. The paid version is available now - use this slug instead: meta-llama/llama-3.3-70b-instruct', 'code': 404}, 'user_id': 'user_3FWg0Y7hFwr9mi6ZEJfwxiglC7C'}), trying next provider…
2026-07-21T06:54:37.338029Z -> LLM Error in Generator: All LLM providers failed (non-rate-limit errors). Check API keys and quotas.
2026-07-21T06:54:37.700042Z   ✓ Q2/5 saved (bank now 2)
2026-07-21T06:54:39.700165Z --- RETRIEVING SYLLABUS & STUDENT HISTORY in parallel: Quadratic Functions ---
2026-07-21T06:54:39.884365Z --- GENERATING ADAPTIVE MCQ IN ENGLISH ---
2026-07-21T06:54:41.124703Z   ✓ Q3/5 saved (bank now 3)
2026-07-21T06:54:43.124941Z --- RETRIEVING SYLLABUS & STUDENT HISTORY in parallel: Quadratic Functions ---
2026-07-21T06:54:43.302815Z --- GENERATING ADAPTIVE MCQ IN ENGLISH ---
2026-07-21T06:54:44.638495Z   ✓ Q4/5 saved (bank now 4)
2026-07-21T06:54:46.638760Z --- RETRIEVING SYLLABUS & STUDENT HISTORY in parallel: Quadratic Functions ---
2026-07-21T06:54:46.822221Z --- GENERATING ADAPTIVE MCQ IN ENGLISH ---
2026-07-21T06:54:48.129183Z   ✓ Q5/5 saved (bank now 5)
2026-07-21T06:54:50.129372Z [125/347] Additional Mathematics — Quadratic Functions (Bahasa Melayu): generating 5 question(s)...
2026-07-21T06:54:50.129443Z --- RETRIEVING SYLLABUS & STUDENT HISTORY in parallel: Quadratic Functions ---
2026-07-21T06:54:50.306823Z --- GENERATING ADAPTIVE MCQ IN BAHASA MELAYU ---
2026-07-21T06:54:51.889257Z -> Cerebras: cooling for 65s.
2026-07-21T06:54:51.930019Z -> GroqCloud: cooling for 65s.
2026-07-21T06:54:51.990397Z -> OpenRouter error (NotFoundError: Error code: 404 - {'error': {'message': 'This model is unavailable for free. The paid version is available now - use this slug instead: meta-llama/llama-3.3-70b-instruct', 'code': 404}, 'user_id': 'user_3FWg0Y7hFwr9mi6ZEJfwxiglC7C'}), trying next provider…
2026-07-21T06:54:51.990469Z -> LLM Error in Generator: All LLM providers failed (non-rate-limit errors). Check API keys and quotas.
2026-07-21T06:54:52.371976Z   ✓ Q1/5 saved (bank now 1)
2026-07-21T06:54:54.372159Z --- RETRIEVING SYLLABUS & STUDENT HISTORY in parallel: Quadratic Functions ---
2026-07-21T06:54:54.564517Z --- GENERATING ADAPTIVE MCQ IN BAHASA MELAYU ---
2026-07-21T06:54:54.583163Z -> OpenRouter error (NotFoundError: Error code: 404 - {'error': {'message': 'This model is unavailable for free. The paid version is available now - use this slug instead: meta-llama/llama-3.3-70b-instruct', 'code': 404}, 'user_id': 'user_3FWg0Y7hFwr9mi6ZEJfwxiglC7C'}), trying next provider…
2026-07-21T06:54:54.583243Z -> LLM Error in Generator: All LLM providers failed (non-rate-limit errors). Check API keys and quotas.
2026-07-21T06:54:54.941407Z   ✓ Q2/5 saved (bank now 2)
2026-07-21T06:54:56.941751Z --- RETRIEVING SYLLABUS & STUDENT HISTORY in parallel: Quadratic Functions ---
2026-07-21T06:54:57.182885Z --- GENERATING ADAPTIVE MCQ IN BAHASA MELAYU ---
2026-07-21T06:54:57.207613Z -> OpenRouter error (NotFoundError: Error code: 404 - {'error': {'message': 'This model is unavailable for free. The paid version is available now - use this slug instead: meta-llama/llama-3.3-70b-instruct', 'code': 404}, 'user_id': 'user_3FWg0Y7hFwr9mi6ZEJfwxiglC7C'}), trying next provider…
2026-07-21T06:54:57.207684Z -> LLM Error in Generator: All LLM providers failed (non-rate-limit errors). Check API keys and quotas.
2026-07-21T06:54:57.626239Z   ✓ Q3/5 saved (bank now 3)
2026-07-21T06:54:59.626500Z --- RETRIEVING SYLLABUS & STUDENT HISTORY in parallel: Quadratic Functions ---
2026-07-21T06:54:59.805588Z --- GENERATING ADAPTIVE MCQ IN BAHASA MELAYU ---
2026-07-21T06:54:59.823998Z -> OpenRouter error (NotFoundError: Error code: 404 - {'error': {'message': 'This model is unavailable for free. The paid version is available now - use this slug instead: meta-llama/llama-3.3-70b-instruct', 'code': 404}, 'user_id': 'user_3FWg0Y7hFwr9mi6ZEJfwxiglC7C'}), trying next provider…
2026-07-21T06:54:59.824087Z -> LLM Error in Generator: All LLM providers failed (non-rate-limit errors). Check API keys and quotas.
2026-07-21T06:55:00.181112Z   ✓ Q4/5 saved (bank now 4)
2026-07-21T06:55:02.181385Z --- RETRIEVING SYLLABUS & STUDENT HISTORY in parallel: Quadratic Functions ---
2026-07-21T06:55:02.417029Z --- GENERATING ADAPTIVE MCQ IN BAHASA MELAYU ---
2026-07-21T06:55:02.442495Z -> OpenRouter error (NotFoundError: Error code: 404 - {'error': {'message': 'This model is unavailable for free. The paid version is available now - use this slug instead: meta-llama/llama-3.3-70b-instruct', 'code': 404}, 'user_id': 'user_3FWg0Y7hFwr9mi6ZEJfwxiglC7C'}), trying next provider…
2026-07-21T06:55:02.442572Z -> LLM Error in Generator: All LLM providers failed (non-rate-limit errors). Check API keys and quotas.
2026-07-21T06:55:02.821753Z   ✓ Q5/5 saved (bank now 5)
2026-07-21T06:55:04.821892Z [126/347] Additional Mathematics — Systems of Equations (English): generating 5 question(s)...
2026-07-21T06:55:04.821966Z --- RETRIEVING SYLLABUS & STUDENT HISTORY in parallel: Systems of Equations ---
2026-07-21T06:55:05.127591Z -> Retrieved 0 textbook chunk(s), 8 DSKP chunk(s)
2026-07-21T06:55:05.128149Z --- GENERATING ADAPTIVE MCQ IN ENGLISH ---
2026-07-21T06:55:05.147115Z -> OpenRouter error (NotFoundError: Error code: 404 - {'error': {'message': 'This model is unavailable for free. The paid version is available now - use this slug instead: meta-llama/llama-3.3-70b-instruct', 'code': 404}, 'user_id': 'user_3FWg0Y7hFwr9mi6ZEJfwxiglC7C'}), trying next provider…
2026-07-21T06:55:05.147197Z -> LLM Error in Generator: All LLM providers failed (non-rate-limit errors). Check API keys and quotas.
2026-07-21T06:55:05.519045Z   ✓ Q1/5 saved (bank now 1)
2026-07-21T06:55:07.519287Z --- RETRIEVING SYLLABUS & STUDENT HISTORY in parallel: Systems of Equations ---
2026-07-21T06:55:07.713964Z --- GENERATING ADAPTIVE MCQ IN ENGLISH ---
2026-07-21T06:55:07.732825Z -> OpenRouter error (NotFoundError: Error code: 404 - {'error': {'message': 'This model is unavailable for free. The paid version is available now - use this slug instead: meta-llama/llama-3.3-70b-instruct', 'code': 404}, 'user_id': 'user_3FWg0Y7hFwr9mi6ZEJfwxiglC7C'}), trying next provider…
2026-07-21T06:55:07.732891Z -> LLM Error in Generator: All LLM providers failed (non-rate-limit errors). Check API keys and quotas.
2026-07-21T06:55:08.103876Z   ✓ Q2/5 saved (bank now 2)
2026-07-21T06:55:10.104154Z --- RETRIEVING SYLLABUS & STUDENT HISTORY in parallel: Systems of Equations ---
2026-07-21T06:55:10.284088Z --- GENERATING ADAPTIVE MCQ IN ENGLISH ---
2026-07-21T06:55:10.298388Z -> OpenRouter error (NotFoundError: Error code: 404 - {'error': {'message': 'This model is unavailable for free. The paid version is available now - use this slug instead: meta-llama/llama-3.3-70b-instruct', 'code': 404}, 'user_id': 'user_3FWg0Y7hFwr9mi6ZEJfwxiglC7C'}), trying next provider…
2026-07-21T06:55:10.298462Z -> LLM Error in Generator: All LLM providers failed (non-rate-limit errors). Check API keys and quotas.
2026-07-21T06:55:10.688953Z   ✓ Q3/5 saved (bank now 3)
2026-07-21T06:55:12.689171Z --- RETRIEVING SYLLABUS & STUDENT HISTORY in parallel: Systems of Equations ---
2026-07-21T06:55:12.882794Z --- GENERATING ADAPTIVE MCQ IN ENGLISH ---
2026-07-21T06:55:12.902519Z -> OpenRouter error (NotFoundError: Error code: 404 - {'error': {'message': 'This model is unavailable for free. The paid version is available now - use this slug instead: meta-llama/llama-3.3-70b-instruct', 'code': 404}, 'user_id': 'user_3FWg0Y7hFwr9mi6ZEJfwxiglC7C'}), trying next provider…
2026-07-21T06:55:12.902588Z -> LLM Error in Generator: All LLM providers failed (non-rate-limit errors). Check API keys and quotas.
2026-07-21T06:55:13.267981Z   ✓ Q4/5 saved (bank now 4)
2026-07-21T06:55:15.268100Z --- RETRIEVING SYLLABUS & STUDENT HISTORY in parallel: Systems of Equations ---
2026-07-21T06:55:15.444217Z --- GENERATING ADAPTIVE MCQ IN ENGLISH ---
2026-07-21T06:55:15.460646Z -> OpenRouter error (NotFoundError: Error code: 404 - {'error': {'message': 'This model is unavailable for free. The paid version is available now - use this slug instead: meta-llama/llama-3.3-70b-instruct', 'code': 404}, 'user_id': 'user_3FWg0Y7hFwr9mi6ZEJfwxiglC7C'}), trying next provider…
2026-07-21T06:55:15.460692Z -> LLM Error in Generator: All LLM providers failed (non-rate-limit errors). Check API keys and quotas.
2026-07-21T06:55:15.832700Z   ✓ Q5/5 saved (bank now 5)
2026-07-21T06:55:17.832928Z [127/347] Additional Mathematics — Systems of Equations (Bahasa Melayu): generating 5 question(s)...
2026-07-21T06:55:17.833005Z --- RETRIEVING SYLLABUS & STUDENT HISTORY in parallel: Systems of Equations ---
2026-07-21T06:55:18.020539Z --- GENERATING ADAPTIVE MCQ IN BAHASA MELAYU ---
2026-07-21T06:55:18.036496Z -> OpenRouter error (NotFoundError: Error code: 404 - {'error': {'message': 'This model is unavailable for free. The paid version is available now - use this slug instead: meta-llama/llama-3.3-70b-instruct', 'code': 404}, 'user_id': 'user_3FWg0Y7hFwr9mi6ZEJfwxiglC7C'}), trying next provider…
2026-07-21T06:55:18.036566Z -> LLM Error in Generator: All LLM providers failed (non-rate-limit errors). Check API keys and quotas.
2026-07-21T06:55:18.420084Z   ✓ Q1/5 saved (bank now 1)
2026-07-21T06:55:20.420367Z --- RETRIEVING SYLLABUS & STUDENT HISTORY in parallel: Systems of Equations ---
2026-07-21T06:55:20.611094Z --- GENERATING ADAPTIVE MCQ IN BAHASA MELAYU ---
2026-07-21T06:55:20.628174Z -> OpenRouter error (NotFoundError: Error code: 404 - {'error': {'message': 'This model is unavailable for free. The paid version is available now - use this slug instead: meta-llama/llama-3.3-70b-instruct', 'code': 404}, 'user_id': 'user_3FWg0Y7hFwr9mi6ZEJfwxiglC7C'}), trying next provider…
2026-07-21T06:55:20.628240Z -> LLM Error in Generator: All LLM providers failed (non-rate-limit errors). Check API keys and quotas.
2026-07-21T06:55:21.003332Z   ✓ Q2/5 saved (bank now 2)
2026-07-21T06:55:23.003583Z --- RETRIEVING SYLLABUS & STUDENT HISTORY in parallel: Systems of Equations ---
2026-07-21T06:55:23.204097Z --- GENERATING ADAPTIVE MCQ IN BAHASA MELAYU ---
2026-07-21T06:55:23.224833Z -> OpenRouter error (NotFoundError: Error code: 404 - {'error': {'message': 'This model is unavailable for free. The paid version is available now - use this slug instead: meta-llama/llama-3.3-70b-instruct', 'code': 404}, 'user_id': 'user_3FWg0Y7hFwr9mi6ZEJfwxiglC7C'}), trying next provider…
2026-07-21T06:55:23.224923Z -> LLM Error in Generator: All LLM providers failed (non-rate-limit errors). Check API keys and quotas.
2026-07-21T06:55:23.621722Z   ✓ Q3/5 saved (bank now 3)
2026-07-21T06:55:25.621989Z --- RETRIEVING SYLLABUS & STUDENT HISTORY in parallel: Systems of Equations ---
2026-07-21T06:55:25.809352Z --- GENERATING ADAPTIVE MCQ IN BAHASA MELAYU ---
2026-07-21T06:55:25.827077Z -> OpenRouter error (NotFoundError: Error code: 404 - {'error': {'message': 'This model is unavailable for free. The paid version is available now - use this slug instead: meta-llama/llama-3.3-70b-instruct', 'code': 404}, 'user_id': 'user_3FWg0Y7hFwr9mi6ZEJfwxiglC7C'}), trying next provider…
2026-07-21T06:55:25.827165Z -> LLM Error in Generator: All LLM providers failed (non-rate-limit errors). Check API keys and quotas.
2026-07-21T06:55:26.194137Z   ✓ Q4/5 saved (bank now 4)
2026-07-21T06:55:28.194391Z --- RETRIEVING SYLLABUS & STUDENT HISTORY in parallel: Systems of Equations ---
2026-07-21T06:55:28.379348Z --- GENERATING ADAPTIVE MCQ IN BAHASA MELAYU ---
2026-07-21T06:55:28.418286Z -> OpenRouter error (NotFoundError: Error code: 404 - {'error': {'message': 'This model is unavailable for free. The paid version is available now - use this slug instead: meta-llama/llama-3.3-70b-instruct', 'code': 404}, 'user_id': 'user_3FWg0Y7hFwr9mi6ZEJfwxiglC7C'}), trying next provider…
2026-07-21T06:55:28.418361Z -> LLM Error in Generator: All LLM providers failed (non-rate-limit errors). Check API keys and quotas.
2026-07-21T06:55:28.804620Z   ✓ Q5/5 saved (bank now 5)
2026-07-21T06:55:30.804875Z [128/347] Additional Mathematics — Indices and Logarithms (English): generating 5 question(s)...
2026-07-21T06:55:30.804952Z --- RETRIEVING SYLLABUS & STUDENT HISTORY in parallel: Indices and Logarithms ---
2026-07-21T06:55:31.226394Z -> Retrieved 6 textbook chunk(s), 2 DSKP chunk(s)
2026-07-21T06:55:31.227036Z --- GENERATING ADAPTIVE MCQ IN ENGLISH ---
2026-07-21T06:55:31.249499Z -> OpenRouter error (NotFoundError: Error code: 404 - {'error': {'message': 'This model is unavailable for free. The paid version is available now - use this slug instead: meta-llama/llama-3.3-70b-instruct', 'code': 404}, 'user_id': 'user_3FWg0Y7hFwr9mi6ZEJfwxiglC7C'}), trying next provider…
2026-07-21T06:55:31.249574Z -> LLM Error in Generator: All LLM providers failed (non-rate-limit errors). Check API keys and quotas.
2026-07-21T06:55:31.627676Z   ✓ Q1/5 saved (bank now 1)
2026-07-21T06:55:33.627963Z --- RETRIEVING SYLLABUS & STUDENT HISTORY in parallel: Indices and Logarithms ---
2026-07-21T06:55:33.834994Z --- GENERATING ADAPTIVE MCQ IN ENGLISH ---
2026-07-21T06:55:33.853401Z -> OpenRouter error (NotFoundError: Error code: 404 - {'error': {'message': 'This model is unavailable for free. The paid version is available now - use this slug instead: meta-llama/llama-3.3-70b-instruct', 'code': 404}, 'user_id': 'user_3FWg0Y7hFwr9mi6ZEJfwxiglC7C'}), trying next provider…
2026-07-21T06:55:33.853447Z -> LLM Error in Generator: All LLM providers failed (non-rate-limit errors). Check API keys and quotas.
2026-07-21T06:55:34.208525Z   ✓ Q2/5 saved (bank now 2)
2026-07-21T06:55:36.208703Z --- RETRIEVING SYLLABUS & STUDENT HISTORY in parallel: Indices and Logarithms ---
2026-07-21T06:55:36.403487Z --- GENERATING ADAPTIVE MCQ IN ENGLISH ---
2026-07-21T06:55:36.424288Z -> OpenRouter error (NotFoundError: Error code: 404 - {'error': {'message': 'This model is unavailable for free. The paid version is available now - use this slug instead: meta-llama/llama-3.3-70b-instruct', 'code': 404}, 'user_id': 'user_3FWg0Y7hFwr9mi6ZEJfwxiglC7C'}), trying next provider…
2026-07-21T06:55:36.424422Z -> LLM Error in Generator: All LLM providers failed (non-rate-limit errors). Check API keys and quotas.
2026-07-21T06:55:36.793145Z   ✓ Q3/5 saved (bank now 3)
2026-07-21T06:55:38.793384Z --- RETRIEVING SYLLABUS & STUDENT HISTORY in parallel: Indices and Logarithms ---
2026-07-21T06:55:38.986722Z --- GENERATING ADAPTIVE MCQ IN ENGLISH ---
2026-07-21T06:55:39.003916Z -> OpenRouter error (NotFoundError: Error code: 404 - {'error': {'message': 'This model is unavailable for free. The paid version is available now - use this slug instead: meta-llama/llama-3.3-70b-instruct', 'code': 404}, 'user_id': 'user_3FWg0Y7hFwr9mi6ZEJfwxiglC7C'}), trying next provider…
2026-07-21T06:55:39.003990Z -> LLM Error in Generator: All LLM providers failed (non-rate-limit errors). Check API keys and quotas.
2026-07-21T06:55:39.364089Z   ✓ Q4/5 saved (bank now 4)
2026-07-21T06:55:41.364255Z --- RETRIEVING SYLLABUS & STUDENT HISTORY in parallel: Indices and Logarithms ---
2026-07-21T06:55:41.543470Z --- GENERATING ADAPTIVE MCQ IN ENGLISH ---
2026-07-21T06:55:41.562840Z -> OpenRouter error (NotFoundError: Error code: 404 - {'error': {'message': 'This model is unavailable for free. The paid version is available now - use this slug instead: meta-llama/llama-3.3-70b-instruct', 'code': 404}, 'user_id': 'user_3FWg0Y7hFwr9mi6ZEJfwxiglC7C'}), trying next provider…
2026-07-21T06:55:41.562969Z -> LLM Error in Generator: All LLM providers failed (non-rate-limit errors). Check API keys and quotas.
2026-07-21T06:55:41.941132Z   ✓ Q5/5 saved (bank now 5)
2026-07-21T06:55:43.941411Z [129/347] Additional Mathematics — Indices and Logarithms (Bahasa Melayu): generating 5 question(s)...
2026-07-21T06:55:43.941488Z --- RETRIEVING SYLLABUS & STUDENT HISTORY in parallel: Indices and Logarithms ---
2026-07-21T06:55:44.135298Z --- GENERATING ADAPTIVE MCQ IN BAHASA MELAYU ---
2026-07-21T06:55:44.154370Z -> OpenRouter error (NotFoundError: Error code: 404 - {'error': {'message': 'This model is unavailable for free. The paid version is available now - use this slug instead: meta-llama/llama-3.3-70b-instruct', 'code': 404}, 'user_id': 'user_3FWg0Y7hFwr9mi6ZEJfwxiglC7C'}), trying next provider…
2026-07-21T06:55:44.154446Z -> LLM Error in Generator: All LLM providers failed (non-rate-limit errors). Check API keys and quotas.
2026-07-21T06:55:44.518826Z   ✓ Q1/5 saved (bank now 1)
2026-07-21T06:55:46.519184Z --- RETRIEVING SYLLABUS & STUDENT HISTORY in parallel: Indices and Logarithms ---
2026-07-21T06:55:46.708461Z --- GENERATING ADAPTIVE MCQ IN BAHASA MELAYU ---
2026-07-21T06:55:46.728520Z -> OpenRouter error (NotFoundError: Error code: 404 - {'error': {'message': 'This model is unavailable for free. The paid version is available now - use this slug instead: meta-llama/llama-3.3-70b-instruct', 'code': 404}, 'user_id': 'user_3FWg0Y7hFwr9mi6ZEJfwxiglC7C'}), trying next provider…
2026-07-21T06:55:46.728603Z -> LLM Error in Generator: All LLM providers failed (non-rate-limit errors). Check API keys and quotas.
2026-07-21T06:55:47.093567Z   ✓ Q2/5 saved (bank now 2)
2026-07-21T06:55:49.093775Z --- RETRIEVING SYLLABUS & STUDENT HISTORY in parallel: Indices and Logarithms ---
2026-07-21T06:55:49.282912Z --- GENERATING ADAPTIVE MCQ IN BAHASA MELAYU ---
2026-07-21T06:55:49.300216Z -> OpenRouter error (NotFoundError: Error code: 404 - {'error': {'message': 'This model is unavailable for free. The paid version is available now - use this slug instead: meta-llama/llama-3.3-70b-instruct', 'code': 404}, 'user_id': 'user_3FWg0Y7hFwr9mi6ZEJfwxiglC7C'}), trying next provider…
2026-07-21T06:55:49.300275Z -> LLM Error in Generator: All LLM providers failed (non-rate-limit errors). Check API keys and quotas.
2026-07-21T06:55:49.661530Z   ✓ Q3/5 saved (bank now 3)
2026-07-21T06:55:51.661783Z --- RETRIEVING SYLLABUS & STUDENT HISTORY in parallel: Indices and Logarithms ---
2026-07-21T06:55:51.840700Z --- GENERATING ADAPTIVE MCQ IN BAHASA MELAYU ---
2026-07-21T06:55:51.867496Z -> OpenRouter error (NotFoundError: Error code: 404 - {'error': {'message': 'This model is unavailable for free. The paid version is available now - use this slug instead: meta-llama/llama-3.3-70b-instruct', 'code': 404}, 'user_id': 'user_3FWg0Y7hFwr9mi6ZEJfwxiglC7C'}), trying next provider…
2026-07-21T06:55:51.867568Z -> LLM Error in Generator: All LLM providers failed (non-rate-limit errors). Check API keys and quotas.
2026-07-21T06:55:52.235100Z   ✓ Q4/5 saved (bank now 4)
2026-07-21T06:55:54.235383Z --- RETRIEVING SYLLABUS & STUDENT HISTORY in parallel: Indices and Logarithms ---
2026-07-21T06:55:54.419965Z --- GENERATING ADAPTIVE MCQ IN BAHASA MELAYU ---
2026-07-21T06:55:54.442133Z -> OpenRouter error (NotFoundError: Error code: 404 - {'error': {'message': 'This model is unavailable for free. The paid version is available now - use this slug instead: meta-llama/llama-3.3-70b-instruct', 'code': 404}, 'user_id': 'user_3FWg0Y7hFwr9mi6ZEJfwxiglC7C'}), trying next provider…
2026-07-21T06:55:54.442227Z -> LLM Error in Generator: All LLM providers failed (non-rate-limit errors). Check API keys and quotas.
2026-07-21T06:55:54.833498Z   ✓ Q5/5 saved (bank now 5)
2026-07-21T06:55:56.833667Z [130/347] Additional Mathematics — Progressions (English): generating 5 question(s)...
2026-07-21T06:55:56.833728Z --- RETRIEVING SYLLABUS & STUDENT HISTORY in parallel: Progressions ---
2026-07-21T06:55:57.140389Z -> Retrieved 0 textbook chunk(s), 8 DSKP chunk(s)
2026-07-21T06:55:57.140699Z --- GENERATING ADAPTIVE MCQ IN ENGLISH ---
2026-07-21T06:55:58.351121Z   ✓ Q1/5 saved (bank now 1)
2026-07-21T06:56:00.351278Z --- RETRIEVING SYLLABUS & STUDENT HISTORY in parallel: Progressions ---
2026-07-21T06:56:00.535158Z --- GENERATING ADAPTIVE MCQ IN ENGLISH ---
2026-07-21T06:56:02.445717Z   ✓ Q2/5 saved (bank now 2)
2026-07-21T06:56:04.446011Z --- RETRIEVING SYLLABUS & STUDENT HISTORY in parallel: Progressions ---
2026-07-21T06:56:04.624696Z --- GENERATING ADAPTIVE MCQ IN ENGLISH ---
2026-07-21T06:56:05.704736Z   ✓ Q3/5 saved (bank now 3)
2026-07-21T06:56:07.704982Z --- RETRIEVING SYLLABUS & STUDENT HISTORY in parallel: Progressions ---
2026-07-21T06:56:07.891041Z --- GENERATING ADAPTIVE MCQ IN ENGLISH ---
2026-07-21T06:56:09.703968Z -> Cerebras: cooling for 65s.
2026-07-21T06:56:09.739713Z -> GroqCloud: cooling for 65s.
2026-07-21T06:56:09.807344Z -> OpenRouter error (NotFoundError: Error code: 404 - {'error': {'message': 'This model is unavailable for free. The paid version is available now - use this slug instead: meta-llama/llama-3.3-70b-instruct', 'code': 404}, 'user_id': 'user_3FWg0Y7hFwr9mi6ZEJfwxiglC7C'}), trying next provider…
2026-07-21T06:56:09.807433Z -> LLM Error in Generator: All LLM providers failed (non-rate-limit errors). Check API keys and quotas.
2026-07-21T06:56:10.189721Z   ✓ Q4/5 saved (bank now 4)
2026-07-21T06:56:12.190012Z --- RETRIEVING SYLLABUS & STUDENT HISTORY in parallel: Progressions ---
2026-07-21T06:56:12.373915Z --- GENERATING ADAPTIVE MCQ IN ENGLISH ---
2026-07-21T06:56:12.399516Z -> OpenRouter error (NotFoundError: Error code: 404 - {'error': {'message': 'This model is unavailable for free. The paid version is available now - use this slug instead: meta-llama/llama-3.3-70b-instruct', 'code': 404}, 'user_id': 'user_3FWg0Y7hFwr9mi6ZEJfwxiglC7C'}), trying next provider…
2026-07-21T06:56:12.399588Z -> LLM Error in Generator: All LLM providers failed (non-rate-limit errors). Check API keys and quotas.
2026-07-21T06:56:12.770900Z   ✓ Q5/5 saved (bank now 5)
2026-07-21T06:56:14.771167Z [131/347] Additional Mathematics — Progressions (Bahasa Melayu): generating 5 question(s)...
2026-07-21T06:56:14.771246Z --- RETRIEVING SYLLABUS & STUDENT HISTORY in parallel: Progressions ---
2026-07-21T06:56:14.954013Z --- GENERATING ADAPTIVE MCQ IN BAHASA MELAYU ---
2026-07-21T06:56:14.989917Z -> OpenRouter error (NotFoundError: Error code: 404 - {'error': {'message': 'This model is unavailable for free. The paid version is available now - use this slug instead: meta-llama/llama-3.3-70b-instruct', 'code': 404}, 'user_id': 'user_3FWg0Y7hFwr9mi6ZEJfwxiglC7C'}), trying next provider…
2026-07-21T06:56:14.990006Z -> LLM Error in Generator: All LLM providers failed (non-rate-limit errors). Check API keys and quotas.
2026-07-21T06:56:15.368760Z   ✓ Q1/5 saved (bank now 1)
2026-07-21T06:56:17.369056Z --- RETRIEVING SYLLABUS & STUDENT HISTORY in parallel: Progressions ---
2026-07-21T06:56:17.547586Z --- GENERATING ADAPTIVE MCQ IN BAHASA MELAYU ---
2026-07-21T06:56:17.589161Z -> OpenRouter error (NotFoundError: Error code: 404 - {'error': {'message': 'This model is unavailable for free. The paid version is available now - use this slug instead: meta-llama/llama-3.3-70b-instruct', 'code': 404}, 'user_id': 'user_3FWg0Y7hFwr9mi6ZEJfwxiglC7C'}), trying next provider…
2026-07-21T06:56:17.589239Z -> LLM Error in Generator: All LLM providers failed (non-rate-limit errors). Check API keys and quotas.
2026-07-21T06:56:17.972287Z   ✓ Q2/5 saved (bank now 2)
2026-07-21T06:56:19.972533Z --- RETRIEVING SYLLABUS & STUDENT HISTORY in parallel: Progressions ---
2026-07-21T06:56:20.158714Z --- GENERATING ADAPTIVE MCQ IN BAHASA MELAYU ---
2026-07-21T06:56:20.176150Z -> OpenRouter error (NotFoundError: Error code: 404 - {'error': {'message': 'This model is unavailable for free. The paid version is available now - use this slug instead: meta-llama/llama-3.3-70b-instruct', 'code': 404}, 'user_id': 'user_3FWg0Y7hFwr9mi6ZEJfwxiglC7C'}), trying next provider…
2026-07-21T06:56:20.176228Z -> LLM Error in Generator: All LLM providers failed (non-rate-limit errors). Check API keys and quotas.
2026-07-21T06:56:20.562496Z   ✓ Q3/5 saved (bank now 3)
2026-07-21T06:56:22.562708Z --- RETRIEVING SYLLABUS & STUDENT HISTORY in parallel: Progressions ---
2026-07-21T06:56:22.759560Z --- GENERATING ADAPTIVE MCQ IN BAHASA MELAYU ---
2026-07-21T06:56:22.778298Z -> OpenRouter error (NotFoundError: Error code: 404 - {'error': {'message': 'This model is unavailable for free. The paid version is available now - use this slug instead: meta-llama/llama-3.3-70b-instruct', 'code': 404}, 'user_id': 'user_3FWg0Y7hFwr9mi6ZEJfwxiglC7C'}), trying next provider…
2026-07-21T06:56:22.778430Z -> LLM Error in Generator: All LLM providers failed (non-rate-limit errors). Check API keys and quotas.
2026-07-21T06:56:23.151654Z   ✓ Q4/5 saved (bank now 4)
2026-07-21T06:56:25.151920Z --- RETRIEVING SYLLABUS & STUDENT HISTORY in parallel: Progressions ---
2026-07-21T06:56:25.327840Z --- GENERATING ADAPTIVE MCQ IN BAHASA MELAYU ---
2026-07-21T06:56:25.342854Z -> OpenRouter error (NotFoundError: Error code: 404 - {'error': {'message': 'This model is unavailable for free. The paid version is available now - use this slug instead: meta-llama/llama-3.3-70b-instruct', 'code': 404}, 'user_id': 'user_3FWg0Y7hFwr9mi6ZEJfwxiglC7C'}), trying next provider…
2026-07-21T06:56:25.342932Z -> LLM Error in Generator: All LLM providers failed (non-rate-limit errors). Check API keys and quotas.
2026-07-21T06:56:25.704372Z   ✓ Q5/5 saved (bank now 5)
2026-07-21T06:56:27.704517Z [132/347] Additional Mathematics — Linear Law (English): generating 3 question(s)...
2026-07-21T06:56:27.704593Z --- RETRIEVING SYLLABUS & STUDENT HISTORY in parallel: Linear Law ---
2026-07-21T06:56:28.008849Z -> Retrieved 0 textbook chunk(s), 8 DSKP chunk(s)
2026-07-21T06:56:28.009164Z --- GENERATING ADAPTIVE MCQ IN ENGLISH ---
2026-07-21T06:56:28.033925Z -> OpenRouter error (NotFoundError: Error code: 404 - {'error': {'message': 'This model is unavailable for free. The paid version is available now - use this slug instead: meta-llama/llama-3.3-70b-instruct', 'code': 404}, 'user_id': 'user_3FWg0Y7hFwr9mi6ZEJfwxiglC7C'}), trying next provider…
2026-07-21T06:56:28.033999Z -> LLM Error in Generator: All LLM providers failed (non-rate-limit errors). Check API keys and quotas.
2026-07-21T06:56:28.420074Z   ✓ Q1/3 saved (bank now 3)
2026-07-21T06:56:30.420300Z --- RETRIEVING SYLLABUS & STUDENT HISTORY in parallel: Linear Law ---
2026-07-21T06:56:30.617414Z --- GENERATING ADAPTIVE MCQ IN ENGLISH ---
2026-07-21T06:56:30.647773Z -> OpenRouter error (NotFoundError: Error code: 404 - {'error': {'message': 'This model is unavailable for free. The paid version is available now - use this slug instead: meta-llama/llama-3.3-70b-instruct', 'code': 404}, 'user_id': 'user_3FWg0Y7hFwr9mi6ZEJfwxiglC7C'}), trying next provider…
2026-07-21T06:56:30.647850Z -> LLM Error in Generator: All LLM providers failed (non-rate-limit errors). Check API keys and quotas.
2026-07-21T06:56:31.006400Z   ✓ Q2/3 saved (bank now 4)
2026-07-21T06:56:33.006719Z --- RETRIEVING SYLLABUS & STUDENT HISTORY in parallel: Linear Law ---
2026-07-21T06:56:33.196092Z --- GENERATING ADAPTIVE MCQ IN ENGLISH ---
2026-07-21T06:56:33.214939Z -> OpenRouter error (NotFoundError: Error code: 404 - {'error': {'message': 'This model is unavailable for free. The paid version is available now - use this slug instead: meta-llama/llama-3.3-70b-instruct', 'code': 404}, 'user_id': 'user_3FWg0Y7hFwr9mi6ZEJfwxiglC7C'}), trying next provider…
2026-07-21T06:56:33.215033Z -> LLM Error in Generator: All LLM providers failed (non-rate-limit errors). Check API keys and quotas.
2026-07-21T06:56:33.587900Z   ✓ Q3/3 saved (bank now 5)
2026-07-21T06:56:35.588053Z [133/347] Additional Mathematics — Linear Law (Bahasa Melayu): generating 5 question(s)...
2026-07-21T06:56:35.588128Z --- RETRIEVING SYLLABUS & STUDENT HISTORY in parallel: Linear Law ---
2026-07-21T06:56:35.768649Z --- GENERATING ADAPTIVE MCQ IN BAHASA MELAYU ---
2026-07-21T06:56:35.796021Z -> OpenRouter error (NotFoundError: Error code: 404 - {'error': {'message': 'This model is unavailable for free. The paid version is available now - use this slug instead: meta-llama/llama-3.3-70b-instruct', 'code': 404}, 'user_id': 'user_3FWg0Y7hFwr9mi6ZEJfwxiglC7C'}), trying next provider…
2026-07-21T06:56:35.796129Z -> LLM Error in Generator: All LLM providers failed (non-rate-limit errors). Check API keys and quotas.
2026-07-21T06:56:36.162598Z   ✓ Q1/5 saved (bank now 1)
2026-07-21T06:56:38.162826Z --- RETRIEVING SYLLABUS & STUDENT HISTORY in parallel: Linear Law ---
2026-07-21T06:56:38.341435Z --- GENERATING ADAPTIVE MCQ IN BAHASA MELAYU ---
2026-07-21T06:56:38.403243Z -> OpenRouter error (NotFoundError: Error code: 404 - {'error': {'message': 'This model is unavailable for free. The paid version is available now - use this slug instead: meta-llama/llama-3.3-70b-instruct', 'code': 404}, 'user_id': 'user_3FWg0Y7hFwr9mi6ZEJfwxiglC7C'}), trying next provider…
2026-07-21T06:56:38.403362Z -> LLM Error in Generator: All LLM providers failed (non-rate-limit errors). Check API keys and quotas.
2026-07-21T06:56:38.794732Z   ✓ Q2/5 saved (bank now 2)
2026-07-21T06:56:40.795041Z --- RETRIEVING SYLLABUS & STUDENT HISTORY in parallel: Linear Law ---
2026-07-21T06:56:40.970435Z --- GENERATING ADAPTIVE MCQ IN BAHASA MELAYU ---
2026-07-21T06:56:41.049938Z -> OpenRouter error (NotFoundError: Error code: 404 - {'error': {'message': 'This model is unavailable for free. The paid version is available now - use this slug instead: meta-llama/llama-3.3-70b-instruct', 'code': 404}, 'user_id': 'user_3FWg0Y7hFwr9mi6ZEJfwxiglC7C'}), trying next provider…
2026-07-21T06:56:41.050027Z -> LLM Error in Generator: All LLM providers failed (non-rate-limit errors). Check API keys and quotas.
2026-07-21T06:56:41.406457Z   ✓ Q3/5 saved (bank now 3)
2026-07-21T06:56:43.406610Z --- RETRIEVING SYLLABUS & STUDENT HISTORY in parallel: Linear Law ---
2026-07-21T06:56:43.590303Z --- GENERATING ADAPTIVE MCQ IN BAHASA MELAYU ---
2026-07-21T06:56:43.611676Z -> OpenRouter error (NotFoundError: Error code: 404 - {'error': {'message': 'This model is unavailable for free. The paid version is available now - use this slug instead: meta-llama/llama-3.3-70b-instruct', 'code': 404}, 'user_id': 'user_3FWg0Y7hFwr9mi6ZEJfwxiglC7C'}), trying next provider…
2026-07-21T06:56:43.611752Z -> LLM Error in Generator: All LLM providers failed (non-rate-limit errors). Check API keys and quotas.
2026-07-21T06:56:43.999850Z   ✓ Q4/5 saved (bank now 4)
2026-07-21T06:56:46.000061Z --- RETRIEVING SYLLABUS & STUDENT HISTORY in parallel: Linear Law ---
2026-07-21T06:56:46.180255Z --- GENERATING ADAPTIVE MCQ IN BAHASA MELAYU ---
2026-07-21T06:56:46.202379Z -> OpenRouter error (NotFoundError: Error code: 404 - {'error': {'message': 'This model is unavailable for free. The paid version is available now - use this slug instead: meta-llama/llama-3.3-70b-instruct', 'code': 404}, 'user_id': 'user_3FWg0Y7hFwr9mi6ZEJfwxiglC7C'}), trying next provider…
2026-07-21T06:56:46.202467Z -> LLM Error in Generator: All LLM providers failed (non-rate-limit errors). Check API keys and quotas.
2026-07-21T06:56:46.561461Z   ✓ Q5/5 saved (bank now 5)
2026-07-21T06:56:48.561665Z [134/347] Additional Mathematics — Coordinate Geometry (English): generating 5 question(s)...
2026-07-21T06:56:48.561751Z --- RETRIEVING SYLLABUS & STUDENT HISTORY in parallel: Coordinate Geometry ---
2026-07-21T06:56:48.905368Z -> Retrieved 0 textbook chunk(s), 8 DSKP chunk(s)
2026-07-21T06:56:48.906130Z --- GENERATING ADAPTIVE MCQ IN ENGLISH ---
2026-07-21T06:56:48.929296Z -> OpenRouter error (NotFoundError: Error code: 404 - {'error': {'message': 'This model is unavailable for free. The paid version is available now - use this slug instead: meta-llama/llama-3.3-70b-instruct', 'code': 404}, 'user_id': 'user_3FWg0Y7hFwr9mi6ZEJfwxiglC7C'}), trying next provider…
2026-07-21T06:56:48.929391Z -> LLM Error in Generator: All LLM providers failed (non-rate-limit errors). Check API keys and quotas.
2026-07-21T06:56:49.297823Z   ✓ Q1/5 saved (bank now 1)
2026-07-21T06:56:51.298013Z --- RETRIEVING SYLLABUS & STUDENT HISTORY in parallel: Coordinate Geometry ---
2026-07-21T06:56:51.483001Z --- GENERATING ADAPTIVE MCQ IN ENGLISH ---
2026-07-21T06:56:52.045388Z -> OpenRouter error (NotFoundError: Error code: 404 - {'error': {'message': 'This model is unavailable for free. The paid version is available now - use this slug instead: meta-llama/llama-3.3-70b-instruct', 'code': 404}, 'user_id': 'user_3FWg0Y7hFwr9mi6ZEJfwxiglC7C'}), trying next provider…
2026-07-21T06:56:52.045472Z -> LLM Error in Generator: All LLM providers failed (non-rate-limit errors). Check API keys and quotas.
2026-07-21T06:56:52.400970Z   ✓ Q2/5 saved (bank now 2)
2026-07-21T06:56:54.401111Z --- RETRIEVING SYLLABUS & STUDENT HISTORY in parallel: Coordinate Geometry ---
2026-07-21T06:56:54.586172Z --- GENERATING ADAPTIVE MCQ IN ENGLISH ---
2026-07-21T06:56:54.602347Z -> OpenRouter error (NotFoundError: Error code: 404 - {'error': {'message': 'This model is unavailable for free. The paid version is available now - use this slug instead: meta-llama/llama-3.3-70b-instruct', 'code': 404}, 'user_id': 'user_3FWg0Y7hFwr9mi6ZEJfwxiglC7C'}), trying next provider…
2026-07-21T06:56:54.602399Z -> LLM Error in Generator: All LLM providers failed (non-rate-limit errors). Check API keys and quotas.
2026-07-21T06:56:54.968949Z   ✓ Q3/5 saved (bank now 3)
2026-07-21T06:56:56.969232Z --- RETRIEVING SYLLABUS & STUDENT HISTORY in parallel: Coordinate Geometry ---
2026-07-21T06:56:57.215227Z --- GENERATING ADAPTIVE MCQ IN ENGLISH ---
2026-07-21T06:56:57.232277Z -> OpenRouter error (NotFoundError: Error code: 404 - {'error': {'message': 'This model is unavailable for free. The paid version is available now - use this slug instead: meta-llama/llama-3.3-70b-instruct', 'code': 404}, 'user_id': 'user_3FWg0Y7hFwr9mi6ZEJfwxiglC7C'}), trying next provider…
2026-07-21T06:56:57.232383Z -> LLM Error in Generator: All LLM providers failed (non-rate-limit errors). Check API keys and quotas.
2026-07-21T06:56:57.646692Z   ✓ Q4/5 saved (bank now 4)
2026-07-21T06:56:59.646908Z --- RETRIEVING SYLLABUS & STUDENT HISTORY in parallel: Coordinate Geometry ---
2026-07-21T06:56:59.836502Z --- GENERATING ADAPTIVE MCQ IN ENGLISH ---
2026-07-21T06:56:59.861523Z -> OpenRouter error (NotFoundError: Error code: 404 - {'error': {'message': 'This model is unavailable for free. The paid version is available now - use this slug instead: meta-llama/llama-3.3-70b-instruct', 'code': 404}, 'user_id': 'user_3FWg0Y7hFwr9mi6ZEJfwxiglC7C'}), trying next provider…
2026-07-21T06:56:59.861605Z -> LLM Error in Generator: All LLM providers failed (non-rate-limit errors). Check API keys and quotas.
2026-07-21T06:57:00.231351Z   ✓ Q5/5 saved (bank now 5)
2026-07-21T06:57:02.231551Z [135/347] Additional Mathematics — Coordinate Geometry (Bahasa Melayu): generating 5 question(s)...
2026-07-21T06:57:02.231642Z --- RETRIEVING SYLLABUS & STUDENT HISTORY in parallel: Coordinate Geometry ---
2026-07-21T06:57:02.418146Z --- GENERATING ADAPTIVE MCQ IN BAHASA MELAYU ---
2026-07-21T06:57:02.437054Z -> OpenRouter error (NotFoundError: Error code: 404 - {'error': {'message': 'This model is unavailable for free. The paid version is available now - use this slug instead: meta-llama/llama-3.3-70b-instruct', 'code': 404}, 'user_id': 'user_3FWg0Y7hFwr9mi6ZEJfwxiglC7C'}), trying next provider…
2026-07-21T06:57:02.437130Z -> LLM Error in Generator: All LLM providers failed (non-rate-limit errors). Check API keys and quotas.
2026-07-21T06:57:02.813134Z   ✓ Q1/5 saved (bank now 1)
2026-07-21T06:57:04.813414Z --- RETRIEVING SYLLABUS & STUDENT HISTORY in parallel: Coordinate Geometry ---
2026-07-21T06:57:05.009142Z --- GENERATING ADAPTIVE MCQ IN BAHASA MELAYU ---
2026-07-21T06:57:05.028661Z -> OpenRouter error (NotFoundError: Error code: 404 - {'error': {'message': 'This model is unavailable for free. The paid version is available now - use this slug instead: meta-llama/llama-3.3-70b-instruct', 'code': 404}, 'user_id': 'user_3FWg0Y7hFwr9mi6ZEJfwxiglC7C'}), trying next provider…
2026-07-21T06:57:05.028745Z -> LLM Error in Generator: All LLM providers failed (non-rate-limit errors). Check API keys and quotas.
2026-07-21T06:57:05.394583Z   ✓ Q2/5 saved (bank now 2)
2026-07-21T06:57:07.394788Z --- RETRIEVING SYLLABUS & STUDENT HISTORY in parallel: Coordinate Geometry ---
2026-07-21T06:57:07.591528Z --- GENERATING ADAPTIVE MCQ IN BAHASA MELAYU ---
2026-07-21T06:57:07.614175Z -> OpenRouter error (NotFoundError: Error code: 404 - {'error': {'message': 'This model is unavailable for free. The paid version is available now - use this slug instead: meta-llama/llama-3.3-70b-instruct', 'code': 404}, 'user_id': 'user_3FWg0Y7hFwr9mi6ZEJfwxiglC7C'}), trying next provider…
2026-07-21T06:57:07.614230Z -> LLM Error in Generator: All LLM providers failed (non-rate-limit errors). Check API keys and quotas.
2026-07-21T06:57:07.989372Z   ✓ Q3/5 saved (bank now 3)
2026-07-21T06:57:09.989547Z --- RETRIEVING SYLLABUS & STUDENT HISTORY in parallel: Coordinate Geometry ---
2026-07-21T06:57:10.172903Z --- GENERATING ADAPTIVE MCQ IN BAHASA MELAYU ---
2026-07-21T06:57:10.194289Z -> OpenRouter error (NotFoundError: Error code: 404 - {'error': {'message': 'This model is unavailable for free. The paid version is available now - use this slug instead: meta-llama/llama-3.3-70b-instruct', 'code': 404}, 'user_id': 'user_3FWg0Y7hFwr9mi6ZEJfwxiglC7C'}), trying next provider…
2026-07-21T06:57:10.194390Z -> LLM Error in Generator: All LLM providers failed (non-rate-limit errors). Check API keys and quotas.
2026-07-21T06:57:10.556164Z   ✓ Q4/5 saved (bank now 4)
2026-07-21T06:57:12.556446Z --- RETRIEVING SYLLABUS & STUDENT HISTORY in parallel: Coordinate Geometry ---
2026-07-21T06:57:12.739712Z --- GENERATING ADAPTIVE MCQ IN BAHASA MELAYU ---
2026-07-21T06:57:12.759181Z -> OpenRouter error (NotFoundError: Error code: 404 - {'error': {'message': 'This model is unavailable for free. The paid version is available now - use this slug instead: meta-llama/llama-3.3-70b-instruct', 'code': 404}, 'user_id': 'user_3FWg0Y7hFwr9mi6ZEJfwxiglC7C'}), trying next provider…
2026-07-21T06:57:12.759260Z -> LLM Error in Generator: All LLM providers failed (non-rate-limit errors). Check API keys and quotas.
2026-07-21T06:57:13.132999Z   ✓ Q5/5 saved (bank now 5)
2026-07-21T06:57:15.133206Z [136/347] Additional Mathematics — Vectors (English): generating 5 question(s)...
2026-07-21T06:57:15.133298Z --- RETRIEVING SYLLABUS & STUDENT HISTORY in parallel: Vectors ---
2026-07-21T06:57:15.429765Z -> Retrieved 0 textbook chunk(s), 8 DSKP chunk(s)
2026-07-21T06:57:15.430298Z --- GENERATING ADAPTIVE MCQ IN ENGLISH ---
2026-07-21T06:57:16.659149Z   ✓ Q1/5 saved (bank now 1)
2026-07-21T06:57:18.659375Z --- RETRIEVING SYLLABUS & STUDENT HISTORY in parallel: Vectors ---
2026-07-21T06:57:18.834366Z --- GENERATING ADAPTIVE MCQ IN ENGLISH ---
2026-07-21T06:57:20.104960Z   ✓ Q2/5 saved (bank now 2)
2026-07-21T06:57:22.105137Z --- RETRIEVING SYLLABUS & STUDENT HISTORY in parallel: Vectors ---
2026-07-21T06:57:22.287459Z --- GENERATING ADAPTIVE MCQ IN ENGLISH ---
2026-07-21T06:57:23.565286Z   ✓ Q3/5 saved (bank now 3)
2026-07-21T06:57:25.565551Z --- RETRIEVING SYLLABUS & STUDENT HISTORY in parallel: Vectors ---
2026-07-21T06:57:25.754583Z --- GENERATING ADAPTIVE MCQ IN ENGLISH ---
2026-07-21T06:57:27.430677Z -> Cerebras: cooling for 65s.
2026-07-21T06:57:27.465437Z -> GroqCloud: cooling for 65s.
2026-07-21T06:57:27.508475Z -> OpenRouter error (NotFoundError: Error code: 404 - {'error': {'message': 'This model is unavailable for free. The paid version is available now - use this slug instead: meta-llama/llama-3.3-70b-instruct', 'code': 404}, 'user_id': 'user_3FWg0Y7hFwr9mi6ZEJfwxiglC7C'}), trying next provider…
2026-07-21T06:57:27.508550Z -> LLM Error in Generator: All LLM providers failed (non-rate-limit errors). Check API keys and quotas.
2026-07-21T06:57:27.880276Z   ✓ Q4/5 saved (bank now 4)
2026-07-21T06:57:29.880516Z --- RETRIEVING SYLLABUS & STUDENT HISTORY in parallel: Vectors ---
2026-07-21T06:57:30.061353Z --- GENERATING ADAPTIVE MCQ IN ENGLISH ---
2026-07-21T06:57:30.082541Z -> OpenRouter error (NotFoundError: Error code: 404 - {'error': {'message': 'This model is unavailable for free. The paid version is available now - use this slug instead: meta-llama/llama-3.3-70b-instruct', 'code': 404}, 'user_id': 'user_3FWg0Y7hFwr9mi6ZEJfwxiglC7C'}), trying next provider…
2026-07-21T06:57:30.082604Z -> LLM Error in Generator: All LLM providers failed (non-rate-limit errors). Check API keys and quotas.
2026-07-21T06:57:30.467273Z   ✓ Q5/5 saved (bank now 5)
2026-07-21T06:57:32.467533Z [137/347] Additional Mathematics — Vectors (Bahasa Melayu): generating 5 question(s)...
2026-07-21T06:57:32.467613Z --- RETRIEVING SYLLABUS & STUDENT HISTORY in parallel: Vectors ---
2026-07-21T06:57:32.651097Z --- GENERATING ADAPTIVE MCQ IN BAHASA MELAYU ---
2026-07-21T06:57:32.672387Z -> OpenRouter error (NotFoundError: Error code: 404 - {'error': {'message': 'This model is unavailable for free. The paid version is available now - use this slug instead: meta-llama/llama-3.3-70b-instruct', 'code': 404}, 'user_id': 'user_3FWg0Y7hFwr9mi6ZEJfwxiglC7C'}), trying next provider…
2026-07-21T06:57:32.672495Z -> LLM Error in Generator: All LLM providers failed (non-rate-limit errors). Check API keys and quotas.
2026-07-21T06:57:33.517973Z   ✓ Q1/5 saved (bank now 1)
2026-07-21T06:57:35.518252Z --- RETRIEVING SYLLABUS & STUDENT HISTORY in parallel: Vectors ---
2026-07-21T06:57:35.700409Z --- GENERATING ADAPTIVE MCQ IN BAHASA MELAYU ---
2026-07-21T06:57:35.718075Z -> OpenRouter error (NotFoundError: Error code: 404 - {'error': {'message': 'This model is unavailable for free. The paid version is available now - use this slug instead: meta-llama/llama-3.3-70b-instruct', 'code': 404}, 'user_id': 'user_3FWg0Y7hFwr9mi6ZEJfwxiglC7C'}), trying next provider…
2026-07-21T06:57:35.718147Z -> LLM Error in Generator: All LLM providers failed (non-rate-limit errors). Check API keys and quotas.
2026-07-21T06:57:36.088069Z   ✓ Q2/5 saved (bank now 2)
2026-07-21T06:57:38.088254Z --- RETRIEVING SYLLABUS & STUDENT HISTORY in parallel: Vectors ---
2026-07-21T06:57:38.270060Z --- GENERATING ADAPTIVE MCQ IN BAHASA MELAYU ---
2026-07-21T06:57:38.289795Z -> OpenRouter error (NotFoundError: Error code: 404 - {'error': {'message': 'This model is unavailable for free. The paid version is available now - use this slug instead: meta-llama/llama-3.3-70b-instruct', 'code': 404}, 'user_id': 'user_3FWg0Y7hFwr9mi6ZEJfwxiglC7C'}), trying next provider…
2026-07-21T06:57:38.289870Z -> LLM Error in Generator: All LLM providers failed (non-rate-limit errors). Check API keys and quotas.
2026-07-21T06:57:38.646785Z   ✓ Q3/5 saved (bank now 3)
2026-07-21T06:57:40.646994Z --- RETRIEVING SYLLABUS & STUDENT HISTORY in parallel: Vectors ---
2026-07-21T06:57:40.824734Z --- GENERATING ADAPTIVE MCQ IN BAHASA MELAYU ---
2026-07-21T06:57:40.845869Z -> OpenRouter error (NotFoundError: Error code: 404 - {'error': {'message': 'This model is unavailable for free. The paid version is available now - use this slug instead: meta-llama/llama-3.3-70b-instruct', 'code': 404}, 'user_id': 'user_3FWg0Y7hFwr9mi6ZEJfwxiglC7C'}), trying next provider…
2026-07-21T06:57:40.845967Z -> LLM Error in Generator: All LLM providers failed (non-rate-limit errors). Check API keys and quotas.
2026-07-21T06:57:41.203092Z   ✓ Q4/5 saved (bank now 4)
2026-07-21T06:57:43.203350Z --- RETRIEVING SYLLABUS & STUDENT HISTORY in parallel: Vectors ---
2026-07-21T06:57:43.381387Z --- GENERATING ADAPTIVE MCQ IN BAHASA MELAYU ---
2026-07-21T06:57:43.399635Z -> OpenRouter error (NotFoundError: Error code: 404 - {'error': {'message': 'This model is unavailable for free. The paid version is available now - use this slug instead: meta-llama/llama-3.3-70b-instruct', 'code': 404}, 'user_id': 'user_3FWg0Y7hFwr9mi6ZEJfwxiglC7C'}), trying next provider…
2026-07-21T06:57:43.399706Z -> LLM Error in Generator: All LLM providers failed (non-rate-limit errors). Check API keys and quotas.
2026-07-21T06:57:43.778934Z   ✓ Q5/5 saved (bank now 5)
2026-07-21T06:57:45.779169Z [138/347] Additional Mathematics — Differentiation (English): generating 5 question(s)...
2026-07-21T06:57:45.779265Z --- RETRIEVING SYLLABUS & STUDENT HISTORY in parallel: Differentiation ---
2026-07-21T06:57:46.062585Z -> Retrieved 0 textbook chunk(s), 8 DSKP chunk(s)
2026-07-21T06:57:46.063215Z --- GENERATING ADAPTIVE MCQ IN ENGLISH ---
2026-07-21T06:57:46.081428Z -> OpenRouter error (NotFoundError: Error code: 404 - {'error': {'message': 'This model is unavailable for free. The paid version is available now - use this slug instead: meta-llama/llama-3.3-70b-instruct', 'code': 404}, 'user_id': 'user_3FWg0Y7hFwr9mi6ZEJfwxiglC7C'}), trying next provider…
2026-07-21T06:57:46.081486Z -> LLM Error in Generator: All LLM providers failed (non-rate-limit errors). Check API keys and quotas.
2026-07-21T06:57:46.438512Z   ✓ Q1/5 saved (bank now 1)
2026-07-21T06:57:48.438705Z --- RETRIEVING SYLLABUS & STUDENT HISTORY in parallel: Differentiation ---
2026-07-21T06:57:48.619368Z --- GENERATING ADAPTIVE MCQ IN ENGLISH ---
2026-07-21T06:57:48.636190Z -> OpenRouter error (NotFoundError: Error code: 404 - {'error': {'message': 'This model is unavailable for free. The paid version is available now - use this slug instead: meta-llama/llama-3.3-70b-instruct', 'code': 404}, 'user_id': 'user_3FWg0Y7hFwr9mi6ZEJfwxiglC7C'}), trying next provider…
2026-07-21T06:57:48.636257Z -> LLM Error in Generator: All LLM providers failed (non-rate-limit errors). Check API keys and quotas.
2026-07-21T06:57:49.008976Z   ✓ Q2/5 saved (bank now 2)
2026-07-21T06:57:51.009169Z --- RETRIEVING SYLLABUS & STUDENT HISTORY in parallel: Differentiation ---
2026-07-21T06:57:51.189138Z --- GENERATING ADAPTIVE MCQ IN ENGLISH ---
2026-07-21T06:57:51.206789Z -> OpenRouter error (NotFoundError: Error code: 404 - {'error': {'message': 'This model is unavailable for free. The paid version is available now - use this slug instead: meta-llama/llama-3.3-70b-instruct', 'code': 404}, 'user_id': 'user_3FWg0Y7hFwr9mi6ZEJfwxiglC7C'}), trying next provider…
2026-07-21T06:57:51.206893Z -> LLM Error in Generator: All LLM providers failed (non-rate-limit errors). Check API keys and quotas.
2026-07-21T06:57:51.571351Z   ✓ Q3/5 saved (bank now 3)
2026-07-21T06:57:53.571532Z --- RETRIEVING SYLLABUS & STUDENT HISTORY in parallel: Differentiation ---
2026-07-21T06:57:53.761765Z --- GENERATING ADAPTIVE MCQ IN ENGLISH ---
2026-07-21T06:57:53.914729Z -> OpenRouter error (NotFoundError: Error code: 404 - {'error': {'message': 'This model is unavailable for free. The paid version is available now - use this slug instead: meta-llama/llama-3.3-70b-instruct', 'code': 404}, 'user_id': 'user_3FWg0Y7hFwr9mi6ZEJfwxiglC7C'}), trying next provider…
2026-07-21T06:57:53.914786Z -> LLM Error in Generator: All LLM providers failed (non-rate-limit errors). Check API keys and quotas.
2026-07-21T06:57:54.280777Z   ✓ Q4/5 saved (bank now 4)
2026-07-21T06:57:56.281019Z --- RETRIEVING SYLLABUS & STUDENT HISTORY in parallel: Differentiation ---
2026-07-21T06:57:56.459192Z --- GENERATING ADAPTIVE MCQ IN ENGLISH ---
2026-07-21T06:57:56.477664Z -> OpenRouter error (NotFoundError: Error code: 404 - {'error': {'message': 'This model is unavailable for free. The paid version is available now - use this slug instead: meta-llama/llama-3.3-70b-instruct', 'code': 404}, 'user_id': 'user_3FWg0Y7hFwr9mi6ZEJfwxiglC7C'}), trying next provider…
2026-07-21T06:57:56.477739Z -> LLM Error in Generator: All LLM providers failed (non-rate-limit errors). Check API keys and quotas.
2026-07-21T06:57:56.843932Z   ✓ Q5/5 saved (bank now 5)
2026-07-21T06:57:58.844216Z [139/347] Additional Mathematics — Differentiation (Bahasa Melayu): generating 5 question(s)...
2026-07-21T06:57:58.844303Z --- RETRIEVING SYLLABUS & STUDENT HISTORY in parallel: Differentiation ---
2026-07-21T06:57:59.024142Z --- GENERATING ADAPTIVE MCQ IN BAHASA MELAYU ---
2026-07-21T06:57:59.047180Z -> OpenRouter error (NotFoundError: Error code: 404 - {'error': {'message': 'This model is unavailable for free. The paid version is available now - use this slug instead: meta-llama/llama-3.3-70b-instruct', 'code': 404}, 'user_id': 'user_3FWg0Y7hFwr9mi6ZEJfwxiglC7C'}), trying next provider…
2026-07-21T06:57:59.047254Z -> LLM Error in Generator: All LLM providers failed (non-rate-limit errors). Check API keys and quotas.
2026-07-21T06:57:59.429670Z   ✓ Q1/5 saved (bank now 1)
2026-07-21T06:58:01.429945Z --- RETRIEVING SYLLABUS & STUDENT HISTORY in parallel: Differentiation ---
2026-07-21T06:58:01.651756Z --- GENERATING ADAPTIVE MCQ IN BAHASA MELAYU ---
2026-07-21T06:58:01.669930Z -> OpenRouter error (NotFoundError: Error code: 404 - {'error': {'message': 'This model is unavailable for free. The paid version is available now - use this slug instead: meta-llama/llama-3.3-70b-instruct', 'code': 404}, 'user_id': 'user_3FWg0Y7hFwr9mi6ZEJfwxiglC7C'}), trying next provider…
2026-07-21T06:58:01.669997Z -> LLM Error in Generator: All LLM providers failed (non-rate-limit errors). Check API keys and quotas.
2026-07-21T06:58:02.035104Z   ✓ Q2/5 saved (bank now 2)
2026-07-21T06:58:04.035349Z --- RETRIEVING SYLLABUS & STUDENT HISTORY in parallel: Differentiation ---
2026-07-21T06:58:04.213946Z --- GENERATING ADAPTIVE MCQ IN BAHASA MELAYU ---
2026-07-21T06:58:04.235351Z -> OpenRouter error (NotFoundError: Error code: 404 - {'error': {'message': 'This model is unavailable for free. The paid version is available now - use this slug instead: meta-llama/llama-3.3-70b-instruct', 'code': 404}, 'user_id': 'user_3FWg0Y7hFwr9mi6ZEJfwxiglC7C'}), trying next provider…
2026-07-21T06:58:04.235466Z -> LLM Error in Generator: All LLM providers failed (non-rate-limit errors). Check API keys and quotas.
2026-07-21T06:58:04.601415Z   ✓ Q3/5 saved (bank now 3)
2026-07-21T06:58:06.601593Z --- RETRIEVING SYLLABUS & STUDENT HISTORY in parallel: Differentiation ---
2026-07-21T06:58:06.779234Z --- GENERATING ADAPTIVE MCQ IN BAHASA MELAYU ---
2026-07-21T06:58:06.807780Z -> OpenRouter error (NotFoundError: Error code: 404 - {'error': {'message': 'This model is unavailable for free. The paid version is available now - use this slug instead: meta-llama/llama-3.3-70b-instruct', 'code': 404}, 'user_id': 'user_3FWg0Y7hFwr9mi6ZEJfwxiglC7C'}), trying next provider…
2026-07-21T06:58:06.807864Z -> LLM Error in Generator: All LLM providers failed (non-rate-limit errors). Check API keys and quotas.
2026-07-21T06:58:07.175767Z   ✓ Q4/5 saved (bank now 4)
2026-07-21T06:58:09.176034Z --- RETRIEVING SYLLABUS & STUDENT HISTORY in parallel: Differentiation ---
2026-07-21T06:58:09.374135Z --- GENERATING ADAPTIVE MCQ IN BAHASA MELAYU ---
2026-07-21T06:58:09.531767Z -> OpenRouter error (NotFoundError: Error code: 404 - {'error': {'message': 'This model is unavailable for free. The paid version is available now - use this slug instead: meta-llama/llama-3.3-70b-instruct', 'code': 404}, 'user_id': 'user_3FWg0Y7hFwr9mi6ZEJfwxiglC7C'}), trying next provider…
2026-07-21T06:58:09.531832Z -> LLM Error in Generator: All LLM providers failed (non-rate-limit errors). Check API keys and quotas.
2026-07-21T06:58:09.895333Z   ✓ Q5/5 saved (bank now 5)
2026-07-21T06:58:11.895495Z [140/347] Additional Mathematics — Integration (English): generating 5 question(s)...
2026-07-21T06:58:11.895561Z --- RETRIEVING SYLLABUS & STUDENT HISTORY in parallel: Integration ---
2026-07-21T06:58:12.201508Z -> Retrieved 1 textbook chunk(s), 7 DSKP chunk(s)
2026-07-21T06:58:12.201965Z --- GENERATING ADAPTIVE MCQ IN ENGLISH ---
2026-07-21T06:58:12.221374Z -> OpenRouter error (NotFoundError: Error code: 404 - {'error': {'message': 'This model is unavailable for free. The paid version is available now - use this slug instead: meta-llama/llama-3.3-70b-instruct', 'code': 404}, 'user_id': 'user_3FWg0Y7hFwr9mi6ZEJfwxiglC7C'}), trying next provider…
2026-07-21T06:58:12.221446Z -> LLM Error in Generator: All LLM providers failed (non-rate-limit errors). Check API keys and quotas.
2026-07-21T06:58:12.587549Z   ✓ Q1/5 saved (bank now 1)
2026-07-21T06:58:14.587886Z --- RETRIEVING SYLLABUS & STUDENT HISTORY in parallel: Integration ---
2026-07-21T06:58:14.772407Z --- GENERATING ADAPTIVE MCQ IN ENGLISH ---
2026-07-21T06:58:14.790394Z -> OpenRouter error (NotFoundError: Error code: 404 - {'error': {'message': 'This model is unavailable for free. The paid version is available now - use this slug instead: meta-llama/llama-3.3-70b-instruct', 'code': 404}, 'user_id': 'user_3FWg0Y7hFwr9mi6ZEJfwxiglC7C'}), trying next provider…
2026-07-21T06:58:14.790481Z -> LLM Error in Generator: All LLM providers failed (non-rate-limit errors). Check API keys and quotas.
2026-07-21T06:58:15.162928Z   ✓ Q2/5 saved (bank now 2)
2026-07-21T06:58:17.163164Z --- RETRIEVING SYLLABUS & STUDENT HISTORY in parallel: Integration ---
2026-07-21T06:58:17.349556Z --- GENERATING ADAPTIVE MCQ IN ENGLISH ---
2026-07-21T06:58:17.366600Z -> OpenRouter error (NotFoundError: Error code: 404 - {'error': {'message': 'This model is unavailable for free. The paid version is available now - use this slug instead: meta-llama/llama-3.3-70b-instruct', 'code': 404}, 'user_id': 'user_3FWg0Y7hFwr9mi6ZEJfwxiglC7C'}), trying next provider…
2026-07-21T06:58:17.366671Z -> LLM Error in Generator: All LLM providers failed (non-rate-limit errors). Check API keys and quotas.
2026-07-21T06:58:17.733476Z   ✓ Q3/5 saved (bank now 3)
2026-07-21T06:58:19.733740Z --- RETRIEVING SYLLABUS & STUDENT HISTORY in parallel: Integration ---
2026-07-21T06:58:19.931073Z --- GENERATING ADAPTIVE MCQ IN ENGLISH ---
2026-07-21T06:58:19.956647Z -> OpenRouter error (NotFoundError: Error code: 404 - {'error': {'message': 'This model is unavailable for free. The paid version is available now - use this slug instead: meta-llama/llama-3.3-70b-instruct', 'code': 404}, 'user_id': 'user_3FWg0Y7hFwr9mi6ZEJfwxiglC7C'}), trying next provider…
2026-07-21T06:58:19.956711Z -> LLM Error in Generator: All LLM providers failed (non-rate-limit errors). Check API keys and quotas.
2026-07-21T06:58:20.317965Z   ✓ Q4/5 saved (bank now 4)
2026-07-21T06:58:22.318234Z --- RETRIEVING SYLLABUS & STUDENT HISTORY in parallel: Integration ---
2026-07-21T06:58:22.502331Z --- GENERATING ADAPTIVE MCQ IN ENGLISH ---
2026-07-21T06:58:22.521644Z -> OpenRouter error (NotFoundError: Error code: 404 - {'error': {'message': 'This model is unavailable for free. The paid version is available now - use this slug instead: meta-llama/llama-3.3-70b-instruct', 'code': 404}, 'user_id': 'user_3FWg0Y7hFwr9mi6ZEJfwxiglC7C'}), trying next provider…
2026-07-21T06:58:22.521718Z -> LLM Error in Generator: All LLM providers failed (non-rate-limit errors). Check API keys and quotas.
2026-07-21T06:58:22.888722Z   ✓ Q5/5 saved (bank now 5)
2026-07-21T06:58:24.889022Z [141/347] Additional Mathematics — Integration (Bahasa Melayu): generating 5 question(s)...
2026-07-21T06:58:24.889117Z --- RETRIEVING SYLLABUS & STUDENT HISTORY in parallel: Integration ---
2026-07-21T06:58:25.082823Z --- GENERATING ADAPTIVE MCQ IN BAHASA MELAYU ---
2026-07-21T06:58:25.102599Z -> OpenRouter error (NotFoundError: Error code: 404 - {'error': {'message': 'This model is unavailable for free. The paid version is available now - use this slug instead: meta-llama/llama-3.3-70b-instruct', 'code': 404}, 'user_id': 'user_3FWg0Y7hFwr9mi6ZEJfwxiglC7C'}), trying next provider…
2026-07-21T06:58:25.102668Z -> LLM Error in Generator: All LLM providers failed (non-rate-limit errors). Check API keys and quotas.
2026-07-21T06:58:25.462941Z   ✓ Q1/5 saved (bank now 1)
2026-07-21T06:58:27.463147Z --- RETRIEVING SYLLABUS & STUDENT HISTORY in parallel: Integration ---
2026-07-21T06:58:27.644291Z --- GENERATING ADAPTIVE MCQ IN BAHASA MELAYU ---
2026-07-21T06:58:27.665026Z -> OpenRouter error (NotFoundError: Error code: 404 - {'error': {'message': 'This model is unavailable for free. The paid version is available now - use this slug instead: meta-llama/llama-3.3-70b-instruct', 'code': 404}, 'user_id': 'user_3FWg0Y7hFwr9mi6ZEJfwxiglC7C'}), trying next provider…
2026-07-21T06:58:27.665090Z -> LLM Error in Generator: All LLM providers failed (non-rate-limit errors). Check API keys and quotas.
2026-07-21T06:58:28.039142Z   ✓ Q2/5 saved (bank now 2)
2026-07-21T06:58:30.039346Z --- RETRIEVING SYLLABUS & STUDENT HISTORY in parallel: Integration ---
2026-07-21T06:58:30.232762Z --- GENERATING ADAPTIVE MCQ IN BAHASA MELAYU ---
2026-07-21T06:58:30.255846Z -> OpenRouter error (NotFoundError: Error code: 404 - {'error': {'message': 'This model is unavailable for free. The paid version is available now - use this slug instead: meta-llama/llama-3.3-70b-instruct', 'code': 404}, 'user_id': 'user_3FWg0Y7hFwr9mi6ZEJfwxiglC7C'}), trying next provider…
2026-07-21T06:58:30.255929Z -> LLM Error in Generator: All LLM providers failed (non-rate-limit errors). Check API keys and quotas.
2026-07-21T06:58:30.623572Z   ✓ Q3/5 saved (bank now 3)
2026-07-21T06:58:32.623913Z --- RETRIEVING SYLLABUS & STUDENT HISTORY in parallel: Integration ---
2026-07-21T06:58:32.820806Z --- GENERATING ADAPTIVE MCQ IN BAHASA MELAYU ---
2026-07-21T06:58:34.062948Z   ✓ Q4/5 saved (bank now 4)
2026-07-21T06:58:36.063195Z --- RETRIEVING SYLLABUS & STUDENT HISTORY in parallel: Integration ---
2026-07-21T06:58:36.249026Z --- GENERATING ADAPTIVE MCQ IN BAHASA MELAYU ---
2026-07-21T06:58:37.422740Z   ✓ Q5/5 saved (bank now 5)
2026-07-21T06:58:39.422986Z [142/347] Additional Mathematics — Permutations and Combinations (English): generating 5 question(s)...
2026-07-21T06:58:39.423077Z --- RETRIEVING SYLLABUS & STUDENT HISTORY in parallel: Permutations and Combinations ---
2026-07-21T06:58:39.705420Z -> Retrieved 0 textbook chunk(s), 8 DSKP chunk(s)
2026-07-21T06:58:39.705854Z --- GENERATING ADAPTIVE MCQ IN ENGLISH ---
2026-07-21T06:58:40.838726Z   ✓ Q1/5 saved (bank now 1)
2026-07-21T06:58:42.838916Z --- RETRIEVING SYLLABUS & STUDENT HISTORY in parallel: Permutations and Combinations ---
2026-07-21T06:58:43.305143Z --- GENERATING ADAPTIVE MCQ IN ENGLISH ---
2026-07-21T06:58:44.942204Z -> Cerebras: cooling for 65s.
2026-07-21T06:58:44.977390Z -> GroqCloud: cooling for 65s.
2026-07-21T06:58:45.014883Z -> OpenRouter error (NotFoundError: Error code: 404 - {'error': {'message': 'This model is unavailable for free. The paid version is available now - use this slug instead: meta-llama/llama-3.3-70b-instruct', 'code': 404}, 'user_id': 'user_3FWg0Y7hFwr9mi6ZEJfwxiglC7C'}), trying next provider…
2026-07-21T06:58:45.014953Z -> LLM Error in Generator: All LLM providers failed (non-rate-limit errors). Check API keys and quotas.
2026-07-21T06:58:45.386242Z   ✓ Q2/5 saved (bank now 2)
2026-07-21T06:58:47.386547Z --- RETRIEVING SYLLABUS & STUDENT HISTORY in parallel: Permutations and Combinations ---
2026-07-21T06:58:47.570397Z --- GENERATING ADAPTIVE MCQ IN ENGLISH ---
2026-07-21T06:58:47.590168Z -> OpenRouter error (NotFoundError: Error code: 404 - {'error': {'message': 'This model is unavailable for free. The paid version is available now - use this slug instead: meta-llama/llama-3.3-70b-instruct', 'code': 404}, 'user_id': 'user_3FWg0Y7hFwr9mi6ZEJfwxiglC7C'}), trying next provider…
2026-07-21T06:58:47.590254Z -> LLM Error in Generator: All LLM providers failed (non-rate-limit errors). Check API keys and quotas.
2026-07-21T06:58:47.962981Z   ✓ Q3/5 saved (bank now 3)
2026-07-21T06:58:49.963230Z --- RETRIEVING SYLLABUS & STUDENT HISTORY in parallel: Permutations and Combinations ---
2026-07-21T06:58:50.149188Z --- GENERATING ADAPTIVE MCQ IN ENGLISH ---
2026-07-21T06:58:50.168396Z -> OpenRouter error (NotFoundError: Error code: 404 - {'error': {'message': 'This model is unavailable for free. The paid version is available now - use this slug instead: meta-llama/llama-3.3-70b-instruct', 'code': 404}, 'user_id': 'user_3FWg0Y7hFwr9mi6ZEJfwxiglC7C'}), trying next provider…
2026-07-21T06:58:50.168475Z -> LLM Error in Generator: All LLM providers failed (non-rate-limit errors). Check API keys and quotas.
2026-07-21T06:58:50.558370Z   ✓ Q4/5 saved (bank now 4)
2026-07-21T06:58:52.558556Z --- RETRIEVING SYLLABUS & STUDENT HISTORY in parallel: Permutations and Combinations ---
2026-07-21T06:58:52.736647Z --- GENERATING ADAPTIVE MCQ IN ENGLISH ---
2026-07-21T06:58:52.755687Z -> OpenRouter error (NotFoundError: Error code: 404 - {'error': {'message': 'This model is unavailable for free. The paid version is available now - use this slug instead: meta-llama/llama-3.3-70b-instruct', 'code': 404}, 'user_id': 'user_3FWg0Y7hFwr9mi6ZEJfwxiglC7C'}), trying next provider…
2026-07-21T06:58:52.755757Z -> LLM Error in Generator: All LLM providers failed (non-rate-limit errors). Check API keys and quotas.
2026-07-21T06:58:53.133244Z   ✓ Q5/5 saved (bank now 5)
2026-07-21T06:58:55.133546Z [143/347] Additional Mathematics — Permutations and Combinations (Bahasa Melayu): generating 5 question(s)...
2026-07-21T06:58:55.133639Z --- RETRIEVING SYLLABUS & STUDENT HISTORY in parallel: Permutations and Combinations ---
2026-07-21T06:58:55.324628Z --- GENERATING ADAPTIVE MCQ IN BAHASA MELAYU ---
2026-07-21T06:58:55.350973Z -> OpenRouter error (NotFoundError: Error code: 404 - {'error': {'message': 'This model is unavailable for free. The paid version is available now - use this slug instead: meta-llama/llama-3.3-70b-instruct', 'code': 404}, 'user_id': 'user_3FWg0Y7hFwr9mi6ZEJfwxiglC7C'}), trying next provider…
2026-07-21T06:58:55.351028Z -> LLM Error in Generator: All LLM providers failed (non-rate-limit errors). Check API keys and quotas.
2026-07-21T06:58:55.716659Z   ✓ Q1/5 saved (bank now 1)
2026-07-21T06:58:57.716918Z --- RETRIEVING SYLLABUS & STUDENT HISTORY in parallel: Permutations and Combinations ---
2026-07-21T06:58:57.908719Z --- GENERATING ADAPTIVE MCQ IN BAHASA MELAYU ---
2026-07-21T06:58:57.930858Z -> OpenRouter error (NotFoundError: Error code: 404 - {'error': {'message': 'This model is unavailable for free. The paid version is available now - use this slug instead: meta-llama/llama-3.3-70b-instruct', 'code': 404}, 'user_id': 'user_3FWg0Y7hFwr9mi6ZEJfwxiglC7C'}), trying next provider…
2026-07-21T06:58:57.930944Z -> LLM Error in Generator: All LLM providers failed (non-rate-limit errors). Check API keys and quotas.
2026-07-21T06:58:58.300807Z   ✓ Q2/5 saved (bank now 2)
2026-07-21T06:59:00.301068Z --- RETRIEVING SYLLABUS & STUDENT HISTORY in parallel: Permutations and Combinations ---
2026-07-21T06:59:00.480099Z --- GENERATING ADAPTIVE MCQ IN BAHASA MELAYU ---
2026-07-21T06:59:00.507369Z -> OpenRouter error (NotFoundError: Error code: 404 - {'error': {'message': 'This model is unavailable for free. The paid version is available now - use this slug instead: meta-llama/llama-3.3-70b-instruct', 'code': 404}, 'user_id': 'user_3FWg0Y7hFwr9mi6ZEJfwxiglC7C'}), trying next provider…
2026-07-21T06:59:00.507458Z -> LLM Error in Generator: All LLM providers failed (non-rate-limit errors). Check API keys and quotas.
2026-07-21T06:59:00.873121Z   ✓ Q3/5 saved (bank now 3)
2026-07-21T06:59:02.873382Z --- RETRIEVING SYLLABUS & STUDENT HISTORY in parallel: Permutations and Combinations ---
2026-07-21T06:59:03.056222Z --- GENERATING ADAPTIVE MCQ IN BAHASA MELAYU ---
2026-07-21T06:59:03.071742Z -> OpenRouter error (NotFoundError: Error code: 404 - {'error': {'message': 'This model is unavailable for free. The paid version is available now - use this slug instead: meta-llama/llama-3.3-70b-instruct', 'code': 404}, 'user_id': 'user_3FWg0Y7hFwr9mi6ZEJfwxiglC7C'}), trying next provider…
2026-07-21T06:59:03.071782Z -> LLM Error in Generator: All LLM providers failed (non-rate-limit errors). Check API keys and quotas.
2026-07-21T06:59:03.490852Z   ✓ Q4/5 saved (bank now 4)
2026-07-21T06:59:05.491225Z --- RETRIEVING SYLLABUS & STUDENT HISTORY in parallel: Permutations and Combinations ---
2026-07-21T06:59:05.682705Z --- GENERATING ADAPTIVE MCQ IN BAHASA MELAYU ---
2026-07-21T06:59:05.710985Z -> OpenRouter error (NotFoundError: Error code: 404 - {'error': {'message': 'This model is unavailable for free. The paid version is available now - use this slug instead: meta-llama/llama-3.3-70b-instruct', 'code': 404}, 'user_id': 'user_3FWg0Y7hFwr9mi6ZEJfwxiglC7C'}), trying next provider…
2026-07-21T06:59:05.711053Z -> LLM Error in Generator: All LLM providers failed (non-rate-limit errors). Check API keys and quotas.
2026-07-21T06:59:06.091587Z   ✓ Q5/5 saved (bank now 5)
2026-07-21T06:59:08.092714Z [Checkpoint] 40% written to logs/question_bank_seed_progress.md
2026-07-21T06:59:08.092791Z [144/347] Additional Mathematics — Probability Distributions (English): generating 5 question(s)...
2026-07-21T06:59:08.092812Z --- RETRIEVING SYLLABUS & STUDENT HISTORY in parallel: Probability Distributions ---
2026-07-21T06:59:08.493708Z -> Retrieved 2 textbook chunk(s), 6 DSKP chunk(s)
2026-07-21T06:59:08.494218Z --- GENERATING ADAPTIVE MCQ IN ENGLISH ---
2026-07-21T06:59:08.513043Z -> OpenRouter error (NotFoundError: Error code: 404 - {'error': {'message': 'This model is unavailable for free. The paid version is available now - use this slug instead: meta-llama/llama-3.3-70b-instruct', 'code': 404}, 'user_id': 'user_3FWg0Y7hFwr9mi6ZEJfwxiglC7C'}), trying next provider…
2026-07-21T06:59:08.513116Z -> LLM Error in Generator: All LLM providers failed (non-rate-limit errors). Check API keys and quotas.
2026-07-21T06:59:08.896273Z   ✓ Q1/5 saved (bank now 1)
2026-07-21T06:59:10.896589Z --- RETRIEVING SYLLABUS & STUDENT HISTORY in parallel: Probability Distributions ---
2026-07-21T06:59:11.075391Z --- GENERATING ADAPTIVE MCQ IN ENGLISH ---
2026-07-21T06:59:11.093700Z -> OpenRouter error (NotFoundError: Error code: 404 - {'error': {'message': 'This model is unavailable for free. The paid version is available now - use this slug instead: meta-llama/llama-3.3-70b-instruct', 'code': 404}, 'user_id': 'user_3FWg0Y7hFwr9mi6ZEJfwxiglC7C'}), trying next provider…
2026-07-21T06:59:11.093780Z -> LLM Error in Generator: All LLM providers failed (non-rate-limit errors). Check API keys and quotas.
2026-07-21T06:59:11.475723Z   ✓ Q2/5 saved (bank now 2)
2026-07-21T06:59:13.476056Z --- RETRIEVING SYLLABUS & STUDENT HISTORY in parallel: Probability Distributions ---
2026-07-21T06:59:13.662293Z --- GENERATING ADAPTIVE MCQ IN ENGLISH ---
2026-07-21T06:59:13.687269Z -> OpenRouter error (NotFoundError: Error code: 404 - {'error': {'message': 'This model is unavailable for free. The paid version is available now - use this slug instead: meta-llama/llama-3.3-70b-instruct', 'code': 404}, 'user_id': 'user_3FWg0Y7hFwr9mi6ZEJfwxiglC7C'}), trying next provider…
2026-07-21T06:59:13.687375Z -> LLM Error in Generator: All LLM providers failed (non-rate-limit errors). Check API keys and quotas.
2026-07-21T06:59:14.063719Z   ✓ Q3/5 saved (bank now 3)
2026-07-21T06:59:16.063980Z --- RETRIEVING SYLLABUS & STUDENT HISTORY in parallel: Probability Distributions ---
2026-07-21T06:59:16.248891Z --- GENERATING ADAPTIVE MCQ IN ENGLISH ---
2026-07-21T06:59:16.270002Z -> OpenRouter error (NotFoundError: Error code: 404 - {'error': {'message': 'This model is unavailable for free. The paid version is available now - use this slug instead: meta-llama/llama-3.3-70b-instruct', 'code': 404}, 'user_id': 'user_3FWg0Y7hFwr9mi6ZEJfwxiglC7C'}), trying next provider…
2026-07-21T06:59:16.270091Z -> LLM Error in Generator: All LLM providers failed (non-rate-limit errors). Check API keys and quotas.
2026-07-21T06:59:16.644451Z   ✓ Q4/5 saved (bank now 4)
2026-07-21T06:59:18.644725Z --- RETRIEVING SYLLABUS & STUDENT HISTORY in parallel: Probability Distributions ---
2026-07-21T06:59:18.835061Z --- GENERATING ADAPTIVE MCQ IN ENGLISH ---
2026-07-21T06:59:18.852261Z -> OpenRouter error (NotFoundError: Error code: 404 - {'error': {'message': 'This model is unavailable for free. The paid version is available now - use this slug instead: meta-llama/llama-3.3-70b-instruct', 'code': 404}, 'user_id': 'user_3FWg0Y7hFwr9mi6ZEJfwxiglC7C'}), trying next provider…
2026-07-21T06:59:18.852369Z -> LLM Error in Generator: All LLM providers failed (non-rate-limit errors). Check API keys and quotas.
2026-07-21T06:59:19.235501Z   ✓ Q5/5 saved (bank now 5)
2026-07-21T06:59:21.235707Z [145/347] Additional Mathematics — Probability Distributions (Bahasa Melayu): generating 5 question(s)...
2026-07-21T06:59:21.235800Z --- RETRIEVING SYLLABUS & STUDENT HISTORY in parallel: Probability Distributions ---
2026-07-21T06:59:21.421365Z --- GENERATING ADAPTIVE MCQ IN BAHASA MELAYU ---
2026-07-21T06:59:21.441293Z -> OpenRouter error (NotFoundError: Error code: 404 - {'error': {'message': 'This model is unavailable for free. The paid version is available now - use this slug instead: meta-llama/llama-3.3-70b-instruct', 'code': 404}, 'user_id': 'user_3FWg0Y7hFwr9mi6ZEJfwxiglC7C'}), trying next provider…
2026-07-21T06:59:21.441416Z -> LLM Error in Generator: All LLM providers failed (non-rate-limit errors). Check API keys and quotas.
2026-07-21T06:59:21.812541Z   ✓ Q1/5 saved (bank now 1)
2026-07-21T06:59:23.812921Z --- RETRIEVING SYLLABUS & STUDENT HISTORY in parallel: Probability Distributions ---
2026-07-21T06:59:23.991631Z --- GENERATING ADAPTIVE MCQ IN BAHASA MELAYU ---
2026-07-21T06:59:24.009791Z -> OpenRouter error (NotFoundError: Error code: 404 - {'error': {'message': 'This model is unavailable for free. The paid version is available now - use this slug instead: meta-llama/llama-3.3-70b-instruct', 'code': 404}, 'user_id': 'user_3FWg0Y7hFwr9mi6ZEJfwxiglC7C'}), trying next provider…
2026-07-21T06:59:24.009894Z -> LLM Error in Generator: All LLM providers failed (non-rate-limit errors). Check API keys and quotas.
2026-07-21T06:59:24.383519Z   ✓ Q2/5 saved (bank now 2)
2026-07-21T06:59:26.383812Z --- RETRIEVING SYLLABUS & STUDENT HISTORY in parallel: Probability Distributions ---
2026-07-21T06:59:26.570014Z --- GENERATING ADAPTIVE MCQ IN BAHASA MELAYU ---
2026-07-21T06:59:26.593806Z -> OpenRouter error (NotFoundError: Error code: 404 - {'error': {'message': 'This model is unavailable for free. The paid version is available now - use this slug instead: meta-llama/llama-3.3-70b-instruct', 'code': 404}, 'user_id': 'user_3FWg0Y7hFwr9mi6ZEJfwxiglC7C'}), trying next provider…
2026-07-21T06:59:26.593887Z -> LLM Error in Generator: All LLM providers failed (non-rate-limit errors). Check API keys and quotas.
2026-07-21T06:59:26.964483Z   ✓ Q3/5 saved (bank now 3)
2026-07-21T06:59:28.964814Z --- RETRIEVING SYLLABUS & STUDENT HISTORY in parallel: Probability Distributions ---
2026-07-21T06:59:29.152001Z --- GENERATING ADAPTIVE MCQ IN BAHASA MELAYU ---
2026-07-21T06:59:29.168931Z -> OpenRouter error (NotFoundError: Error code: 404 - {'error': {'message': 'This model is unavailable for free. The paid version is available now - use this slug instead: meta-llama/llama-3.3-70b-instruct', 'code': 404}, 'user_id': 'user_3FWg0Y7hFwr9mi6ZEJfwxiglC7C'}), trying next provider…
2026-07-21T06:59:29.168995Z -> LLM Error in Generator: All LLM providers failed (non-rate-limit errors). Check API keys and quotas.
2026-07-21T06:59:29.532800Z   ✓ Q4/5 saved (bank now 4)
2026-07-21T06:59:31.533106Z --- RETRIEVING SYLLABUS & STUDENT HISTORY in parallel: Probability Distributions ---
2026-07-21T06:59:31.717612Z --- GENERATING ADAPTIVE MCQ IN BAHASA MELAYU ---
2026-07-21T06:59:31.736101Z -> OpenRouter error (NotFoundError: Error code: 404 - {'error': {'message': 'This model is unavailable for free. The paid version is available now - use this slug instead: meta-llama/llama-3.3-70b-instruct', 'code': 404}, 'user_id': 'user_3FWg0Y7hFwr9mi6ZEJfwxiglC7C'}), trying next provider…
2026-07-21T06:59:31.736176Z -> LLM Error in Generator: All LLM providers failed (non-rate-limit errors). Check API keys and quotas.
2026-07-21T06:59:32.102890Z   ✓ Q5/5 saved (bank now 5)
2026-07-21T06:59:34.103106Z [146/347] Additional Mathematics — Trigonometric Functions (English): generating 5 question(s)...
2026-07-21T06:59:34.103197Z --- RETRIEVING SYLLABUS & STUDENT HISTORY in parallel: Trigonometric Functions ---
2026-07-21T06:59:34.504135Z -> Retrieved 1 textbook chunk(s), 7 DSKP chunk(s)
2026-07-21T06:59:34.504938Z --- GENERATING ADAPTIVE MCQ IN ENGLISH ---
2026-07-21T06:59:34.522508Z -> OpenRouter error (NotFoundError: Error code: 404 - {'error': {'message': 'This model is unavailable for free. The paid version is available now - use this slug instead: meta-llama/llama-3.3-70b-instruct', 'code': 404}, 'user_id': 'user_3FWg0Y7hFwr9mi6ZEJfwxiglC7C'}), trying next provider…
2026-07-21T06:59:34.522563Z -> LLM Error in Generator: All LLM providers failed (non-rate-limit errors). Check API keys and quotas.
2026-07-21T06:59:34.884967Z   ✓ Q1/5 saved (bank now 1)
2026-07-21T06:59:36.885193Z --- RETRIEVING SYLLABUS & STUDENT HISTORY in parallel: Trigonometric Functions ---
2026-07-21T06:59:37.082922Z --- GENERATING ADAPTIVE MCQ IN ENGLISH ---
2026-07-21T06:59:37.106155Z -> OpenRouter error (NotFoundError: Error code: 404 - {'error': {'message': 'This model is unavailable for free. The paid version is available now - use this slug instead: meta-llama/llama-3.3-70b-instruct', 'code': 404}, 'user_id': 'user_3FWg0Y7hFwr9mi6ZEJfwxiglC7C'}), trying next provider…
2026-07-21T06:59:37.106243Z -> LLM Error in Generator: All LLM providers failed (non-rate-limit errors). Check API keys and quotas.
2026-07-21T06:59:37.499649Z   ✓ Q2/5 saved (bank now 2)
2026-07-21T06:59:39.499868Z --- RETRIEVING SYLLABUS & STUDENT HISTORY in parallel: Trigonometric Functions ---
2026-07-21T06:59:39.679284Z --- GENERATING ADAPTIVE MCQ IN ENGLISH ---
2026-07-21T06:59:39.701048Z -> OpenRouter error (NotFoundError: Error code: 404 - {'error': {'message': 'This model is unavailable for free. The paid version is available now - use this slug instead: meta-llama/llama-3.3-70b-instruct', 'code': 404}, 'user_id': 'user_3FWg0Y7hFwr9mi6ZEJfwxiglC7C'}), trying next provider…
2026-07-21T06:59:39.701129Z -> LLM Error in Generator: All LLM providers failed (non-rate-limit errors). Check API keys and quotas.
2026-07-21T06:59:40.074257Z   ✓ Q3/5 saved (bank now 3)
2026-07-21T06:59:42.074376Z --- RETRIEVING SYLLABUS & STUDENT HISTORY in parallel: Trigonometric Functions ---
2026-07-21T06:59:42.253925Z --- GENERATING ADAPTIVE MCQ IN ENGLISH ---
2026-07-21T06:59:42.275700Z -> OpenRouter error (NotFoundError: Error code: 404 - {'error': {'message': 'This model is unavailable for free. The paid version is available now - use this slug instead: meta-llama/llama-3.3-70b-instruct', 'code': 404}, 'user_id': 'user_3FWg0Y7hFwr9mi6ZEJfwxiglC7C'}), trying next provider…
2026-07-21T06:59:42.275802Z -> LLM Error in Generator: All LLM providers failed (non-rate-limit errors). Check API keys and quotas.
2026-07-21T06:59:42.638166Z   ✓ Q4/5 saved (bank now 4)
2026-07-21T06:59:44.638354Z --- RETRIEVING SYLLABUS & STUDENT HISTORY in parallel: Trigonometric Functions ---
2026-07-21T06:59:44.824300Z --- GENERATING ADAPTIVE MCQ IN ENGLISH ---
2026-07-21T06:59:44.842279Z -> OpenRouter error (NotFoundError: Error code: 404 - {'error': {'message': 'This model is unavailable for free. The paid version is available now - use this slug instead: meta-llama/llama-3.3-70b-instruct', 'code': 404}, 'user_id': 'user_3FWg0Y7hFwr9mi6ZEJfwxiglC7C'}), trying next provider…
2026-07-21T06:59:44.842415Z -> LLM Error in Generator: All LLM providers failed (non-rate-limit errors). Check API keys and quotas.
2026-07-21T06:59:45.251919Z   ✓ Q5/5 saved (bank now 5)
2026-07-21T06:59:47.252114Z [147/347] Additional Mathematics — Trigonometric Functions (Bahasa Melayu): generating 5 question(s)...
2026-07-21T06:59:47.252188Z --- RETRIEVING SYLLABUS & STUDENT HISTORY in parallel: Trigonometric Functions ---
2026-07-21T06:59:47.433770Z --- GENERATING ADAPTIVE MCQ IN BAHASA MELAYU ---
2026-07-21T06:59:47.457148Z -> OpenRouter error (NotFoundError: Error code: 404 - {'error': {'message': 'This model is unavailable for free. The paid version is available now - use this slug instead: meta-llama/llama-3.3-70b-instruct', 'code': 404}, 'user_id': 'user_3FWg0Y7hFwr9mi6ZEJfwxiglC7C'}), trying next provider…
2026-07-21T06:59:47.457223Z -> LLM Error in Generator: All LLM providers failed (non-rate-limit errors). Check API keys and quotas.
2026-07-21T06:59:47.844244Z   ✓ Q1/5 saved (bank now 1)
2026-07-21T06:59:49.844539Z --- RETRIEVING SYLLABUS & STUDENT HISTORY in parallel: Trigonometric Functions ---
2026-07-21T06:59:50.028294Z --- GENERATING ADAPTIVE MCQ IN BAHASA MELAYU ---
2026-07-21T06:59:51.344184Z   ✓ Q2/5 saved (bank now 2)
2026-07-21T06:59:53.344497Z --- RETRIEVING SYLLABUS & STUDENT HISTORY in parallel: Trigonometric Functions ---
2026-07-21T06:59:53.542711Z --- GENERATING ADAPTIVE MCQ IN BAHASA MELAYU ---
2026-07-21T06:59:54.594519Z   ✓ Q3/5 saved (bank now 3)
2026-07-21T06:59:56.594743Z --- RETRIEVING SYLLABUS & STUDENT HISTORY in parallel: Trigonometric Functions ---
2026-07-21T06:59:56.789393Z --- GENERATING ADAPTIVE MCQ IN BAHASA MELAYU ---
2026-07-21T06:59:57.876519Z   ✓ Q4/5 saved (bank now 4)
2026-07-21T06:59:59.876822Z --- RETRIEVING SYLLABUS & STUDENT HISTORY in parallel: Trigonometric Functions ---
2026-07-21T07:00:00.064084Z --- GENERATING ADAPTIVE MCQ IN BAHASA MELAYU ---
2026-07-21T07:00:01.753904Z -> Cerebras: cooling for 65s.
2026-07-21T07:00:01.792214Z -> GroqCloud: cooling for 65s.
2026-07-21T07:00:02.104225Z -> OpenRouter error (NotFoundError: Error code: 404 - {'error': {'message': 'This model is unavailable for free. The paid version is available now - use this slug instead: meta-llama/llama-3.3-70b-instruct', 'code': 404}, 'user_id': 'user_3FWg0Y7hFwr9mi6ZEJfwxiglC7C'}), trying next provider…
2026-07-21T07:00:02.104274Z -> LLM Error in Generator: All LLM providers failed (non-rate-limit errors). Check API keys and quotas.
2026-07-21T07:00:02.498572Z   ✓ Q5/5 saved (bank now 5)
2026-07-21T07:00:04.498786Z [148/347] Bahasa Melayu — Sejarah dan Warisan (English): generating 5 question(s)...
2026-07-21T07:00:04.498880Z --- RETRIEVING SYLLABUS & STUDENT HISTORY in parallel: Sejarah dan Warisan ---
2026-07-21T07:00:05.125523Z -> Retrieved 5 textbook chunk(s), 3 DSKP chunk(s)
2026-07-21T07:00:05.126091Z --- GENERATING ADAPTIVE MCQ IN ENGLISH ---
2026-07-21T07:00:05.145626Z -> OpenRouter error (NotFoundError: Error code: 404 - {'error': {'message': 'This model is unavailable for free. The paid version is available now - use this slug instead: meta-llama/llama-3.3-70b-instruct', 'code': 404}, 'user_id': 'user_3FWg0Y7hFwr9mi6ZEJfwxiglC7C'}), trying next provider…
2026-07-21T07:00:05.145659Z -> LLM Error in Generator: All LLM providers failed (non-rate-limit errors). Check API keys and quotas.
2026-07-21T07:00:05.531073Z   ✓ Q1/5 saved (bank now 1)
2026-07-21T07:00:07.531299Z --- RETRIEVING SYLLABUS & STUDENT HISTORY in parallel: Sejarah dan Warisan ---
2026-07-21T07:00:07.723802Z --- GENERATING ADAPTIVE MCQ IN ENGLISH ---
2026-07-21T07:00:07.801271Z -> OpenRouter error (NotFoundError: Error code: 404 - {'error': {'message': 'This model is unavailable for free. The paid version is available now - use this slug instead: meta-llama/llama-3.3-70b-instruct', 'code': 404}, 'user_id': 'user_3FWg0Y7hFwr9mi6ZEJfwxiglC7C'}), trying next provider…
2026-07-21T07:00:07.801395Z -> LLM Error in Generator: All LLM providers failed (non-rate-limit errors). Check API keys and quotas.
2026-07-21T07:00:08.185387Z   ✓ Q2/5 saved (bank now 2)
2026-07-21T07:00:10.185613Z --- RETRIEVING SYLLABUS & STUDENT HISTORY in parallel: Sejarah dan Warisan ---
2026-07-21T07:00:10.374960Z --- GENERATING ADAPTIVE MCQ IN ENGLISH ---
2026-07-21T07:00:10.393993Z -> OpenRouter error (NotFoundError: Error code: 404 - {'error': {'message': 'This model is unavailable for free. The paid version is available now - use this slug instead: meta-llama/llama-3.3-70b-instruct', 'code': 404}, 'user_id': 'user_3FWg0Y7hFwr9mi6ZEJfwxiglC7C'}), trying next provider…
2026-07-21T07:00:10.394038Z -> LLM Error in Generator: All LLM providers failed (non-rate-limit errors). Check API keys and quotas.
2026-07-21T07:00:10.768945Z   ✓ Q3/5 saved (bank now 3)
2026-07-21T07:00:12.769136Z --- RETRIEVING SYLLABUS & STUDENT HISTORY in parallel: Sejarah dan Warisan ---
2026-07-21T07:00:12.955016Z --- GENERATING ADAPTIVE MCQ IN ENGLISH ---
2026-07-21T07:00:12.978510Z -> OpenRouter error (NotFoundError: Error code: 404 - {'error': {'message': 'This model is unavailable for free. The paid version is available now - use this slug instead: meta-llama/llama-3.3-70b-instruct', 'code': 404}, 'user_id': 'user_3FWg0Y7hFwr9mi6ZEJfwxiglC7C'}), trying next provider…
2026-07-21T07:00:12.978599Z -> LLM Error in Generator: All LLM providers failed (non-rate-limit errors). Check API keys and quotas.
2026-07-21T07:00:13.733880Z   ✓ Q4/5 saved (bank now 4)
2026-07-21T07:00:15.734104Z --- RETRIEVING SYLLABUS & STUDENT HISTORY in parallel: Sejarah dan Warisan ---
2026-07-21T07:00:15.981161Z --- GENERATING ADAPTIVE MCQ IN ENGLISH ---
2026-07-21T07:00:16.004920Z -> OpenRouter error (NotFoundError: Error code: 404 - {'error': {'message': 'This model is unavailable for free. The paid version is available now - use this slug instead: meta-llama/llama-3.3-70b-instruct', 'code': 404}, 'user_id': 'user_3FWg0Y7hFwr9mi6ZEJfwxiglC7C'}), trying next provider…
2026-07-21T07:00:16.005016Z -> LLM Error in Generator: All LLM providers failed (non-rate-limit errors). Check API keys and quotas.
2026-07-21T07:00:16.709060Z   ✓ Q5/5 saved (bank now 5)
2026-07-21T07:00:18.709301Z [149/347] Bahasa Melayu — Jati Diri, Patriotisme dan Kewarganegaraan (English): generating 5 question(s)...
2026-07-21T07:00:18.709421Z --- RETRIEVING SYLLABUS & STUDENT HISTORY in parallel: Jati Diri, Patriotisme dan Kewarganegaraan ---
2026-07-21T07:00:19.292809Z -> Retrieved 7 textbook chunk(s), 1 DSKP chunk(s)
2026-07-21T07:00:19.293466Z --- GENERATING ADAPTIVE MCQ IN ENGLISH ---
2026-07-21T07:00:19.828694Z -> OpenRouter error (NotFoundError: Error code: 404 - {'error': {'message': 'This model is unavailable for free. The paid version is available now - use this slug instead: meta-llama/llama-3.3-70b-instruct', 'code': 404}, 'user_id': 'user_3FWg0Y7hFwr9mi6ZEJfwxiglC7C'}), trying next provider…
2026-07-21T07:00:19.828788Z -> LLM Error in Generator: All LLM providers failed (non-rate-limit errors). Check API keys and quotas.
2026-07-21T07:00:20.509941Z   ✓ Q1/5 saved (bank now 1)
2026-07-21T07:00:22.510196Z --- RETRIEVING SYLLABUS & STUDENT HISTORY in parallel: Jati Diri, Patriotisme dan Kewarganegaraan ---
2026-07-21T07:00:22.704099Z --- GENERATING ADAPTIVE MCQ IN ENGLISH ---
2026-07-21T07:00:22.723907Z -> OpenRouter error (NotFoundError: Error code: 404 - {'error': {'message': 'This model is unavailable for free. The paid version is available now - use this slug instead: meta-llama/llama-3.3-70b-instruct', 'code': 404}, 'user_id': 'user_3FWg0Y7hFwr9mi6ZEJfwxiglC7C'}), trying next provider…
2026-07-21T07:00:22.723978Z -> LLM Error in Generator: All LLM providers failed (non-rate-limit errors). Check API keys and quotas.
2026-07-21T07:00:23.103656Z   ✓ Q2/5 saved (bank now 2)
2026-07-21T07:00:25.103800Z --- RETRIEVING SYLLABUS & STUDENT HISTORY in parallel: Jati Diri, Patriotisme dan Kewarganegaraan ---
2026-07-21T07:00:25.281483Z --- GENERATING ADAPTIVE MCQ IN ENGLISH ---
2026-07-21T07:00:25.312942Z -> OpenRouter error (NotFoundError: Error code: 404 - {'error': {'message': 'This model is unavailable for free. The paid version is available now - use this slug instead: meta-llama/llama-3.3-70b-instruct', 'code': 404}, 'user_id': 'user_3FWg0Y7hFwr9mi6ZEJfwxiglC7C'}), trying next provider…
2026-07-21T07:00:25.313020Z -> LLM Error in Generator: All LLM providers failed (non-rate-limit errors). Check API keys and quotas.
2026-07-21T07:00:25.723181Z   ✓ Q3/5 saved (bank now 3)
2026-07-21T07:00:27.723383Z --- RETRIEVING SYLLABUS & STUDENT HISTORY in parallel: Jati Diri, Patriotisme dan Kewarganegaraan ---
2026-07-21T07:00:27.941862Z --- GENERATING ADAPTIVE MCQ IN ENGLISH ---
2026-07-21T07:00:27.961640Z -> OpenRouter error (NotFoundError: Error code: 404 - {'error': {'message': 'This model is unavailable for free. The paid version is available now - use this slug instead: meta-llama/llama-3.3-70b-instruct', 'code': 404}, 'user_id': 'user_3FWg0Y7hFwr9mi6ZEJfwxiglC7C'}), trying next provider…
2026-07-21T07:00:27.961704Z -> LLM Error in Generator: All LLM providers failed (non-rate-limit errors). Check API keys and quotas.
2026-07-21T07:00:28.342960Z   ✓ Q4/5 saved (bank now 4)
2026-07-21T07:00:30.343185Z --- RETRIEVING SYLLABUS & STUDENT HISTORY in parallel: Jati Diri, Patriotisme dan Kewarganegaraan ---
2026-07-21T07:00:30.523398Z --- GENERATING ADAPTIVE MCQ IN ENGLISH ---
2026-07-21T07:00:30.548752Z -> OpenRouter error (NotFoundError: Error code: 404 - {'error': {'message': 'This model is unavailable for free. The paid version is available now - use this slug instead: meta-llama/llama-3.3-70b-instruct', 'code': 404}, 'user_id': 'user_3FWg0Y7hFwr9mi6ZEJfwxiglC7C'}), trying next provider…
2026-07-21T07:00:30.548830Z -> LLM Error in Generator: All LLM providers failed (non-rate-limit errors). Check API keys and quotas.
2026-07-21T07:00:30.926040Z   ✓ Q5/5 saved (bank now 5)
2026-07-21T07:00:32.926257Z [150/347] Bahasa Melayu — Jati Diri, Patriotisme dan Kewarganegaraan (Bahasa Melayu): generating 5 question(s)...
2026-07-21T07:00:32.926365Z --- RETRIEVING SYLLABUS & STUDENT HISTORY in parallel: Jati Diri, Patriotisme dan Kewarganegaraan ---
2026-07-21T07:00:33.448189Z --- GENERATING ADAPTIVE MCQ IN BAHASA MELAYU ---
2026-07-21T07:00:33.648625Z -> OpenRouter error (NotFoundError: Error code: 404 - {'error': {'message': 'This model is unavailable for free. The paid version is available now - use this slug instead: meta-llama/llama-3.3-70b-instruct', 'code': 404}, 'user_id': 'user_3FWg0Y7hFwr9mi6ZEJfwxiglC7C'}), trying next provider…
2026-07-21T07:00:33.648703Z -> LLM Error in Generator: All LLM providers failed (non-rate-limit errors). Check API keys and quotas.
2026-07-21T07:00:34.038447Z   ✓ Q1/5 saved (bank now 1)
2026-07-21T07:00:36.038650Z --- RETRIEVING SYLLABUS & STUDENT HISTORY in parallel: Jati Diri, Patriotisme dan Kewarganegaraan ---
2026-07-21T07:00:36.229068Z --- GENERATING ADAPTIVE MCQ IN BAHASA MELAYU ---
2026-07-21T07:00:36.246660Z -> OpenRouter error (NotFoundError: Error code: 404 - {'error': {'message': 'This model is unavailable for free. The paid version is available now - use this slug instead: meta-llama/llama-3.3-70b-instruct', 'code': 404}, 'user_id': 'user_3FWg0Y7hFwr9mi6ZEJfwxiglC7C'}), trying next provider…
2026-07-21T07:00:36.246761Z -> LLM Error in Generator: All LLM providers failed (non-rate-limit errors). Check API keys and quotas.
2026-07-21T07:00:36.615349Z   ✓ Q2/5 saved (bank now 2)
2026-07-21T07:00:38.615575Z --- RETRIEVING SYLLABUS & STUDENT HISTORY in parallel: Jati Diri, Patriotisme dan Kewarganegaraan ---
2026-07-21T07:00:38.795419Z --- GENERATING ADAPTIVE MCQ IN BAHASA MELAYU ---
2026-07-21T07:00:38.811135Z -> OpenRouter error (NotFoundError: Error code: 404 - {'error': {'message': 'This model is unavailable for free. The paid version is available now - use this slug instead: meta-llama/llama-3.3-70b-instruct', 'code': 404}, 'user_id': 'user_3FWg0Y7hFwr9mi6ZEJfwxiglC7C'}), trying next provider…
2026-07-21T07:00:38.811204Z -> LLM Error in Generator: All LLM providers failed (non-rate-limit errors). Check API keys and quotas.
2026-07-21T07:00:39.199447Z   ✓ Q3/5 saved (bank now 3)
2026-07-21T07:00:41.199599Z --- RETRIEVING SYLLABUS & STUDENT HISTORY in parallel: Jati Diri, Patriotisme dan Kewarganegaraan ---
2026-07-21T07:00:41.386943Z --- GENERATING ADAPTIVE MCQ IN BAHASA MELAYU ---
2026-07-21T07:00:41.434727Z -> OpenRouter error (NotFoundError: Error code: 404 - {'error': {'message': 'This model is unavailable for free. The paid version is available now - use this slug instead: meta-llama/llama-3.3-70b-instruct', 'code': 404}, 'user_id': 'user_3FWg0Y7hFwr9mi6ZEJfwxiglC7C'}), trying next provider…
2026-07-21T07:00:41.434803Z -> LLM Error in Generator: All LLM providers failed (non-rate-limit errors). Check API keys and quotas.
2026-07-21T07:00:41.818375Z   ✓ Q4/5 saved (bank now 4)
2026-07-21T07:00:43.818618Z --- RETRIEVING SYLLABUS & STUDENT HISTORY in parallel: Jati Diri, Patriotisme dan Kewarganegaraan ---
2026-07-21T07:00:43.996705Z --- GENERATING ADAPTIVE MCQ IN BAHASA MELAYU ---
2026-07-21T07:00:44.015588Z -> OpenRouter error (NotFoundError: Error code: 404 - {'error': {'message': 'This model is unavailable for free. The paid version is available now - use this slug instead: meta-llama/llama-3.3-70b-instruct', 'code': 404}, 'user_id': 'user_3FWg0Y7hFwr9mi6ZEJfwxiglC7C'}), trying next provider…
2026-07-21T07:00:44.015643Z -> LLM Error in Generator: All LLM providers failed (non-rate-limit errors). Check API keys and quotas.
2026-07-21T07:00:44.381072Z   ✓ Q5/5 saved (bank now 5)
2026-07-21T07:00:46.381376Z [151/347] Bahasa Melayu — Ekonomi, Keusahawanan dan Pengurusan Kewangan (English): generating 5 question(s)...
2026-07-21T07:00:46.381456Z --- RETRIEVING SYLLABUS & STUDENT HISTORY in parallel: Ekonomi, Keusahawanan dan Pengurusan Kewangan ---
2026-07-21T07:00:46.876161Z -> Retrieved 4 textbook chunk(s), 4 DSKP chunk(s)
2026-07-21T07:00:46.876729Z --- GENERATING ADAPTIVE MCQ IN ENGLISH ---
2026-07-21T07:00:46.896606Z -> OpenRouter error (NotFoundError: Error code: 404 - {'error': {'message': 'This model is unavailable for free. The paid version is available now - use this slug instead: meta-llama/llama-3.3-70b-instruct', 'code': 404}, 'user_id': 'user_3FWg0Y7hFwr9mi6ZEJfwxiglC7C'}), trying next provider…
2026-07-21T07:00:46.896662Z -> LLM Error in Generator: All LLM providers failed (non-rate-limit errors). Check API keys and quotas.
2026-07-21T07:00:47.256138Z   ✓ Q1/5 saved (bank now 1)
2026-07-21T07:00:49.256415Z --- RETRIEVING SYLLABUS & STUDENT HISTORY in parallel: Ekonomi, Keusahawanan dan Pengurusan Kewangan ---
2026-07-21T07:00:49.458524Z --- GENERATING ADAPTIVE MCQ IN ENGLISH ---
2026-07-21T07:00:49.474485Z -> OpenRouter error (NotFoundError: Error code: 404 - {'error': {'message': 'This model is unavailable for free. The paid version is available now - use this slug instead: meta-llama/llama-3.3-70b-instruct', 'code': 404}, 'user_id': 'user_3FWg0Y7hFwr9mi6ZEJfwxiglC7C'}), trying next provider…
2026-07-21T07:00:49.474565Z -> LLM Error in Generator: All LLM providers failed (non-rate-limit errors). Check API keys and quotas.
2026-07-21T07:00:49.844390Z   ✓ Q2/5 saved (bank now 2)
2026-07-21T07:00:51.844576Z --- RETRIEVING SYLLABUS & STUDENT HISTORY in parallel: Ekonomi, Keusahawanan dan Pengurusan Kewangan ---
2026-07-21T07:00:52.033392Z --- GENERATING ADAPTIVE MCQ IN ENGLISH ---
2026-07-21T07:00:52.057568Z -> OpenRouter error (NotFoundError: Error code: 404 - {'error': {'message': 'This model is unavailable for free. The paid version is available now - use this slug instead: meta-llama/llama-3.3-70b-instruct', 'code': 404}, 'user_id': 'user_3FWg0Y7hFwr9mi6ZEJfwxiglC7C'}), trying next provider…
2026-07-21T07:00:52.057665Z -> LLM Error in Generator: All LLM providers failed (non-rate-limit errors). Check API keys and quotas.
2026-07-21T07:00:52.425930Z   ✓ Q3/5 saved (bank now 3)
2026-07-21T07:00:54.426110Z --- RETRIEVING SYLLABUS & STUDENT HISTORY in parallel: Ekonomi, Keusahawanan dan Pengurusan Kewangan ---
2026-07-21T07:00:54.610468Z --- GENERATING ADAPTIVE MCQ IN ENGLISH ---
2026-07-21T07:00:54.629111Z -> OpenRouter error (NotFoundError: Error code: 404 - {'error': {'message': 'This model is unavailable for free. The paid version is available now - use this slug instead: meta-llama/llama-3.3-70b-instruct', 'code': 404}, 'user_id': 'user_3FWg0Y7hFwr9mi6ZEJfwxiglC7C'}), trying next provider…
2026-07-21T07:00:54.629205Z -> LLM Error in Generator: All LLM providers failed (non-rate-limit errors). Check API keys and quotas.
2026-07-21T07:00:55.366535Z   ✓ Q4/5 saved (bank now 4)
2026-07-21T07:00:57.366803Z --- RETRIEVING SYLLABUS & STUDENT HISTORY in parallel: Ekonomi, Keusahawanan dan Pengurusan Kewangan ---
2026-07-21T07:00:57.554061Z --- GENERATING ADAPTIVE MCQ IN ENGLISH ---
2026-07-21T07:00:57.573451Z -> OpenRouter error (NotFoundError: Error code: 404 - {'error': {'message': 'This model is unavailable for free. The paid version is available now - use this slug instead: meta-llama/llama-3.3-70b-instruct', 'code': 404}, 'user_id': 'user_3FWg0Y7hFwr9mi6ZEJfwxiglC7C'}), trying next provider…
2026-07-21T07:00:57.573521Z -> LLM Error in Generator: All LLM providers failed (non-rate-limit errors). Check API keys and quotas.
2026-07-21T07:00:58.024271Z   ✓ Q5/5 saved (bank now 5)
2026-07-21T07:01:00.024474Z [152/347] Bahasa Melayu — Ekonomi, Keusahawanan dan Pengurusan Kewangan (Bahasa Melayu): generating 5 question(s)...
2026-07-21T07:01:00.024545Z --- RETRIEVING SYLLABUS & STUDENT HISTORY in parallel: Ekonomi, Keusahawanan dan Pengurusan Kewangan ---
2026-07-21T07:01:00.221547Z --- GENERATING ADAPTIVE MCQ IN BAHASA MELAYU ---
2026-07-21T07:01:00.240202Z -> OpenRouter error (NotFoundError: Error code: 404 - {'error': {'message': 'This model is unavailable for free. The paid version is available now - use this slug instead: meta-llama/llama-3.3-70b-instruct', 'code': 404}, 'user_id': 'user_3FWg0Y7hFwr9mi6ZEJfwxiglC7C'}), trying next provider…
2026-07-21T07:01:00.240257Z -> LLM Error in Generator: All LLM providers failed (non-rate-limit errors). Check API keys and quotas.
2026-07-21T07:01:00.626175Z   ✓ Q1/5 saved (bank now 1)
2026-07-21T07:01:02.626359Z --- RETRIEVING SYLLABUS & STUDENT HISTORY in parallel: Ekonomi, Keusahawanan dan Pengurusan Kewangan ---
2026-07-21T07:01:02.814439Z --- GENERATING ADAPTIVE MCQ IN BAHASA MELAYU ---
2026-07-21T07:01:02.837853Z -> OpenRouter error (NotFoundError: Error code: 404 - {'error': {'message': 'This model is unavailable for free. The paid version is available now - use this slug instead: meta-llama/llama-3.3-70b-instruct', 'code': 404}, 'user_id': 'user_3FWg0Y7hFwr9mi6ZEJfwxiglC7C'}), trying next provider…
2026-07-21T07:01:02.837916Z -> LLM Error in Generator: All LLM providers failed (non-rate-limit errors). Check API keys and quotas.
2026-07-21T07:01:03.206998Z   ✓ Q2/5 saved (bank now 2)
2026-07-21T07:01:05.207265Z --- RETRIEVING SYLLABUS & STUDENT HISTORY in parallel: Ekonomi, Keusahawanan dan Pengurusan Kewangan ---
2026-07-21T07:01:05.393070Z --- GENERATING ADAPTIVE MCQ IN BAHASA MELAYU ---
2026-07-21T07:01:05.417288Z -> OpenRouter error (NotFoundError: Error code: 404 - {'error': {'message': 'This model is unavailable for free. The paid version is available now - use this slug instead: meta-llama/llama-3.3-70b-instruct', 'code': 404}, 'user_id': 'user_3FWg0Y7hFwr9mi6ZEJfwxiglC7C'}), trying next provider…
2026-07-21T07:01:05.417393Z -> LLM Error in Generator: All LLM providers failed (non-rate-limit errors). Check API keys and quotas.
2026-07-21T07:01:05.792724Z   ✓ Q3/5 saved (bank now 3)
2026-07-21T07:01:07.792863Z --- RETRIEVING SYLLABUS & STUDENT HISTORY in parallel: Ekonomi, Keusahawanan dan Pengurusan Kewangan ---
2026-07-21T07:01:07.980046Z --- GENERATING ADAPTIVE MCQ IN BAHASA MELAYU ---
2026-07-21T07:01:09.470916Z   ✓ Q4/5 saved (bank now 4)
2026-07-21T07:01:11.471126Z --- RETRIEVING SYLLABUS & STUDENT HISTORY in parallel: Ekonomi, Keusahawanan dan Pengurusan Kewangan ---
2026-07-21T07:01:11.668643Z --- GENERATING ADAPTIVE MCQ IN BAHASA MELAYU ---
2026-07-21T07:01:13.094079Z   ✓ Q5/5 saved (bank now 5)
2026-07-21T07:01:15.094286Z [153/347] Bahasa Melayu — Sains, Teknologi dan Inovasi (English): generating 4 question(s)...
2026-07-21T07:01:15.094395Z --- RETRIEVING SYLLABUS & STUDENT HISTORY in parallel: Sains, Teknologi dan Inovasi ---
2026-07-21T07:01:15.716146Z -> Retrieved 0 textbook chunk(s), 8 DSKP chunk(s)
2026-07-21T07:01:15.716456Z --- GENERATING ADAPTIVE MCQ IN ENGLISH ---
2026-07-21T07:01:16.825270Z   ✓ Q1/4 saved (bank now 2)
2026-07-21T07:01:18.825468Z --- RETRIEVING SYLLABUS & STUDENT HISTORY in parallel: Sains, Teknologi dan Inovasi ---
2026-07-21T07:01:19.002010Z --- GENERATING ADAPTIVE MCQ IN ENGLISH ---
2026-07-21T07:01:20.825912Z -> Cerebras: cooling for 65s.
2026-07-21T07:01:20.893034Z -> GroqCloud: cooling for 65s.
2026-07-21T07:01:20.936020Z -> OpenRouter error (NotFoundError: Error code: 404 - {'error': {'message': 'This model is unavailable for free. The paid version is available now - use this slug instead: meta-llama/llama-3.3-70b-instruct', 'code': 404}, 'user_id': 'user_3FWg0Y7hFwr9mi6ZEJfwxiglC7C'}), trying next provider…
2026-07-21T07:01:20.936103Z -> LLM Error in Generator: All LLM providers failed (non-rate-limit errors). Check API keys and quotas.
2026-07-21T07:01:21.308387Z   ✓ Q2/4 saved (bank now 3)
2026-07-21T07:01:23.308673Z --- RETRIEVING SYLLABUS & STUDENT HISTORY in parallel: Sains, Teknologi dan Inovasi ---
2026-07-21T07:01:23.491237Z --- GENERATING ADAPTIVE MCQ IN ENGLISH ---
2026-07-21T07:01:23.507751Z -> OpenRouter error (NotFoundError: Error code: 404 - {'error': {'message': 'This model is unavailable for free. The paid version is available now - use this slug instead: meta-llama/llama-3.3-70b-instruct', 'code': 404}, 'user_id': 'user_3FWg0Y7hFwr9mi6ZEJfwxiglC7C'}), trying next provider…
2026-07-21T07:01:23.507815Z -> LLM Error in Generator: All LLM providers failed (non-rate-limit errors). Check API keys and quotas.
2026-07-21T07:01:23.889525Z   ✓ Q3/4 saved (bank now 4)
2026-07-21T07:01:25.889747Z --- RETRIEVING SYLLABUS & STUDENT HISTORY in parallel: Sains, Teknologi dan Inovasi ---
2026-07-21T07:01:26.080387Z --- GENERATING ADAPTIVE MCQ IN ENGLISH ---
2026-07-21T07:01:26.096144Z -> OpenRouter error (NotFoundError: Error code: 404 - {'error': {'message': 'This model is unavailable for free. The paid version is available now - use this slug instead: meta-llama/llama-3.3-70b-instruct', 'code': 404}, 'user_id': 'user_3FWg0Y7hFwr9mi6ZEJfwxiglC7C'}), trying next provider…
2026-07-21T07:01:26.096186Z -> LLM Error in Generator: All LLM providers failed (non-rate-limit errors). Check API keys and quotas.
2026-07-21T07:01:26.470883Z   ✓ Q4/4 saved (bank now 5)
2026-07-21T07:01:28.471096Z [154/347] Bahasa Melayu — Sains, Teknologi dan Inovasi (Bahasa Melayu): generating 4 question(s)...
2026-07-21T07:01:28.471207Z --- RETRIEVING SYLLABUS & STUDENT HISTORY in parallel: Sains, Teknologi dan Inovasi ---
2026-07-21T07:01:28.665212Z --- GENERATING ADAPTIVE MCQ IN BAHASA MELAYU ---
2026-07-21T07:01:28.683612Z -> OpenRouter error (NotFoundError: Error code: 404 - {'error': {'message': 'This model is unavailable for free. The paid version is available now - use this slug instead: meta-llama/llama-3.3-70b-instruct', 'code': 404}, 'user_id': 'user_3FWg0Y7hFwr9mi6ZEJfwxiglC7C'}), trying next provider…
2026-07-21T07:01:28.683696Z -> LLM Error in Generator: All LLM providers failed (non-rate-limit errors). Check API keys and quotas.
2026-07-21T07:01:29.047338Z   ✓ Q1/4 saved (bank now 2)
2026-07-21T07:01:31.047574Z --- RETRIEVING SYLLABUS & STUDENT HISTORY in parallel: Sains, Teknologi dan Inovasi ---
2026-07-21T07:01:31.233919Z --- GENERATING ADAPTIVE MCQ IN BAHASA MELAYU ---
2026-07-21T07:01:31.269916Z -> OpenRouter error (NotFoundError: Error code: 404 - {'error': {'message': 'This model is unavailable for free. The paid version is available now - use this slug instead: meta-llama/llama-3.3-70b-instruct', 'code': 404}, 'user_id': 'user_3FWg0Y7hFwr9mi6ZEJfwxiglC7C'}), trying next provider…
2026-07-21T07:01:31.269988Z -> LLM Error in Generator: All LLM providers failed (non-rate-limit errors). Check API keys and quotas.
2026-07-21T07:01:31.655266Z   ✓ Q2/4 saved (bank now 3)
2026-07-21T07:01:33.655506Z --- RETRIEVING SYLLABUS & STUDENT HISTORY in parallel: Sains, Teknologi dan Inovasi ---
2026-07-21T07:01:33.845161Z --- GENERATING ADAPTIVE MCQ IN BAHASA MELAYU ---
2026-07-21T07:01:33.864395Z -> OpenRouter error (NotFoundError: Error code: 404 - {'error': {'message': 'This model is unavailable for free. The paid version is available now - use this slug instead: meta-llama/llama-3.3-70b-instruct', 'code': 404}, 'user_id': 'user_3FWg0Y7hFwr9mi6ZEJfwxiglC7C'}), trying next provider…
2026-07-21T07:01:33.864478Z -> LLM Error in Generator: All LLM providers failed (non-rate-limit errors). Check API keys and quotas.
2026-07-21T07:01:34.233001Z   ✓ Q3/4 saved (bank now 4)
2026-07-21T07:01:36.233183Z --- RETRIEVING SYLLABUS & STUDENT HISTORY in parallel: Sains, Teknologi dan Inovasi ---
2026-07-21T07:01:36.424658Z --- GENERATING ADAPTIVE MCQ IN BAHASA MELAYU ---
2026-07-21T07:01:36.580601Z -> OpenRouter error (NotFoundError: Error code: 404 - {'error': {'message': 'This model is unavailable for free. The paid version is available now - use this slug instead: meta-llama/llama-3.3-70b-instruct', 'code': 404}, 'user_id': 'user_3FWg0Y7hFwr9mi6ZEJfwxiglC7C'}), trying next provider…
2026-07-21T07:01:36.580664Z -> LLM Error in Generator: All LLM providers failed (non-rate-limit errors). Check API keys and quotas.
2026-07-21T07:01:36.952766Z   ✓ Q4/4 saved (bank now 5)
2026-07-21T07:01:38.952918Z [155/347] Bahasa Melayu — Kesihatan dan Kebersihan (English): generating 5 question(s)...
2026-07-21T07:01:38.952988Z --- RETRIEVING SYLLABUS & STUDENT HISTORY in parallel: Kesihatan dan Kebersihan ---
2026-07-21T07:01:39.679558Z -> Retrieved 3 textbook chunk(s), 5 DSKP chunk(s)
2026-07-21T07:01:39.680220Z --- GENERATING ADAPTIVE MCQ IN ENGLISH ---
2026-07-21T07:01:39.699601Z -> OpenRouter error (NotFoundError: Error code: 404 - {'error': {'message': 'This model is unavailable for free. The paid version is available now - use this slug instead: meta-llama/llama-3.3-70b-instruct', 'code': 404}, 'user_id': 'user_3FWg0Y7hFwr9mi6ZEJfwxiglC7C'}), trying next provider…
2026-07-21T07:01:39.699692Z -> LLM Error in Generator: All LLM providers failed (non-rate-limit errors). Check API keys and quotas.
2026-07-21T07:01:40.080382Z   ✓ Q1/5 saved (bank now 1)
2026-07-21T07:01:42.080592Z --- RETRIEVING SYLLABUS & STUDENT HISTORY in parallel: Kesihatan dan Kebersihan ---
2026-07-21T07:01:42.272776Z --- GENERATING ADAPTIVE MCQ IN ENGLISH ---
2026-07-21T07:01:42.293222Z -> OpenRouter error (NotFoundError: Error code: 404 - {'error': {'message': 'This model is unavailable for free. The paid version is available now - use this slug instead: meta-llama/llama-3.3-70b-instruct', 'code': 404}, 'user_id': 'user_3FWg0Y7hFwr9mi6ZEJfwxiglC7C'}), trying next provider…
2026-07-21T07:01:42.293280Z -> LLM Error in Generator: All LLM providers failed (non-rate-limit errors). Check API keys and quotas.
2026-07-21T07:01:42.660282Z   ✓ Q2/5 saved (bank now 2)
2026-07-21T07:01:44.660537Z --- RETRIEVING SYLLABUS & STUDENT HISTORY in parallel: Kesihatan dan Kebersihan ---
2026-07-21T07:01:44.878358Z --- GENERATING ADAPTIVE MCQ IN ENGLISH ---
2026-07-21T07:01:44.924880Z -> OpenRouter error (NotFoundError: Error code: 404 - {'error': {'message': 'This model is unavailable for free. The paid version is available now - use this slug instead: meta-llama/llama-3.3-70b-instruct', 'code': 404}, 'user_id': 'user_3FWg0Y7hFwr9mi6ZEJfwxiglC7C'}), trying next provider…
2026-07-21T07:01:44.924952Z -> LLM Error in Generator: All LLM providers failed (non-rate-limit errors). Check API keys and quotas.
2026-07-21T07:01:45.302037Z   ✓ Q3/5 saved (bank now 3)
2026-07-21T07:01:47.302213Z --- RETRIEVING SYLLABUS & STUDENT HISTORY in parallel: Kesihatan dan Kebersihan ---
2026-07-21T07:01:47.497236Z --- GENERATING ADAPTIVE MCQ IN ENGLISH ---
2026-07-21T07:01:47.517841Z -> OpenRouter error (NotFoundError: Error code: 404 - {'error': {'message': 'This model is unavailable for free. The paid version is available now - use this slug instead: meta-llama/llama-3.3-70b-instruct', 'code': 404}, 'user_id': 'user_3FWg0Y7hFwr9mi6ZEJfwxiglC7C'}), trying next provider…
2026-07-21T07:01:47.517910Z -> LLM Error in Generator: All LLM providers failed (non-rate-limit errors). Check API keys and quotas.
2026-07-21T07:01:47.902291Z   ✓ Q4/5 saved (bank now 4)
2026-07-21T07:01:49.902595Z --- RETRIEVING SYLLABUS & STUDENT HISTORY in parallel: Kesihatan dan Kebersihan ---
2026-07-21T07:01:50.085253Z --- GENERATING ADAPTIVE MCQ IN ENGLISH ---
2026-07-21T07:01:50.106085Z -> OpenRouter error (NotFoundError: Error code: 404 - {'error': {'message': 'This model is unavailable for free. The paid version is available now - use this slug instead: meta-llama/llama-3.3-70b-instruct', 'code': 404}, 'user_id': 'user_3FWg0Y7hFwr9mi6ZEJfwxiglC7C'}), trying next provider…
2026-07-21T07:01:50.106156Z -> LLM Error in Generator: All LLM providers failed (non-rate-limit errors). Check API keys and quotas.
2026-07-21T07:01:50.485850Z   ✓ Q5/5 saved (bank now 5)
2026-07-21T07:01:52.486050Z [156/347] Bahasa Melayu — Kesihatan dan Kebersihan (Bahasa Melayu): generating 3 question(s)...
2026-07-21T07:01:52.486138Z --- RETRIEVING SYLLABUS & STUDENT HISTORY in parallel: Kesihatan dan Kebersihan ---
2026-07-21T07:01:52.665011Z --- GENERATING ADAPTIVE MCQ IN BAHASA MELAYU ---
2026-07-21T07:01:52.683629Z -> OpenRouter error (NotFoundError: Error code: 404 - {'error': {'message': 'This model is unavailable for free. The paid version is available now - use this slug instead: meta-llama/llama-3.3-70b-instruct', 'code': 404}, 'user_id': 'user_3FWg0Y7hFwr9mi6ZEJfwxiglC7C'}), trying next provider…
2026-07-21T07:01:52.683700Z -> LLM Error in Generator: All LLM providers failed (non-rate-limit errors). Check API keys and quotas.
2026-07-21T07:01:53.081703Z   ✓ Q1/3 saved (bank now 3)
2026-07-21T07:01:55.081876Z --- RETRIEVING SYLLABUS & STUDENT HISTORY in parallel: Kesihatan dan Kebersihan ---
2026-07-21T07:01:55.268108Z --- GENERATING ADAPTIVE MCQ IN BAHASA MELAYU ---
2026-07-21T07:01:55.285533Z -> OpenRouter error (NotFoundError: Error code: 404 - {'error': {'message': 'This model is unavailable for free. The paid version is available now - use this slug instead: meta-llama/llama-3.3-70b-instruct', 'code': 404}, 'user_id': 'user_3FWg0Y7hFwr9mi6ZEJfwxiglC7C'}), trying next provider…
2026-07-21T07:01:55.285591Z -> LLM Error in Generator: All LLM providers failed (non-rate-limit errors). Check API keys and quotas.
2026-07-21T07:01:55.677363Z   ✓ Q2/3 saved (bank now 4)
2026-07-21T07:01:57.677566Z --- RETRIEVING SYLLABUS & STUDENT HISTORY in parallel: Kesihatan dan Kebersihan ---
2026-07-21T07:01:57.862474Z --- GENERATING ADAPTIVE MCQ IN BAHASA MELAYU ---
2026-07-21T07:01:57.881477Z -> OpenRouter error (NotFoundError: Error code: 404 - {'error': {'message': 'This model is unavailable for free. The paid version is available now - use this slug instead: meta-llama/llama-3.3-70b-instruct', 'code': 404}, 'user_id': 'user_3FWg0Y7hFwr9mi6ZEJfwxiglC7C'}), trying next provider…
2026-07-21T07:01:57.881552Z -> LLM Error in Generator: All LLM providers failed (non-rate-limit errors). Check API keys and quotas.
2026-07-21T07:01:58.271439Z   ✓ Q3/3 saved (bank now 5)
2026-07-21T07:02:00.271660Z [157/347] Bahasa Melayu — KOMSAS: Cerpen (English): generating 4 question(s)...
2026-07-21T07:02:00.271741Z --- RETRIEVING SYLLABUS & STUDENT HISTORY in parallel: KOMSAS: Cerpen ---
2026-07-21T07:02:00.601749Z -> Retrieved 1 textbook chunk(s), 7 DSKP chunk(s)
2026-07-21T07:02:00.601989Z --- GENERATING ADAPTIVE MCQ IN ENGLISH ---
2026-07-21T07:02:00.636437Z -> OpenRouter error (NotFoundError: Error code: 404 - {'error': {'message': 'This model is unavailable for free. The paid version is available now - use this slug instead: meta-llama/llama-3.3-70b-instruct', 'code': 404}, 'user_id': 'user_3FWg0Y7hFwr9mi6ZEJfwxiglC7C'}), trying next provider…
2026-07-21T07:02:00.636489Z -> LLM Error in Generator: All LLM providers failed (non-rate-limit errors). Check API keys and quotas.
2026-07-21T07:02:01.031476Z   ✓ Q1/4 saved (bank now 2)
2026-07-21T07:02:03.031698Z --- RETRIEVING SYLLABUS & STUDENT HISTORY in parallel: KOMSAS: Cerpen ---
2026-07-21T07:02:03.217887Z --- GENERATING ADAPTIVE MCQ IN ENGLISH ---
2026-07-21T07:02:03.251953Z -> OpenRouter error (NotFoundError: Error code: 404 - {'error': {'message': 'This model is unavailable for free. The paid version is available now - use this slug instead: meta-llama/llama-3.3-70b-instruct', 'code': 404}, 'user_id': 'user_3FWg0Y7hFwr9mi6ZEJfwxiglC7C'}), trying next provider…
2026-07-21T07:02:03.252026Z -> LLM Error in Generator: All LLM providers failed (non-rate-limit errors). Check API keys and quotas.
2026-07-21T07:02:03.643086Z   ✓ Q2/4 saved (bank now 3)
2026-07-21T07:02:05.643292Z --- RETRIEVING SYLLABUS & STUDENT HISTORY in parallel: KOMSAS: Cerpen ---
2026-07-21T07:02:05.845100Z --- GENERATING ADAPTIVE MCQ IN ENGLISH ---
2026-07-21T07:02:05.877622Z -> OpenRouter error (NotFoundError: Error code: 404 - {'error': {'message': 'This model is unavailable for free. The paid version is available now - use this slug instead: meta-llama/llama-3.3-70b-instruct', 'code': 404}, 'user_id': 'user_3FWg0Y7hFwr9mi6ZEJfwxiglC7C'}), trying next provider…
2026-07-21T07:02:05.877676Z -> LLM Error in Generator: All LLM providers failed (non-rate-limit errors). Check API keys and quotas.
2026-07-21T07:02:06.276695Z   ✓ Q3/4 saved (bank now 4)
2026-07-21T07:02:08.276853Z --- RETRIEVING SYLLABUS & STUDENT HISTORY in parallel: KOMSAS: Cerpen ---
2026-07-21T07:02:08.468605Z --- GENERATING ADAPTIVE MCQ IN ENGLISH ---
2026-07-21T07:02:08.510839Z -> OpenRouter error (NotFoundError: Error code: 404 - {'error': {'message': 'This model is unavailable for free. The paid version is available now - use this slug instead: meta-llama/llama-3.3-70b-instruct', 'code': 404}, 'user_id': 'user_3FWg0Y7hFwr9mi6ZEJfwxiglC7C'}), trying next provider…
2026-07-21T07:02:08.510910Z -> LLM Error in Generator: All LLM providers failed (non-rate-limit errors). Check API keys and quotas.
2026-07-21T07:02:08.897224Z   ✓ Q4/4 saved (bank now 5)
2026-07-21T07:02:10.897516Z [158/347] Bahasa Melayu — KOMSAS: Cerpen (Bahasa Melayu): generating 3 question(s)...
2026-07-21T07:02:10.897595Z --- RETRIEVING SYLLABUS & STUDENT HISTORY in parallel: KOMSAS: Cerpen ---
2026-07-21T07:02:11.084445Z --- GENERATING ADAPTIVE MCQ IN BAHASA MELAYU ---
2026-07-21T07:02:11.102968Z -> OpenRouter error (NotFoundError: Error code: 404 - {'error': {'message': 'This model is unavailable for free. The paid version is available now - use this slug instead: meta-llama/llama-3.3-70b-instruct', 'code': 404}, 'user_id': 'user_3FWg0Y7hFwr9mi6ZEJfwxiglC7C'}), trying next provider…
2026-07-21T07:02:11.103036Z -> LLM Error in Generator: All LLM providers failed (non-rate-limit errors). Check API keys and quotas.
2026-07-21T07:02:11.494662Z   ✓ Q1/3 saved (bank now 3)
2026-07-21T07:02:13.494986Z --- RETRIEVING SYLLABUS & STUDENT HISTORY in parallel: KOMSAS: Cerpen ---
2026-07-21T07:02:13.683254Z --- GENERATING ADAPTIVE MCQ IN BAHASA MELAYU ---
2026-07-21T07:02:13.810989Z -> OpenRouter error (NotFoundError: Error code: 404 - {'error': {'message': 'This model is unavailable for free. The paid version is available now - use this slug instead: meta-llama/llama-3.3-70b-instruct', 'code': 404}, 'user_id': 'user_3FWg0Y7hFwr9mi6ZEJfwxiglC7C'}), trying next provider…
2026-07-21T07:02:13.811074Z -> LLM Error in Generator: All LLM providers failed (non-rate-limit errors). Check API keys and quotas.
2026-07-21T07:02:14.196696Z   ✓ Q2/3 saved (bank now 4)
2026-07-21T07:02:16.197014Z --- RETRIEVING SYLLABUS & STUDENT HISTORY in parallel: KOMSAS: Cerpen ---
2026-07-21T07:02:16.396548Z --- GENERATING ADAPTIVE MCQ IN BAHASA MELAYU ---
2026-07-21T07:02:16.415948Z -> OpenRouter error (NotFoundError: Error code: 404 - {'error': {'message': 'This model is unavailable for free. The paid version is available now - use this slug instead: meta-llama/llama-3.3-70b-instruct', 'code': 404}, 'user_id': 'user_3FWg0Y7hFwr9mi6ZEJfwxiglC7C'}), trying next provider…
2026-07-21T07:02:16.416020Z -> LLM Error in Generator: All LLM providers failed (non-rate-limit errors). Check API keys and quotas.
2026-07-21T07:02:16.805369Z   ✓ Q3/3 saved (bank now 5)
2026-07-21T07:02:18.805533Z [159/347] Bahasa Melayu — KOMSAS: Novel (English): generating 4 question(s)...
2026-07-21T07:02:18.805612Z --- RETRIEVING SYLLABUS & STUDENT HISTORY in parallel: KOMSAS: Novel ---
2026-07-21T07:02:19.179838Z -> Retrieved 2 textbook chunk(s), 6 DSKP chunk(s)
2026-07-21T07:02:19.180496Z --- GENERATING ADAPTIVE MCQ IN ENGLISH ---
2026-07-21T07:02:19.208441Z -> OpenRouter error (NotFoundError: Error code: 404 - {'error': {'message': 'This model is unavailable for free. The paid version is available now - use this slug instead: meta-llama/llama-3.3-70b-instruct', 'code': 404}, 'user_id': 'user_3FWg0Y7hFwr9mi6ZEJfwxiglC7C'}), trying next provider…
2026-07-21T07:02:19.208524Z -> LLM Error in Generator: All LLM providers failed (non-rate-limit errors). Check API keys and quotas.
2026-07-21T07:02:19.588987Z   ✓ Q1/4 saved (bank now 2)
2026-07-21T07:02:21.589257Z --- RETRIEVING SYLLABUS & STUDENT HISTORY in parallel: KOMSAS: Novel ---
2026-07-21T07:02:21.790373Z --- GENERATING ADAPTIVE MCQ IN ENGLISH ---
2026-07-21T07:02:21.810350Z -> OpenRouter error (NotFoundError: Error code: 404 - {'error': {'message': 'This model is unavailable for free. The paid version is available now - use this slug instead: meta-llama/llama-3.3-70b-instruct', 'code': 404}, 'user_id': 'user_3FWg0Y7hFwr9mi6ZEJfwxiglC7C'}), trying next provider…
2026-07-21T07:02:21.810406Z -> LLM Error in Generator: All LLM providers failed (non-rate-limit errors). Check API keys and quotas.
2026-07-21T07:02:22.185643Z   ✓ Q2/4 saved (bank now 3)
2026-07-21T07:02:24.185912Z --- RETRIEVING SYLLABUS & STUDENT HISTORY in parallel: KOMSAS: Novel ---
2026-07-21T07:02:24.360377Z --- GENERATING ADAPTIVE MCQ IN ENGLISH ---
2026-07-21T07:02:24.379372Z -> OpenRouter error (NotFoundError: Error code: 404 - {'error': {'message': 'This model is unavailable for free. The paid version is available now - use this slug instead: meta-llama/llama-3.3-70b-instruct', 'code': 404}, 'user_id': 'user_3FWg0Y7hFwr9mi6ZEJfwxiglC7C'}), trying next provider…
2026-07-21T07:02:24.379453Z -> LLM Error in Generator: All LLM providers failed (non-rate-limit errors). Check API keys and quotas.
2026-07-21T07:02:24.779575Z   ✓ Q3/4 saved (bank now 4)
2026-07-21T07:02:26.779769Z --- RETRIEVING SYLLABUS & STUDENT HISTORY in parallel: KOMSAS: Novel ---
2026-07-21T07:02:26.973611Z --- GENERATING ADAPTIVE MCQ IN ENGLISH ---
2026-07-21T07:02:28.405586Z   ✓ Q4/4 saved (bank now 5)
2026-07-21T07:02:30.405832Z [160/347] Bahasa Melayu — KOMSAS: Novel (Bahasa Melayu): generating 4 question(s)...
2026-07-21T07:02:30.405929Z --- RETRIEVING SYLLABUS & STUDENT HISTORY in parallel: KOMSAS: Novel ---
2026-07-21T07:02:30.599263Z --- GENERATING ADAPTIVE MCQ IN BAHASA MELAYU ---
2026-07-21T07:02:32.179505Z   ✓ Q1/4 saved (bank now 2)
2026-07-21T07:02:34.179655Z --- RETRIEVING SYLLABUS & STUDENT HISTORY in parallel: KOMSAS: Novel ---
2026-07-21T07:02:34.358073Z --- GENERATING ADAPTIVE MCQ IN BAHASA MELAYU ---
2026-07-21T07:02:35.731599Z   ✓ Q2/4 saved (bank now 3)
2026-07-21T07:02:37.731825Z --- RETRIEVING SYLLABUS & STUDENT HISTORY in parallel: KOMSAS: Novel ---
2026-07-21T07:02:37.918949Z --- GENERATING ADAPTIVE MCQ IN BAHASA MELAYU ---
2026-07-21T07:02:39.855223Z -> Cerebras: cooling for 65s.
2026-07-21T07:02:39.904289Z -> GroqCloud: cooling for 65s.
2026-07-21T07:02:39.945373Z -> OpenRouter error (NotFoundError: Error code: 404 - {'error': {'message': 'This model is unavailable for free. The paid version is available now - use this slug instead: meta-llama/llama-3.3-70b-instruct', 'code': 404}, 'user_id': 'user_3FWg0Y7hFwr9mi6ZEJfwxiglC7C'}), trying next provider…
2026-07-21T07:02:39.945478Z -> LLM Error in Generator: All LLM providers failed (non-rate-limit errors). Check API keys and quotas.
2026-07-21T07:02:40.310123Z   ✓ Q3/4 saved (bank now 4)
2026-07-21T07:02:42.310269Z --- RETRIEVING SYLLABUS & STUDENT HISTORY in parallel: KOMSAS: Novel ---
2026-07-21T07:02:42.495620Z --- GENERATING ADAPTIVE MCQ IN BAHASA MELAYU ---
2026-07-21T07:02:42.519134Z -> OpenRouter error (NotFoundError: Error code: 404 - {'error': {'message': 'This model is unavailable for free. The paid version is available now - use this slug instead: meta-llama/llama-3.3-70b-instruct', 'code': 404}, 'user_id': 'user_3FWg0Y7hFwr9mi6ZEJfwxiglC7C'}), trying next provider…
2026-07-21T07:02:42.519213Z -> LLM Error in Generator: All LLM providers failed (non-rate-limit errors). Check API keys and quotas.
2026-07-21T07:02:42.898042Z   ✓ Q4/4 saved (bank now 5)
2026-07-21T07:02:44.898266Z [161/347] Bahasa Melayu — KOMSAS: Prosa Tradisional (English): generating 5 question(s)...
2026-07-21T07:02:44.898378Z --- RETRIEVING SYLLABUS & STUDENT HISTORY in parallel: KOMSAS: Prosa Tradisional ---
2026-07-21T07:02:45.180467Z -> Retrieved 3 textbook chunk(s), 5 DSKP chunk(s)
2026-07-21T07:02:45.180903Z --- GENERATING ADAPTIVE MCQ IN ENGLISH ---
2026-07-21T07:02:45.206416Z -> OpenRouter error (NotFoundError: Error code: 404 - {'error': {'message': 'This model is unavailable for free. The paid version is available now - use this slug instead: meta-llama/llama-3.3-70b-instruct', 'code': 404}, 'user_id': 'user_3FWg0Y7hFwr9mi6ZEJfwxiglC7C'}), trying next provider…
2026-07-21T07:02:45.206473Z -> LLM Error in Generator: All LLM providers failed (non-rate-limit errors). Check API keys and quotas.
2026-07-21T07:02:45.569714Z   ✓ Q1/5 saved (bank now 1)
2026-07-21T07:02:47.569968Z --- RETRIEVING SYLLABUS & STUDENT HISTORY in parallel: KOMSAS: Prosa Tradisional ---
2026-07-21T07:02:47.754112Z --- GENERATING ADAPTIVE MCQ IN ENGLISH ---
2026-07-21T07:02:47.776294Z -> OpenRouter error (NotFoundError: Error code: 404 - {'error': {'message': 'This model is unavailable for free. The paid version is available now - use this slug instead: meta-llama/llama-3.3-70b-instruct', 'code': 404}, 'user_id': 'user_3FWg0Y7hFwr9mi6ZEJfwxiglC7C'}), trying next provider…
2026-07-21T07:02:47.776404Z -> LLM Error in Generator: All LLM providers failed (non-rate-limit errors). Check API keys and quotas.
2026-07-21T07:02:48.146197Z   ✓ Q2/5 saved (bank now 2)
2026-07-21T07:02:50.146512Z --- RETRIEVING SYLLABUS & STUDENT HISTORY in parallel: KOMSAS: Prosa Tradisional ---
2026-07-21T07:02:50.339209Z --- GENERATING ADAPTIVE MCQ IN ENGLISH ---
2026-07-21T07:02:50.361780Z -> OpenRouter error (NotFoundError: Error code: 404 - {'error': {'message': 'This model is unavailable for free. The paid version is available now - use this slug instead: meta-llama/llama-3.3-70b-instruct', 'code': 404}, 'user_id': 'user_3FWg0Y7hFwr9mi6ZEJfwxiglC7C'}), trying next provider…
2026-07-21T07:02:50.361866Z -> LLM Error in Generator: All LLM providers failed (non-rate-limit errors). Check API keys and quotas.
2026-07-21T07:02:50.729507Z   ✓ Q3/5 saved (bank now 3)
2026-07-21T07:02:52.729744Z --- RETRIEVING SYLLABUS & STUDENT HISTORY in parallel: KOMSAS: Prosa Tradisional ---
2026-07-21T07:02:52.913880Z --- GENERATING ADAPTIVE MCQ IN ENGLISH ---
2026-07-21T07:02:53.076638Z -> OpenRouter error (NotFoundError: Error code: 404 - {'error': {'message': 'This model is unavailable for free. The paid version is available now - use this slug instead: meta-llama/llama-3.3-70b-instruct', 'code': 404}, 'user_id': 'user_3FWg0Y7hFwr9mi6ZEJfwxiglC7C'}), trying next provider…
2026-07-21T07:02:53.076692Z -> LLM Error in Generator: All LLM providers failed (non-rate-limit errors). Check API keys and quotas.
2026-07-21T07:02:53.450117Z   ✓ Q4/5 saved (bank now 4)
2026-07-21T07:02:55.450365Z --- RETRIEVING SYLLABUS & STUDENT HISTORY in parallel: KOMSAS: Prosa Tradisional ---
2026-07-21T07:02:55.643457Z --- GENERATING ADAPTIVE MCQ IN ENGLISH ---
2026-07-21T07:02:55.667229Z -> OpenRouter error (NotFoundError: Error code: 404 - {'error': {'message': 'This model is unavailable for free. The paid version is available now - use this slug instead: meta-llama/llama-3.3-70b-instruct', 'code': 404}, 'user_id': 'user_3FWg0Y7hFwr9mi6ZEJfwxiglC7C'}), trying next provider…
2026-07-21T07:02:55.667347Z -> LLM Error in Generator: All LLM providers failed (non-rate-limit errors). Check API keys and quotas.
2026-07-21T07:02:56.046945Z   ✓ Q5/5 saved (bank now 5)
2026-07-21T07:02:58.047097Z [162/347] Bahasa Melayu — KOMSAS: Prosa Tradisional (Bahasa Melayu): generating 2 question(s)...
2026-07-21T07:02:58.047160Z --- RETRIEVING SYLLABUS & STUDENT HISTORY in parallel: KOMSAS: Prosa Tradisional ---
2026-07-21T07:02:58.236880Z --- GENERATING ADAPTIVE MCQ IN BAHASA MELAYU ---
2026-07-21T07:02:58.267787Z -> OpenRouter error (NotFoundError: Error code: 404 - {'error': {'message': 'This model is unavailable for free. The paid version is available now - use this slug instead: meta-llama/llama-3.3-70b-instruct', 'code': 404}, 'user_id': 'user_3FWg0Y7hFwr9mi6ZEJfwxiglC7C'}), trying next provider…
2026-07-21T07:02:58.267872Z -> LLM Error in Generator: All LLM providers failed (non-rate-limit errors). Check API keys and quotas.
2026-07-21T07:02:58.656373Z   ✓ Q1/2 saved (bank now 4)
2026-07-21T07:03:00.656570Z --- RETRIEVING SYLLABUS & STUDENT HISTORY in parallel: KOMSAS: Prosa Tradisional ---
2026-07-21T07:03:00.845007Z --- GENERATING ADAPTIVE MCQ IN BAHASA MELAYU ---
2026-07-21T07:03:00.879984Z -> OpenRouter error (NotFoundError: Error code: 404 - {'error': {'message': 'This model is unavailable for free. The paid version is available now - use this slug instead: meta-llama/llama-3.3-70b-instruct', 'code': 404}, 'user_id': 'user_3FWg0Y7hFwr9mi6ZEJfwxiglC7C'}), trying next provider…
2026-07-21T07:03:00.880027Z -> LLM Error in Generator: All LLM providers failed (non-rate-limit errors). Check API keys and quotas.
2026-07-21T07:03:01.263460Z   ✓ Q2/2 saved (bank now 5)
2026-07-21T07:03:03.263796Z [163/347] Bahasa Melayu — KOMSAS: Puisi Tradisional (English): generating 4 question(s)...
2026-07-21T07:03:03.263916Z --- RETRIEVING SYLLABUS & STUDENT HISTORY in parallel: KOMSAS: Puisi Tradisional ---
2026-07-21T07:03:03.873952Z -> Retrieved 4 textbook chunk(s), 4 DSKP chunk(s)
2026-07-21T07:03:03.874223Z --- GENERATING ADAPTIVE MCQ IN ENGLISH ---
2026-07-21T07:03:03.910000Z -> OpenRouter error (NotFoundError: Error code: 404 - {'error': {'message': 'This model is unavailable for free. The paid version is available now - use this slug instead: meta-llama/llama-3.3-70b-instruct', 'code': 404}, 'user_id': 'user_3FWg0Y7hFwr9mi6ZEJfwxiglC7C'}), trying next provider…
2026-07-21T07:03:03.910062Z -> LLM Error in Generator: All LLM providers failed (non-rate-limit errors). Check API keys and quotas.
2026-07-21T07:03:04.278781Z   ✓ Q1/4 saved (bank now 2)
2026-07-21T07:03:06.279090Z --- RETRIEVING SYLLABUS & STUDENT HISTORY in parallel: KOMSAS: Puisi Tradisional ---
2026-07-21T07:03:06.503557Z --- GENERATING ADAPTIVE MCQ IN ENGLISH ---
2026-07-21T07:03:06.521069Z -> OpenRouter error (NotFoundError: Error code: 404 - {'error': {'message': 'This model is unavailable for free. The paid version is available now - use this slug instead: meta-llama/llama-3.3-70b-instruct', 'code': 404}, 'user_id': 'user_3FWg0Y7hFwr9mi6ZEJfwxiglC7C'}), trying next provider…
2026-07-21T07:03:06.521147Z -> LLM Error in Generator: All LLM providers failed (non-rate-limit errors). Check API keys and quotas.
2026-07-21T07:03:06.879771Z   ✓ Q2/4 saved (bank now 3)
2026-07-21T07:03:08.880026Z --- RETRIEVING SYLLABUS & STUDENT HISTORY in parallel: KOMSAS: Puisi Tradisional ---
2026-07-21T07:03:09.060587Z --- GENERATING ADAPTIVE MCQ IN ENGLISH ---
2026-07-21T07:03:09.079722Z -> OpenRouter error (NotFoundError: Error code: 404 - {'error': {'message': 'This model is unavailable for free. The paid version is available now - use this slug instead: meta-llama/llama-3.3-70b-instruct', 'code': 404}, 'user_id': 'user_3FWg0Y7hFwr9mi6ZEJfwxiglC7C'}), trying next provider…
2026-07-21T07:03:09.079772Z -> LLM Error in Generator: All LLM providers failed (non-rate-limit errors). Check API keys and quotas.
2026-07-21T07:03:09.448510Z   ✓ Q3/4 saved (bank now 4)
2026-07-21T07:03:11.448728Z --- RETRIEVING SYLLABUS & STUDENT HISTORY in parallel: KOMSAS: Puisi Tradisional ---
2026-07-21T07:03:11.645500Z --- GENERATING ADAPTIVE MCQ IN ENGLISH ---
2026-07-21T07:03:11.685209Z -> OpenRouter error (NotFoundError: Error code: 404 - {'error': {'message': 'This model is unavailable for free. The paid version is available now - use this slug instead: meta-llama/llama-3.3-70b-instruct', 'code': 404}, 'user_id': 'user_3FWg0Y7hFwr9mi6ZEJfwxiglC7C'}), trying next provider…
2026-07-21T07:03:11.685286Z -> LLM Error in Generator: All LLM providers failed (non-rate-limit errors). Check API keys and quotas.
2026-07-21T07:03:12.059620Z   ✓ Q4/4 saved (bank now 5)
2026-07-21T07:03:14.059938Z [164/347] Bahasa Melayu — KOMSAS: Puisi Tradisional (Bahasa Melayu): generating 4 question(s)...
2026-07-21T07:03:14.060022Z --- RETRIEVING SYLLABUS & STUDENT HISTORY in parallel: KOMSAS: Puisi Tradisional ---
2026-07-21T07:03:14.247273Z --- GENERATING ADAPTIVE MCQ IN BAHASA MELAYU ---
2026-07-21T07:03:14.275755Z -> OpenRouter error (NotFoundError: Error code: 404 - {'error': {'message': 'This model is unavailable for free. The paid version is available now - use this slug instead: meta-llama/llama-3.3-70b-instruct', 'code': 404}, 'user_id': 'user_3FWg0Y7hFwr9mi6ZEJfwxiglC7C'}), trying next provider…
2026-07-21T07:03:14.275852Z -> LLM Error in Generator: All LLM providers failed (non-rate-limit errors). Check API keys and quotas.
2026-07-21T07:03:14.651552Z   ✓ Q1/4 saved (bank now 2)
2026-07-21T07:03:16.651737Z --- RETRIEVING SYLLABUS & STUDENT HISTORY in parallel: KOMSAS: Puisi Tradisional ---
2026-07-21T07:03:16.847775Z --- GENERATING ADAPTIVE MCQ IN BAHASA MELAYU ---
2026-07-21T07:03:16.868969Z -> OpenRouter error (NotFoundError: Error code: 404 - {'error': {'message': 'This model is unavailable for free. The paid version is available now - use this slug instead: meta-llama/llama-3.3-70b-instruct', 'code': 404}, 'user_id': 'user_3FWg0Y7hFwr9mi6ZEJfwxiglC7C'}), trying next provider…
2026-07-21T07:03:16.869042Z -> LLM Error in Generator: All LLM providers failed (non-rate-limit errors). Check API keys and quotas.
2026-07-21T07:03:17.236235Z   ✓ Q2/4 saved (bank now 3)
2026-07-21T07:03:19.236529Z --- RETRIEVING SYLLABUS & STUDENT HISTORY in parallel: KOMSAS: Puisi Tradisional ---
2026-07-21T07:03:19.433905Z --- GENERATING ADAPTIVE MCQ IN BAHASA MELAYU ---
2026-07-21T07:03:19.455881Z -> OpenRouter error (NotFoundError: Error code: 404 - {'error': {'message': 'This model is unavailable for free. The paid version is available now - use this slug instead: meta-llama/llama-3.3-70b-instruct', 'code': 404}, 'user_id': 'user_3FWg0Y7hFwr9mi6ZEJfwxiglC7C'}), trying next provider…
2026-07-21T07:03:19.455963Z -> LLM Error in Generator: All LLM providers failed (non-rate-limit errors). Check API keys and quotas.
2026-07-21T07:03:19.819761Z   ✓ Q3/4 saved (bank now 4)
2026-07-21T07:03:21.820065Z --- RETRIEVING SYLLABUS & STUDENT HISTORY in parallel: KOMSAS: Puisi Tradisional ---
2026-07-21T07:03:22.013700Z --- GENERATING ADAPTIVE MCQ IN BAHASA MELAYU ---
2026-07-21T07:03:22.034851Z -> OpenRouter error (NotFoundError: Error code: 404 - {'error': {'message': 'This model is unavailable for free. The paid version is available now - use this slug instead: meta-llama/llama-3.3-70b-instruct', 'code': 404}, 'user_id': 'user_3FWg0Y7hFwr9mi6ZEJfwxiglC7C'}), trying next provider…
2026-07-21T07:03:22.034930Z -> LLM Error in Generator: All LLM providers failed (non-rate-limit errors). Check API keys and quotas.
2026-07-21T07:03:22.401374Z   ✓ Q4/4 saved (bank now 5)
2026-07-21T07:03:24.401483Z [165/347] Bahasa Melayu — KOMSAS: Puisi Moden (English): generating 4 question(s)...
2026-07-21T07:03:24.401535Z --- RETRIEVING SYLLABUS & STUDENT HISTORY in parallel: KOMSAS: Puisi Moden ---
2026-07-21T07:03:24.724207Z -> Retrieved 5 textbook chunk(s), 3 DSKP chunk(s)
2026-07-21T07:03:24.725348Z --- GENERATING ADAPTIVE MCQ IN ENGLISH ---
2026-07-21T07:03:24.763345Z -> OpenRouter error (NotFoundError: Error code: 404 - {'error': {'message': 'This model is unavailable for free. The paid version is available now - use this slug instead: meta-llama/llama-3.3-70b-instruct', 'code': 404}, 'user_id': 'user_3FWg0Y7hFwr9mi6ZEJfwxiglC7C'}), trying next provider…
2026-07-21T07:03:24.763398Z -> LLM Error in Generator: All LLM providers failed (non-rate-limit errors). Check API keys and quotas.
2026-07-21T07:03:25.187590Z   ✓ Q1/4 saved (bank now 2)
2026-07-21T07:03:27.187775Z --- RETRIEVING SYLLABUS & STUDENT HISTORY in parallel: KOMSAS: Puisi Moden ---
2026-07-21T07:03:27.388667Z --- GENERATING ADAPTIVE MCQ IN ENGLISH ---
2026-07-21T07:03:27.412538Z -> OpenRouter error (NotFoundError: Error code: 404 - {'error': {'message': 'This model is unavailable for free. The paid version is available now - use this slug instead: meta-llama/llama-3.3-70b-instruct', 'code': 404}, 'user_id': 'user_3FWg0Y7hFwr9mi6ZEJfwxiglC7C'}), trying next provider…
2026-07-21T07:03:27.412607Z -> LLM Error in Generator: All LLM providers failed (non-rate-limit errors). Check API keys and quotas.
2026-07-21T07:03:27.782636Z   ✓ Q2/4 saved (bank now 3)
2026-07-21T07:03:29.783001Z --- RETRIEVING SYLLABUS & STUDENT HISTORY in parallel: KOMSAS: Puisi Moden ---
2026-07-21T07:03:29.966480Z --- GENERATING ADAPTIVE MCQ IN ENGLISH ---
2026-07-21T07:03:29.996786Z -> OpenRouter error (NotFoundError: Error code: 404 - {'error': {'message': 'This model is unavailable for free. The paid version is available now - use this slug instead: meta-llama/llama-3.3-70b-instruct', 'code': 404}, 'user_id': 'user_3FWg0Y7hFwr9mi6ZEJfwxiglC7C'}), trying next provider…
2026-07-21T07:03:29.996878Z -> LLM Error in Generator: All LLM providers failed (non-rate-limit errors). Check API keys and quotas.
2026-07-21T07:03:30.368189Z   ✓ Q3/4 saved (bank now 4)
2026-07-21T07:03:32.368459Z --- RETRIEVING SYLLABUS & STUDENT HISTORY in parallel: KOMSAS: Puisi Moden ---
2026-07-21T07:03:32.558360Z --- GENERATING ADAPTIVE MCQ IN ENGLISH ---
2026-07-21T07:03:32.580371Z -> OpenRouter error (NotFoundError: Error code: 404 - {'error': {'message': 'This model is unavailable for free. The paid version is available now - use this slug instead: meta-llama/llama-3.3-70b-instruct', 'code': 404}, 'user_id': 'user_3FWg0Y7hFwr9mi6ZEJfwxiglC7C'}), trying next provider…
2026-07-21T07:03:32.580446Z -> LLM Error in Generator: All LLM providers failed (non-rate-limit errors). Check API keys and quotas.
2026-07-21T07:03:32.953115Z   ✓ Q4/4 saved (bank now 5)
2026-07-21T07:03:34.953414Z [166/347] Bahasa Melayu — KOMSAS: Puisi Moden (Bahasa Melayu): generating 4 question(s)...
2026-07-21T07:03:34.953522Z --- RETRIEVING SYLLABUS & STUDENT HISTORY in parallel: KOMSAS: Puisi Moden ---
2026-07-21T07:03:35.152277Z --- GENERATING ADAPTIVE MCQ IN BAHASA MELAYU ---
2026-07-21T07:03:35.186423Z -> OpenRouter error (NotFoundError: Error code: 404 - {'error': {'message': 'This model is unavailable for free. The paid version is available now - use this slug instead: meta-llama/llama-3.3-70b-instruct', 'code': 404}, 'user_id': 'user_3FWg0Y7hFwr9mi6ZEJfwxiglC7C'}), trying next provider…
2026-07-21T07:03:35.186494Z -> LLM Error in Generator: All LLM providers failed (non-rate-limit errors). Check API keys and quotas.
2026-07-21T07:03:35.583211Z   ✓ Q1/4 saved (bank now 2)
2026-07-21T07:03:37.583556Z --- RETRIEVING SYLLABUS & STUDENT HISTORY in parallel: KOMSAS: Puisi Moden ---
2026-07-21T07:03:37.835249Z --- GENERATING ADAPTIVE MCQ IN BAHASA MELAYU ---
2026-07-21T07:03:37.856897Z -> OpenRouter error (NotFoundError: Error code: 404 - {'error': {'message': 'This model is unavailable for free. The paid version is available now - use this slug instead: meta-llama/llama-3.3-70b-instruct', 'code': 404}, 'user_id': 'user_3FWg0Y7hFwr9mi6ZEJfwxiglC7C'}), trying next provider…
2026-07-21T07:03:37.856956Z -> LLM Error in Generator: All LLM providers failed (non-rate-limit errors). Check API keys and quotas.
2026-07-21T07:03:38.237757Z   ✓ Q2/4 saved (bank now 3)
2026-07-21T07:03:40.237938Z --- RETRIEVING SYLLABUS & STUDENT HISTORY in parallel: KOMSAS: Puisi Moden ---
2026-07-21T07:03:40.427516Z --- GENERATING ADAPTIVE MCQ IN BAHASA MELAYU ---
2026-07-21T07:03:40.467144Z -> OpenRouter error (NotFoundError: Error code: 404 - {'error': {'message': 'This model is unavailable for free. The paid version is available now - use this slug instead: meta-llama/llama-3.3-70b-instruct', 'code': 404}, 'user_id': 'user_3FWg0Y7hFwr9mi6ZEJfwxiglC7C'}), trying next provider…
2026-07-21T07:03:40.467209Z -> LLM Error in Generator: All LLM providers failed (non-rate-limit errors). Check API keys and quotas.
2026-07-21T07:03:40.849137Z   ✓ Q3/4 saved (bank now 4)
2026-07-21T07:03:42.849377Z --- RETRIEVING SYLLABUS & STUDENT HISTORY in parallel: KOMSAS: Puisi Moden ---
2026-07-21T07:03:43.026651Z --- GENERATING ADAPTIVE MCQ IN BAHASA MELAYU ---
2026-07-21T07:03:43.047742Z -> OpenRouter error (NotFoundError: Error code: 404 - {'error': {'message': 'This model is unavailable for free. The paid version is available now - use this slug instead: meta-llama/llama-3.3-70b-instruct', 'code': 404}, 'user_id': 'user_3FWg0Y7hFwr9mi6ZEJfwxiglC7C'}), trying next provider…
2026-07-21T07:03:43.047847Z -> LLM Error in Generator: All LLM providers failed (non-rate-limit errors). Check API keys and quotas.
2026-07-21T07:03:43.428380Z   ✓ Q4/4 saved (bank now 5)
2026-07-21T07:03:45.428571Z [167/347] Bahasa Melayu — KOMSAS: Drama (English): generating 4 question(s)...
2026-07-21T07:03:45.428649Z --- RETRIEVING SYLLABUS & STUDENT HISTORY in parallel: KOMSAS: Drama ---
2026-07-21T07:03:45.698400Z -> Retrieved 3 textbook chunk(s), 5 DSKP chunk(s)
2026-07-21T07:03:45.699205Z --- GENERATING ADAPTIVE MCQ IN ENGLISH ---
2026-07-21T07:03:47.011938Z   ✓ Q1/4 saved (bank now 2)
2026-07-21T07:03:49.012232Z --- RETRIEVING SYLLABUS & STUDENT HISTORY in parallel: KOMSAS: Drama ---
2026-07-21T07:03:49.190569Z --- GENERATING ADAPTIVE MCQ IN ENGLISH ---
2026-07-21T07:03:50.582887Z   ✓ Q2/4 saved (bank now 3)
2026-07-21T07:03:52.583162Z --- RETRIEVING SYLLABUS & STUDENT HISTORY in parallel: KOMSAS: Drama ---
2026-07-21T07:03:52.774240Z --- GENERATING ADAPTIVE MCQ IN ENGLISH ---
2026-07-21T07:03:54.085019Z   ✓ Q3/4 saved (bank now 4)
2026-07-21T07:03:56.085224Z --- RETRIEVING SYLLABUS & STUDENT HISTORY in parallel: KOMSAS: Drama ---
2026-07-21T07:03:56.273221Z --- GENERATING ADAPTIVE MCQ IN ENGLISH ---
2026-07-21T07:03:57.882163Z -> Cerebras: cooling for 65s.
2026-07-21T07:03:57.926531Z -> GroqCloud: cooling for 65s.
2026-07-21T07:03:57.982928Z -> OpenRouter error (NotFoundError: Error code: 404 - {'error': {'message': 'This model is unavailable for free. The paid version is available now - use this slug instead: meta-llama/llama-3.3-70b-instruct', 'code': 404}, 'user_id': 'user_3FWg0Y7hFwr9mi6ZEJfwxiglC7C'}), trying next provider…
2026-07-21T07:03:57.983019Z -> LLM Error in Generator: All LLM providers failed (non-rate-limit errors). Check API keys and quotas.
2026-07-21T07:03:58.381004Z   ✓ Q4/4 saved (bank now 5)
2026-07-21T07:04:00.381300Z [168/347] Bahasa Melayu — KOMSAS: Drama (Bahasa Melayu): generating 4 question(s)...
2026-07-21T07:04:00.381445Z --- RETRIEVING SYLLABUS & STUDENT HISTORY in parallel: KOMSAS: Drama ---
2026-07-21T07:04:00.562393Z --- GENERATING ADAPTIVE MCQ IN BAHASA MELAYU ---
2026-07-21T07:04:00.586711Z -> OpenRouter error (NotFoundError: Error code: 404 - {'error': {'message': 'This model is unavailable for free. The paid version is available now - use this slug instead: meta-llama/llama-3.3-70b-instruct', 'code': 404}, 'user_id': 'user_3FWg0Y7hFwr9mi6ZEJfwxiglC7C'}), trying next provider…
2026-07-21T07:04:00.586826Z -> LLM Error in Generator: All LLM providers failed (non-rate-limit errors). Check API keys and quotas.
2026-07-21T07:04:00.963447Z   ✓ Q1/4 saved (bank now 2)
2026-07-21T07:04:02.963728Z --- RETRIEVING SYLLABUS & STUDENT HISTORY in parallel: KOMSAS: Drama ---
2026-07-21T07:04:03.151721Z --- GENERATING ADAPTIVE MCQ IN BAHASA MELAYU ---
2026-07-21T07:04:03.181563Z -> OpenRouter error (NotFoundError: Error code: 404 - {'error': {'message': 'This model is unavailable for free. The paid version is available now - use this slug instead: meta-llama/llama-3.3-70b-instruct', 'code': 404}, 'user_id': 'user_3FWg0Y7hFwr9mi6ZEJfwxiglC7C'}), trying next provider…
2026-07-21T07:04:03.181634Z -> LLM Error in Generator: All LLM providers failed (non-rate-limit errors). Check API keys and quotas.
2026-07-21T07:04:03.549086Z   ✓ Q2/4 saved (bank now 3)
2026-07-21T07:04:05.549381Z --- RETRIEVING SYLLABUS & STUDENT HISTORY in parallel: KOMSAS: Drama ---
2026-07-21T07:04:05.738355Z --- GENERATING ADAPTIVE MCQ IN BAHASA MELAYU ---
2026-07-21T07:04:05.761186Z -> OpenRouter error (NotFoundError: Error code: 404 - {'error': {'message': 'This model is unavailable for free. The paid version is available now - use this slug instead: meta-llama/llama-3.3-70b-instruct', 'code': 404}, 'user_id': 'user_3FWg0Y7hFwr9mi6ZEJfwxiglC7C'}), trying next provider…
2026-07-21T07:04:05.761267Z -> LLM Error in Generator: All LLM providers failed (non-rate-limit errors). Check API keys and quotas.
2026-07-21T07:04:06.145162Z   ✓ Q3/4 saved (bank now 4)
2026-07-21T07:04:08.145488Z --- RETRIEVING SYLLABUS & STUDENT HISTORY in parallel: KOMSAS: Drama ---
2026-07-21T07:04:08.344132Z --- GENERATING ADAPTIVE MCQ IN BAHASA MELAYU ---
2026-07-21T07:04:08.367366Z -> OpenRouter error (NotFoundError: Error code: 404 - {'error': {'message': 'This model is unavailable for free. The paid version is available now - use this slug instead: meta-llama/llama-3.3-70b-instruct', 'code': 404}, 'user_id': 'user_3FWg0Y7hFwr9mi6ZEJfwxiglC7C'}), trying next provider…
2026-07-21T07:04:08.367411Z -> LLM Error in Generator: All LLM providers failed (non-rate-limit errors). Check API keys and quotas.
2026-07-21T07:04:08.736269Z   ✓ Q4/4 saved (bank now 5)
2026-07-21T07:04:10.736492Z [169/347] Bahasa Melayu — Tatabahasa dan Peribahasa (English): generating 4 question(s)...
2026-07-21T07:04:10.736583Z --- RETRIEVING SYLLABUS & STUDENT HISTORY in parallel: Tatabahasa dan Peribahasa ---
2026-07-21T07:04:11.195778Z -> Retrieved 0 textbook chunk(s), 8 DSKP chunk(s)
2026-07-21T07:04:11.196451Z --- GENERATING ADAPTIVE MCQ IN ENGLISH ---
2026-07-21T07:04:11.226226Z -> OpenRouter error (NotFoundError: Error code: 404 - {'error': {'message': 'This model is unavailable for free. The paid version is available now - use this slug instead: meta-llama/llama-3.3-70b-instruct', 'code': 404}, 'user_id': 'user_3FWg0Y7hFwr9mi6ZEJfwxiglC7C'}), trying next provider…
2026-07-21T07:04:11.226286Z -> LLM Error in Generator: All LLM providers failed (non-rate-limit errors). Check API keys and quotas.
2026-07-21T07:04:11.607514Z   ✓ Q1/4 saved (bank now 2)
2026-07-21T07:04:13.607732Z --- RETRIEVING SYLLABUS & STUDENT HISTORY in parallel: Tatabahasa dan Peribahasa ---
2026-07-21T07:04:13.796337Z --- GENERATING ADAPTIVE MCQ IN ENGLISH ---
2026-07-21T07:04:13.815215Z -> OpenRouter error (NotFoundError: Error code: 404 - {'error': {'message': 'This model is unavailable for free. The paid version is available now - use this slug instead: meta-llama/llama-3.3-70b-instruct', 'code': 404}, 'user_id': 'user_3FWg0Y7hFwr9mi6ZEJfwxiglC7C'}), trying next provider…
2026-07-21T07:04:13.815278Z -> LLM Error in Generator: All LLM providers failed (non-rate-limit errors). Check API keys and quotas.
2026-07-21T07:04:14.200971Z   ✓ Q2/4 saved (bank now 3)
2026-07-21T07:04:16.201260Z --- RETRIEVING SYLLABUS & STUDENT HISTORY in parallel: Tatabahasa dan Peribahasa ---
2026-07-21T07:04:16.402265Z --- GENERATING ADAPTIVE MCQ IN ENGLISH ---
2026-07-21T07:04:16.419638Z -> OpenRouter error (NotFoundError: Error code: 404 - {'error': {'message': 'This model is unavailable for free. The paid version is available now - use this slug instead: meta-llama/llama-3.3-70b-instruct', 'code': 404}, 'user_id': 'user_3FWg0Y7hFwr9mi6ZEJfwxiglC7C'}), trying next provider…
2026-07-21T07:04:16.419726Z -> LLM Error in Generator: All LLM providers failed (non-rate-limit errors). Check API keys and quotas.
2026-07-21T07:04:16.878177Z   ✓ Q3/4 saved (bank now 4)
2026-07-21T07:04:18.878489Z --- RETRIEVING SYLLABUS & STUDENT HISTORY in parallel: Tatabahasa dan Peribahasa ---
2026-07-21T07:04:19.120105Z --- GENERATING ADAPTIVE MCQ IN ENGLISH ---
2026-07-21T07:04:19.139860Z -> OpenRouter error (NotFoundError: Error code: 404 - {'error': {'message': 'This model is unavailable for free. The paid version is available now - use this slug instead: meta-llama/llama-3.3-70b-instruct', 'code': 404}, 'user_id': 'user_3FWg0Y7hFwr9mi6ZEJfwxiglC7C'}), trying next provider…
2026-07-21T07:04:19.139933Z -> LLM Error in Generator: All LLM providers failed (non-rate-limit errors). Check API keys and quotas.
2026-07-21T07:04:19.508994Z   ✓ Q4/4 saved (bank now 5)
2026-07-21T07:04:21.509257Z [170/347] Bahasa Melayu — Tatabahasa dan Peribahasa (Bahasa Melayu): generating 3 question(s)...
2026-07-21T07:04:21.509386Z --- RETRIEVING SYLLABUS & STUDENT HISTORY in parallel: Tatabahasa dan Peribahasa ---
2026-07-21T07:04:21.704901Z --- GENERATING ADAPTIVE MCQ IN BAHASA MELAYU ---
2026-07-21T07:04:21.723222Z -> OpenRouter error (NotFoundError: Error code: 404 - {'error': {'message': 'This model is unavailable for free. The paid version is available now - use this slug instead: meta-llama/llama-3.3-70b-instruct', 'code': 404}, 'user_id': 'user_3FWg0Y7hFwr9mi6ZEJfwxiglC7C'}), trying next provider…
2026-07-21T07:04:21.723356Z -> LLM Error in Generator: All LLM providers failed (non-rate-limit errors). Check API keys and quotas.
2026-07-21T07:04:22.129219Z   ✓ Q1/3 saved (bank now 3)
2026-07-21T07:04:24.129437Z --- RETRIEVING SYLLABUS & STUDENT HISTORY in parallel: Tatabahasa dan Peribahasa ---
2026-07-21T07:04:24.315151Z --- GENERATING ADAPTIVE MCQ IN BAHASA MELAYU ---
2026-07-21T07:04:24.340842Z -> OpenRouter error (NotFoundError: Error code: 404 - {'error': {'message': 'This model is unavailable for free. The paid version is available now - use this slug instead: meta-llama/llama-3.3-70b-instruct', 'code': 404}, 'user_id': 'user_3FWg0Y7hFwr9mi6ZEJfwxiglC7C'}), trying next provider…
2026-07-21T07:04:24.340913Z -> LLM Error in Generator: All LLM providers failed (non-rate-limit errors). Check API keys and quotas.
2026-07-21T07:04:24.719437Z   ✓ Q2/3 saved (bank now 4)
2026-07-21T07:04:26.719645Z --- RETRIEVING SYLLABUS & STUDENT HISTORY in parallel: Tatabahasa dan Peribahasa ---
2026-07-21T07:04:26.910743Z --- GENERATING ADAPTIVE MCQ IN BAHASA MELAYU ---
2026-07-21T07:04:26.933189Z -> OpenRouter error (NotFoundError: Error code: 404 - {'error': {'message': 'This model is unavailable for free. The paid version is available now - use this slug instead: meta-llama/llama-3.3-70b-instruct', 'code': 404}, 'user_id': 'user_3FWg0Y7hFwr9mi6ZEJfwxiglC7C'}), trying next provider…
2026-07-21T07:04:26.933272Z -> LLM Error in Generator: All LLM providers failed (non-rate-limit errors). Check API keys and quotas.
2026-07-21T07:04:27.302815Z   ✓ Q3/3 saved (bank now 5)
2026-07-21T07:04:29.303052Z [171/347] Bahasa Melayu — Penulisan Karangan (English): generating 5 question(s)...
2026-07-21T07:04:29.303135Z --- RETRIEVING SYLLABUS & STUDENT HISTORY in parallel: Penulisan Karangan ---
2026-07-21T07:04:29.827050Z -> Retrieved 0 textbook chunk(s), 8 DSKP chunk(s)
2026-07-21T07:04:29.827606Z --- GENERATING ADAPTIVE MCQ IN ENGLISH ---
2026-07-21T07:04:29.879968Z -> OpenRouter error (NotFoundError: Error code: 404 - {'error': {'message': 'This model is unavailable for free. The paid version is available now - use this slug instead: meta-llama/llama-3.3-70b-instruct', 'code': 404}, 'user_id': 'user_3FWg0Y7hFwr9mi6ZEJfwxiglC7C'}), trying next provider…
2026-07-21T07:04:29.880027Z -> LLM Error in Generator: All LLM providers failed (non-rate-limit errors). Check API keys and quotas.
2026-07-21T07:04:30.532519Z   ✓ Q1/5 saved (bank now 1)
2026-07-21T07:04:32.532773Z --- RETRIEVING SYLLABUS & STUDENT HISTORY in parallel: Penulisan Karangan ---
2026-07-21T07:04:32.719359Z --- GENERATING ADAPTIVE MCQ IN ENGLISH ---
2026-07-21T07:04:32.755972Z -> OpenRouter error (NotFoundError: Error code: 404 - {'error': {'message': 'This model is unavailable for free. The paid version is available now - use this slug instead: meta-llama/llama-3.3-70b-instruct', 'code': 404}, 'user_id': 'user_3FWg0Y7hFwr9mi6ZEJfwxiglC7C'}), trying next provider…
2026-07-21T07:04:32.756054Z -> LLM Error in Generator: All LLM providers failed (non-rate-limit errors). Check API keys and quotas.
2026-07-21T07:04:33.130897Z   ✓ Q2/5 saved (bank now 2)
2026-07-21T07:04:35.131055Z --- RETRIEVING SYLLABUS & STUDENT HISTORY in parallel: Penulisan Karangan ---
2026-07-21T07:04:35.316392Z --- GENERATING ADAPTIVE MCQ IN ENGLISH ---
2026-07-21T07:04:35.335081Z -> OpenRouter error (NotFoundError: Error code: 404 - {'error': {'message': 'This model is unavailable for free. The paid version is available now - use this slug instead: meta-llama/llama-3.3-70b-instruct', 'code': 404}, 'user_id': 'user_3FWg0Y7hFwr9mi6ZEJfwxiglC7C'}), trying next provider…
2026-07-21T07:04:35.335182Z -> LLM Error in Generator: All LLM providers failed (non-rate-limit errors). Check API keys and quotas.
2026-07-21T07:04:35.702261Z   ✓ Q3/5 saved (bank now 3)
2026-07-21T07:04:37.702431Z --- RETRIEVING SYLLABUS & STUDENT HISTORY in parallel: Penulisan Karangan ---
2026-07-21T07:04:37.886144Z --- GENERATING ADAPTIVE MCQ IN ENGLISH ---
2026-07-21T07:04:37.904446Z -> OpenRouter error (NotFoundError: Error code: 404 - {'error': {'message': 'This model is unavailable for free. The paid version is available now - use this slug instead: meta-llama/llama-3.3-70b-instruct', 'code': 404}, 'user_id': 'user_3FWg0Y7hFwr9mi6ZEJfwxiglC7C'}), trying next provider…
2026-07-21T07:04:37.904497Z -> LLM Error in Generator: All LLM providers failed (non-rate-limit errors). Check API keys and quotas.
2026-07-21T07:04:38.274627Z   ✓ Q4/5 saved (bank now 4)
2026-07-21T07:04:40.274886Z --- RETRIEVING SYLLABUS & STUDENT HISTORY in parallel: Penulisan Karangan ---
2026-07-21T07:04:40.465548Z --- GENERATING ADAPTIVE MCQ IN ENGLISH ---
2026-07-21T07:04:40.482782Z -> OpenRouter error (NotFoundError: Error code: 404 - {'error': {'message': 'This model is unavailable for free. The paid version is available now - use this slug instead: meta-llama/llama-3.3-70b-instruct', 'code': 404}, 'user_id': 'user_3FWg0Y7hFwr9mi6ZEJfwxiglC7C'}), trying next provider…
2026-07-21T07:04:40.482868Z -> LLM Error in Generator: All LLM providers failed (non-rate-limit errors). Check API keys and quotas.
2026-07-21T07:04:40.852894Z   ✓ Q5/5 saved (bank now 5)
2026-07-21T07:04:42.853106Z [172/347] Bahasa Melayu — Penulisan Karangan (Bahasa Melayu): generating 5 question(s)...
2026-07-21T07:04:42.853203Z --- RETRIEVING SYLLABUS & STUDENT HISTORY in parallel: Penulisan Karangan ---
2026-07-21T07:04:43.038260Z --- GENERATING ADAPTIVE MCQ IN BAHASA MELAYU ---
2026-07-21T07:04:43.099356Z -> OpenRouter error (NotFoundError: Error code: 404 - {'error': {'message': 'This model is unavailable for free. The paid version is available now - use this slug instead: meta-llama/llama-3.3-70b-instruct', 'code': 404}, 'user_id': 'user_3FWg0Y7hFwr9mi6ZEJfwxiglC7C'}), trying next provider…
2026-07-21T07:04:43.099441Z -> LLM Error in Generator: All LLM providers failed (non-rate-limit errors). Check API keys and quotas.
2026-07-21T07:04:43.481511Z   ✓ Q1/5 saved (bank now 1)
2026-07-21T07:04:45.481688Z --- RETRIEVING SYLLABUS & STUDENT HISTORY in parallel: Penulisan Karangan ---
2026-07-21T07:04:45.665487Z --- GENERATING ADAPTIVE MCQ IN BAHASA MELAYU ---
2026-07-21T07:04:45.685710Z -> OpenRouter error (NotFoundError: Error code: 404 - {'error': {'message': 'This model is unavailable for free. The paid version is available now - use this slug instead: meta-llama/llama-3.3-70b-instruct', 'code': 404}, 'user_id': 'user_3FWg0Y7hFwr9mi6ZEJfwxiglC7C'}), trying next provider…
2026-07-21T07:04:45.685774Z -> LLM Error in Generator: All LLM providers failed (non-rate-limit errors). Check API keys and quotas.
2026-07-21T07:04:46.059757Z   ✓ Q2/5 saved (bank now 2)
2026-07-21T07:04:48.060088Z --- RETRIEVING SYLLABUS & STUDENT HISTORY in parallel: Penulisan Karangan ---
2026-07-21T07:04:48.244249Z --- GENERATING ADAPTIVE MCQ IN BAHASA MELAYU ---
2026-07-21T07:04:48.261578Z -> OpenRouter error (NotFoundError: Error code: 404 - {'error': {'message': 'This model is unavailable for free. The paid version is available now - use this slug instead: meta-llama/llama-3.3-70b-instruct', 'code': 404}, 'user_id': 'user_3FWg0Y7hFwr9mi6ZEJfwxiglC7C'}), trying next provider…
2026-07-21T07:04:48.261655Z -> LLM Error in Generator: All LLM providers failed (non-rate-limit errors). Check API keys and quotas.
2026-07-21T07:04:48.632736Z   ✓ Q3/5 saved (bank now 3)
2026-07-21T07:04:50.632989Z --- RETRIEVING SYLLABUS & STUDENT HISTORY in parallel: Penulisan Karangan ---
2026-07-21T07:04:50.825776Z --- GENERATING ADAPTIVE MCQ IN BAHASA MELAYU ---
2026-07-21T07:04:50.842912Z -> OpenRouter error (NotFoundError: Error code: 404 - {'error': {'message': 'This model is unavailable for free. The paid version is available now - use this slug instead: meta-llama/llama-3.3-70b-instruct', 'code': 404}, 'user_id': 'user_3FWg0Y7hFwr9mi6ZEJfwxiglC7C'}), trying next provider…
2026-07-21T07:04:50.842985Z -> LLM Error in Generator: All LLM providers failed (non-rate-limit errors). Check API keys and quotas.
2026-07-21T07:04:51.211823Z   ✓ Q4/5 saved (bank now 4)
2026-07-21T07:04:53.212063Z --- RETRIEVING SYLLABUS & STUDENT HISTORY in parallel: Penulisan Karangan ---
2026-07-21T07:04:53.392824Z --- GENERATING ADAPTIVE MCQ IN BAHASA MELAYU ---
2026-07-21T07:04:53.414727Z -> OpenRouter error (NotFoundError: Error code: 404 - {'error': {'message': 'This model is unavailable for free. The paid version is available now - use this slug instead: meta-llama/llama-3.3-70b-instruct', 'code': 404}, 'user_id': 'user_3FWg0Y7hFwr9mi6ZEJfwxiglC7C'}), trying next provider…
2026-07-21T07:04:53.414800Z -> LLM Error in Generator: All LLM providers failed (non-rate-limit errors). Check API keys and quotas.
2026-07-21T07:04:53.780943Z   ✓ Q5/5 saved (bank now 5)
2026-07-21T07:04:55.781110Z [173/347] Bahasa Melayu — Pemahaman dan Rumusan (English): generating 4 question(s)...
2026-07-21T07:04:55.781187Z --- RETRIEVING SYLLABUS & STUDENT HISTORY in parallel: Pemahaman dan Rumusan ---
2026-07-21T07:04:56.158110Z -> Retrieved 2 textbook chunk(s), 6 DSKP chunk(s)
2026-07-21T07:04:56.158805Z --- GENERATING ADAPTIVE MCQ IN ENGLISH ---
2026-07-21T07:04:56.179026Z -> OpenRouter error (NotFoundError: Error code: 404 - {'error': {'message': 'This model is unavailable for free. The paid version is available now - use this slug instead: meta-llama/llama-3.3-70b-instruct', 'code': 404}, 'user_id': 'user_3FWg0Y7hFwr9mi6ZEJfwxiglC7C'}), trying next provider…
2026-07-21T07:04:56.179099Z -> LLM Error in Generator: All LLM providers failed (non-rate-limit errors). Check API keys and quotas.
2026-07-21T07:04:56.549420Z   ✓ Q1/4 saved (bank now 2)
2026-07-21T07:04:58.549640Z --- RETRIEVING SYLLABUS & STUDENT HISTORY in parallel: Pemahaman dan Rumusan ---
2026-07-21T07:04:58.740599Z --- GENERATING ADAPTIVE MCQ IN ENGLISH ---
2026-07-21T07:04:58.763303Z -> OpenRouter error (NotFoundError: Error code: 404 - {'error': {'message': 'This model is unavailable for free. The paid version is available now - use this slug instead: meta-llama/llama-3.3-70b-instruct', 'code': 404}, 'user_id': 'user_3FWg0Y7hFwr9mi6ZEJfwxiglC7C'}), trying next provider…
2026-07-21T07:04:58.763462Z -> LLM Error in Generator: All LLM providers failed (non-rate-limit errors). Check API keys and quotas.
2026-07-21T07:04:59.137089Z   ✓ Q2/4 saved (bank now 3)
2026-07-21T07:05:01.137340Z --- RETRIEVING SYLLABUS & STUDENT HISTORY in parallel: Pemahaman dan Rumusan ---
2026-07-21T07:05:01.320414Z --- GENERATING ADAPTIVE MCQ IN ENGLISH ---
2026-07-21T07:05:01.351879Z -> OpenRouter error (NotFoundError: Error code: 404 - {'error': {'message': 'This model is unavailable for free. The paid version is available now - use this slug instead: meta-llama/llama-3.3-70b-instruct', 'code': 404}, 'user_id': 'user_3FWg0Y7hFwr9mi6ZEJfwxiglC7C'}), trying next provider…
2026-07-21T07:05:01.351947Z -> LLM Error in Generator: All LLM providers failed (non-rate-limit errors). Check API keys and quotas.
2026-07-21T07:05:01.734080Z   ✓ Q3/4 saved (bank now 4)
2026-07-21T07:05:03.734301Z --- RETRIEVING SYLLABUS & STUDENT HISTORY in parallel: Pemahaman dan Rumusan ---
2026-07-21T07:05:03.922608Z --- GENERATING ADAPTIVE MCQ IN ENGLISH ---
2026-07-21T07:05:05.032436Z   ✓ Q4/4 saved (bank now 5)
2026-07-21T07:05:07.032581Z [174/347] Bahasa Melayu — Pemahaman dan Rumusan (Bahasa Melayu): generating 4 question(s)...
2026-07-21T07:05:07.032659Z --- RETRIEVING SYLLABUS & STUDENT HISTORY in parallel: Pemahaman dan Rumusan ---
2026-07-21T07:05:07.223552Z --- GENERATING ADAPTIVE MCQ IN BAHASA MELAYU ---
2026-07-21T07:05:08.667776Z   ✓ Q1/4 saved (bank now 2)
2026-07-21T07:05:10.668119Z --- RETRIEVING SYLLABUS & STUDENT HISTORY in parallel: Pemahaman dan Rumusan ---
2026-07-21T07:05:10.842409Z --- GENERATING ADAPTIVE MCQ IN BAHASA MELAYU ---
2026-07-21T07:05:12.348474Z   ✓ Q2/4 saved (bank now 3)
2026-07-21T07:05:14.348706Z --- RETRIEVING SYLLABUS & STUDENT HISTORY in parallel: Pemahaman dan Rumusan ---
2026-07-21T07:05:14.534680Z --- GENERATING ADAPTIVE MCQ IN BAHASA MELAYU ---
2026-07-21T07:05:16.394514Z -> Cerebras: cooling for 65s.
2026-07-21T07:05:16.445736Z -> GroqCloud: cooling for 65s.
2026-07-21T07:05:16.492543Z -> OpenRouter error (NotFoundError: Error code: 404 - {'error': {'message': 'This model is unavailable for free. The paid version is available now - use this slug instead: meta-llama/llama-3.3-70b-instruct', 'code': 404}, 'user_id': 'user_3FWg0Y7hFwr9mi6ZEJfwxiglC7C'}), trying next provider…
2026-07-21T07:05:16.492641Z -> LLM Error in Generator: All LLM providers failed (non-rate-limit errors). Check API keys and quotas.
2026-07-21T07:05:16.871752Z   ✓ Q3/4 saved (bank now 4)
2026-07-21T07:05:18.871918Z --- RETRIEVING SYLLABUS & STUDENT HISTORY in parallel: Pemahaman dan Rumusan ---
2026-07-21T07:05:19.086647Z --- GENERATING ADAPTIVE MCQ IN BAHASA MELAYU ---
2026-07-21T07:05:19.111675Z -> OpenRouter error (NotFoundError: Error code: 404 - {'error': {'message': 'This model is unavailable for free. The paid version is available now - use this slug instead: meta-llama/llama-3.3-70b-instruct', 'code': 404}, 'user_id': 'user_3FWg0Y7hFwr9mi6ZEJfwxiglC7C'}), trying next provider…
2026-07-21T07:05:19.111731Z -> LLM Error in Generator: All LLM providers failed (non-rate-limit errors). Check API keys and quotas.
2026-07-21T07:05:19.506817Z   ✓ Q4/4 saved (bank now 5)
2026-07-21T07:05:21.507065Z [175/347] Bahasa Melayu — Alam Sekitar dan Teknologi Hijau (English): generating 5 question(s)...
2026-07-21T07:05:21.507142Z --- RETRIEVING SYLLABUS & STUDENT HISTORY in parallel: Alam Sekitar dan Teknologi Hijau ---
2026-07-21T07:05:22.295287Z -> Retrieved 4 textbook chunk(s), 4 DSKP chunk(s)
2026-07-21T07:05:22.295877Z --- GENERATING ADAPTIVE MCQ IN ENGLISH ---
2026-07-21T07:05:22.338879Z -> OpenRouter error (NotFoundError: Error code: 404 - {'error': {'message': 'This model is unavailable for free. The paid version is available now - use this slug instead: meta-llama/llama-3.3-70b-instruct', 'code': 404}, 'user_id': 'user_3FWg0Y7hFwr9mi6ZEJfwxiglC7C'}), trying next provider…
2026-07-21T07:05:22.338993Z -> LLM Error in Generator: All LLM providers failed (non-rate-limit errors). Check API keys and quotas.
2026-07-21T07:05:22.715917Z   ✓ Q1/5 saved (bank now 1)
2026-07-21T07:05:24.716155Z --- RETRIEVING SYLLABUS & STUDENT HISTORY in parallel: Alam Sekitar dan Teknologi Hijau ---
2026-07-21T07:05:24.910609Z --- GENERATING ADAPTIVE MCQ IN ENGLISH ---
2026-07-21T07:05:24.941874Z -> OpenRouter error (NotFoundError: Error code: 404 - {'error': {'message': 'This model is unavailable for free. The paid version is available now - use this slug instead: meta-llama/llama-3.3-70b-instruct', 'code': 404}, 'user_id': 'user_3FWg0Y7hFwr9mi6ZEJfwxiglC7C'}), trying next provider…
2026-07-21T07:05:24.941977Z -> LLM Error in Generator: All LLM providers failed (non-rate-limit errors). Check API keys and quotas.
2026-07-21T07:05:25.325213Z   ✓ Q2/5 saved (bank now 2)
2026-07-21T07:05:27.325506Z --- RETRIEVING SYLLABUS & STUDENT HISTORY in parallel: Alam Sekitar dan Teknologi Hijau ---
2026-07-21T07:05:27.505373Z --- GENERATING ADAPTIVE MCQ IN ENGLISH ---
2026-07-21T07:05:27.529538Z -> OpenRouter error (NotFoundError: Error code: 404 - {'error': {'message': 'This model is unavailable for free. The paid version is available now - use this slug instead: meta-llama/llama-3.3-70b-instruct', 'code': 404}, 'user_id': 'user_3FWg0Y7hFwr9mi6ZEJfwxiglC7C'}), trying next provider…
2026-07-21T07:05:27.529606Z -> LLM Error in Generator: All LLM providers failed (non-rate-limit errors). Check API keys and quotas.
2026-07-21T07:05:27.905399Z   ✓ Q3/5 saved (bank now 3)
2026-07-21T07:05:29.905661Z --- RETRIEVING SYLLABUS & STUDENT HISTORY in parallel: Alam Sekitar dan Teknologi Hijau ---
2026-07-21T07:05:30.097552Z --- GENERATING ADAPTIVE MCQ IN ENGLISH ---
2026-07-21T07:05:30.123168Z -> OpenRouter error (NotFoundError: Error code: 404 - {'error': {'message': 'This model is unavailable for free. The paid version is available now - use this slug instead: meta-llama/llama-3.3-70b-instruct', 'code': 404}, 'user_id': 'user_3FWg0Y7hFwr9mi6ZEJfwxiglC7C'}), trying next provider…
2026-07-21T07:05:30.123225Z -> LLM Error in Generator: All LLM providers failed (non-rate-limit errors). Check API keys and quotas.
2026-07-21T07:05:30.491832Z   ✓ Q4/5 saved (bank now 4)
2026-07-21T07:05:32.492030Z --- RETRIEVING SYLLABUS & STUDENT HISTORY in parallel: Alam Sekitar dan Teknologi Hijau ---
2026-07-21T07:05:32.683550Z --- GENERATING ADAPTIVE MCQ IN ENGLISH ---
2026-07-21T07:05:32.718148Z -> OpenRouter error (NotFoundError: Error code: 404 - {'error': {'message': 'This model is unavailable for free. The paid version is available now - use this slug instead: meta-llama/llama-3.3-70b-instruct', 'code': 404}, 'user_id': 'user_3FWg0Y7hFwr9mi6ZEJfwxiglC7C'}), trying next provider…
2026-07-21T07:05:32.718206Z -> LLM Error in Generator: All LLM providers failed (non-rate-limit errors). Check API keys and quotas.
2026-07-21T07:05:33.091613Z   ✓ Q5/5 saved (bank now 5)
2026-07-21T07:05:35.091862Z [176/347] Bahasa Melayu — Alam Sekitar dan Teknologi Hijau (Bahasa Melayu): generating 5 question(s)...
2026-07-21T07:05:35.091979Z --- RETRIEVING SYLLABUS & STUDENT HISTORY in parallel: Alam Sekitar dan Teknologi Hijau ---
2026-07-21T07:05:35.290523Z --- GENERATING ADAPTIVE MCQ IN BAHASA MELAYU ---
2026-07-21T07:05:35.316985Z -> OpenRouter error (NotFoundError: Error code: 404 - {'error': {'message': 'This model is unavailable for free. The paid version is available now - use this slug instead: meta-llama/llama-3.3-70b-instruct', 'code': 404}, 'user_id': 'user_3FWg0Y7hFwr9mi6ZEJfwxiglC7C'}), trying next provider…
2026-07-21T07:05:35.317059Z -> LLM Error in Generator: All LLM providers failed (non-rate-limit errors). Check API keys and quotas.
2026-07-21T07:05:35.676639Z   ✓ Q1/5 saved (bank now 1)
2026-07-21T07:05:37.676964Z --- RETRIEVING SYLLABUS & STUDENT HISTORY in parallel: Alam Sekitar dan Teknologi Hijau ---
2026-07-21T07:05:37.856210Z --- GENERATING ADAPTIVE MCQ IN BAHASA MELAYU ---
2026-07-21T07:05:37.880707Z -> OpenRouter error (NotFoundError: Error code: 404 - {'error': {'message': 'This model is unavailable for free. The paid version is available now - use this slug instead: meta-llama/llama-3.3-70b-instruct', 'code': 404}, 'user_id': 'user_3FWg0Y7hFwr9mi6ZEJfwxiglC7C'}), trying next provider…
2026-07-21T07:05:37.880792Z -> LLM Error in Generator: All LLM providers failed (non-rate-limit errors). Check API keys and quotas.
2026-07-21T07:05:38.256200Z   ✓ Q2/5 saved (bank now 2)
2026-07-21T07:05:40.256374Z --- RETRIEVING SYLLABUS & STUDENT HISTORY in parallel: Alam Sekitar dan Teknologi Hijau ---
2026-07-21T07:05:40.444206Z --- GENERATING ADAPTIVE MCQ IN BAHASA MELAYU ---
2026-07-21T07:05:40.466472Z -> OpenRouter error (NotFoundError: Error code: 404 - {'error': {'message': 'This model is unavailable for free. The paid version is available now - use this slug instead: meta-llama/llama-3.3-70b-instruct', 'code': 404}, 'user_id': 'user_3FWg0Y7hFwr9mi6ZEJfwxiglC7C'}), trying next provider…
2026-07-21T07:05:40.466523Z -> LLM Error in Generator: All LLM providers failed (non-rate-limit errors). Check API keys and quotas.
2026-07-21T07:05:40.824628Z   ✓ Q3/5 saved (bank now 3)
2026-07-21T07:05:42.824933Z --- RETRIEVING SYLLABUS & STUDENT HISTORY in parallel: Alam Sekitar dan Teknologi Hijau ---
2026-07-21T07:05:43.007552Z --- GENERATING ADAPTIVE MCQ IN BAHASA MELAYU ---
2026-07-21T07:05:43.036927Z -> OpenRouter error (NotFoundError: Error code: 404 - {'error': {'message': 'This model is unavailable for free. The paid version is available now - use this slug instead: meta-llama/llama-3.3-70b-instruct', 'code': 404}, 'user_id': 'user_3FWg0Y7hFwr9mi6ZEJfwxiglC7C'}), trying next provider…
2026-07-21T07:05:43.036988Z -> LLM Error in Generator: All LLM providers failed (non-rate-limit errors). Check API keys and quotas.
2026-07-21T07:05:43.399265Z   ✓ Q4/5 saved (bank now 4)
2026-07-21T07:05:45.399478Z --- RETRIEVING SYLLABUS & STUDENT HISTORY in parallel: Alam Sekitar dan Teknologi Hijau ---
2026-07-21T07:05:45.586188Z --- GENERATING ADAPTIVE MCQ IN BAHASA MELAYU ---
2026-07-21T07:05:45.635384Z -> OpenRouter error (NotFoundError: Error code: 404 - {'error': {'message': 'This model is unavailable for free. The paid version is available now - use this slug instead: meta-llama/llama-3.3-70b-instruct', 'code': 404}, 'user_id': 'user_3FWg0Y7hFwr9mi6ZEJfwxiglC7C'}), trying next provider…
2026-07-21T07:05:45.635471Z -> LLM Error in Generator: All LLM providers failed (non-rate-limit errors). Check API keys and quotas.
2026-07-21T07:05:46.017211Z   ✓ Q5/5 saved (bank now 5)
2026-07-21T07:05:48.017416Z [177/347] Bahasa Melayu — Pendidikan dan Ilmu (English): generating 4 question(s)...
2026-07-21T07:05:48.017528Z --- RETRIEVING SYLLABUS & STUDENT HISTORY in parallel: Pendidikan dan Ilmu ---
2026-07-21T07:05:48.380121Z -> Retrieved 0 textbook chunk(s), 8 DSKP chunk(s)
2026-07-21T07:05:48.380667Z --- GENERATING ADAPTIVE MCQ IN ENGLISH ---
2026-07-21T07:05:48.410818Z -> OpenRouter error (NotFoundError: Error code: 404 - {'error': {'message': 'This model is unavailable for free. The paid version is available now - use this slug instead: meta-llama/llama-3.3-70b-instruct', 'code': 404}, 'user_id': 'user_3FWg0Y7hFwr9mi6ZEJfwxiglC7C'}), trying next provider…
2026-07-21T07:05:48.410887Z -> LLM Error in Generator: All LLM providers failed (non-rate-limit errors). Check API keys and quotas.
2026-07-21T07:05:48.782750Z   ✓ Q1/4 saved (bank now 2)
2026-07-21T07:05:50.783089Z --- RETRIEVING SYLLABUS & STUDENT HISTORY in parallel: Pendidikan dan Ilmu ---
2026-07-21T07:05:51.016899Z --- GENERATING ADAPTIVE MCQ IN ENGLISH ---
2026-07-21T07:05:51.305472Z -> OpenRouter error (NotFoundError: Error code: 404 - {'error': {'message': 'This model is unavailable for free. The paid version is available now - use this slug instead: meta-llama/llama-3.3-70b-instruct', 'code': 404}, 'user_id': 'user_3FWg0Y7hFwr9mi6ZEJfwxiglC7C'}), trying next provider…
2026-07-21T07:05:51.305559Z -> LLM Error in Generator: All LLM providers failed (non-rate-limit errors). Check API keys and quotas.
2026-07-21T07:05:51.668900Z   ✓ Q2/4 saved (bank now 3)
2026-07-21T07:05:53.669193Z --- RETRIEVING SYLLABUS & STUDENT HISTORY in parallel: Pendidikan dan Ilmu ---
2026-07-21T07:05:53.856149Z --- GENERATING ADAPTIVE MCQ IN ENGLISH ---
2026-07-21T07:05:53.879140Z -> OpenRouter error (NotFoundError: Error code: 404 - {'error': {'message': 'This model is unavailable for free. The paid version is available now - use this slug instead: meta-llama/llama-3.3-70b-instruct', 'code': 404}, 'user_id': 'user_3FWg0Y7hFwr9mi6ZEJfwxiglC7C'}), trying next provider…
2026-07-21T07:05:53.879233Z -> LLM Error in Generator: All LLM providers failed (non-rate-limit errors). Check API keys and quotas.
2026-07-21T07:05:54.270611Z   ✓ Q3/4 saved (bank now 4)
2026-07-21T07:05:56.270843Z --- RETRIEVING SYLLABUS & STUDENT HISTORY in parallel: Pendidikan dan Ilmu ---
2026-07-21T07:05:56.452204Z --- GENERATING ADAPTIVE MCQ IN ENGLISH ---
2026-07-21T07:05:56.496719Z -> OpenRouter error (NotFoundError: Error code: 404 - {'error': {'message': 'This model is unavailable for free. The paid version is available now - use this slug instead: meta-llama/llama-3.3-70b-instruct', 'code': 404}, 'user_id': 'user_3FWg0Y7hFwr9mi6ZEJfwxiglC7C'}), trying next provider…
2026-07-21T07:05:56.496792Z -> LLM Error in Generator: All LLM providers failed (non-rate-limit errors). Check API keys and quotas.
2026-07-21T07:05:56.864836Z   ✓ Q4/4 saved (bank now 5)
2026-07-21T07:05:58.865165Z [178/347] Bahasa Melayu — Pendidikan dan Ilmu (Bahasa Melayu): generating 4 question(s)...
2026-07-21T07:05:58.865262Z --- RETRIEVING SYLLABUS & STUDENT HISTORY in parallel: Pendidikan dan Ilmu ---
2026-07-21T07:05:59.048577Z --- GENERATING ADAPTIVE MCQ IN BAHASA MELAYU ---
2026-07-21T07:05:59.114641Z -> OpenRouter error (NotFoundError: Error code: 404 - {'error': {'message': 'This model is unavailable for free. The paid version is available now - use this slug instead: meta-llama/llama-3.3-70b-instruct', 'code': 404}, 'user_id': 'user_3FWg0Y7hFwr9mi6ZEJfwxiglC7C'}), trying next provider…
2026-07-21T07:05:59.114729Z -> LLM Error in Generator: All LLM providers failed (non-rate-limit errors). Check API keys and quotas.
2026-07-21T07:05:59.506927Z   ✓ Q1/4 saved (bank now 2)
2026-07-21T07:06:01.507198Z --- RETRIEVING SYLLABUS & STUDENT HISTORY in parallel: Pendidikan dan Ilmu ---
2026-07-21T07:06:01.691650Z --- GENERATING ADAPTIVE MCQ IN BAHASA MELAYU ---
2026-07-21T07:06:01.729639Z -> OpenRouter error (NotFoundError: Error code: 404 - {'error': {'message': 'This model is unavailable for free. The paid version is available now - use this slug instead: meta-llama/llama-3.3-70b-instruct', 'code': 404}, 'user_id': 'user_3FWg0Y7hFwr9mi6ZEJfwxiglC7C'}), trying next provider…
2026-07-21T07:06:01.729723Z -> LLM Error in Generator: All LLM providers failed (non-rate-limit errors). Check API keys and quotas.
2026-07-21T07:06:02.161057Z   ✓ Q2/4 saved (bank now 3)
2026-07-21T07:06:04.161291Z --- RETRIEVING SYLLABUS & STUDENT HISTORY in parallel: Pendidikan dan Ilmu ---
2026-07-21T07:06:04.351527Z --- GENERATING ADAPTIVE MCQ IN BAHASA MELAYU ---
2026-07-21T07:06:04.377621Z -> OpenRouter error (NotFoundError: Error code: 404 - {'error': {'message': 'This model is unavailable for free. The paid version is available now - use this slug instead: meta-llama/llama-3.3-70b-instruct', 'code': 404}, 'user_id': 'user_3FWg0Y7hFwr9mi6ZEJfwxiglC7C'}), trying next provider…
2026-07-21T07:06:04.377704Z -> LLM Error in Generator: All LLM providers failed (non-rate-limit errors). Check API keys and quotas.
2026-07-21T07:06:04.745880Z   ✓ Q3/4 saved (bank now 4)
2026-07-21T07:06:06.746186Z --- RETRIEVING SYLLABUS & STUDENT HISTORY in parallel: Pendidikan dan Ilmu ---
2026-07-21T07:06:06.925572Z --- GENERATING ADAPTIVE MCQ IN BAHASA MELAYU ---
2026-07-21T07:06:06.955403Z -> OpenRouter error (NotFoundError: Error code: 404 - {'error': {'message': 'This model is unavailable for free. The paid version is available now - use this slug instead: meta-llama/llama-3.3-70b-instruct', 'code': 404}, 'user_id': 'user_3FWg0Y7hFwr9mi6ZEJfwxiglC7C'}), trying next provider…
2026-07-21T07:06:06.955476Z -> LLM Error in Generator: All LLM providers failed (non-rate-limit errors). Check API keys and quotas.
2026-07-21T07:06:07.324360Z   ✓ Q4/4 saved (bank now 5)
2026-07-21T07:06:09.325057Z [Checkpoint] 50% written to logs/question_bank_seed_progress.md
2026-07-21T07:06:09.325136Z [179/347] Bahasa Melayu — Kebudayaan, Kesenian dan Estetika (English): generating 5 question(s)...
2026-07-21T07:06:09.325159Z --- RETRIEVING SYLLABUS & STUDENT HISTORY in parallel: Kebudayaan, Kesenian dan Estetika ---
2026-07-21T07:06:09.806247Z -> Retrieved 7 textbook chunk(s), 1 DSKP chunk(s)
2026-07-21T07:06:09.806760Z --- GENERATING ADAPTIVE MCQ IN ENGLISH ---
2026-07-21T07:06:09.827750Z -> OpenRouter error (NotFoundError: Error code: 404 - {'error': {'message': 'This model is unavailable for free. The paid version is available now - use this slug instead: meta-llama/llama-3.3-70b-instruct', 'code': 404}, 'user_id': 'user_3FWg0Y7hFwr9mi6ZEJfwxiglC7C'}), trying next provider…
2026-07-21T07:06:09.827824Z -> LLM Error in Generator: All LLM providers failed (non-rate-limit errors). Check API keys and quotas.
2026-07-21T07:06:10.189555Z   ✓ Q1/5 saved (bank now 1)
2026-07-21T07:06:12.189724Z --- RETRIEVING SYLLABUS & STUDENT HISTORY in parallel: Kebudayaan, Kesenian dan Estetika ---
2026-07-21T07:06:12.373360Z --- GENERATING ADAPTIVE MCQ IN ENGLISH ---
2026-07-21T07:06:12.401348Z -> OpenRouter error (NotFoundError: Error code: 404 - {'error': {'message': 'This model is unavailable for free. The paid version is available now - use this slug instead: meta-llama/llama-3.3-70b-instruct', 'code': 404}, 'user_id': 'user_3FWg0Y7hFwr9mi6ZEJfwxiglC7C'}), trying next provider…
2026-07-21T07:06:12.401395Z -> LLM Error in Generator: All LLM providers failed (non-rate-limit errors). Check API keys and quotas.
2026-07-21T07:06:12.761491Z   ✓ Q2/5 saved (bank now 2)
2026-07-21T07:06:14.761620Z --- RETRIEVING SYLLABUS & STUDENT HISTORY in parallel: Kebudayaan, Kesenian dan Estetika ---
2026-07-21T07:06:14.950001Z --- GENERATING ADAPTIVE MCQ IN ENGLISH ---
2026-07-21T07:06:14.977385Z -> OpenRouter error (NotFoundError: Error code: 404 - {'error': {'message': 'This model is unavailable for free. The paid version is available now - use this slug instead: meta-llama/llama-3.3-70b-instruct', 'code': 404}, 'user_id': 'user_3FWg0Y7hFwr9mi6ZEJfwxiglC7C'}), trying next provider…
2026-07-21T07:06:14.977433Z -> LLM Error in Generator: All LLM providers failed (non-rate-limit errors). Check API keys and quotas.
2026-07-21T07:06:15.344695Z   ✓ Q3/5 saved (bank now 3)
2026-07-21T07:06:17.344944Z --- RETRIEVING SYLLABUS & STUDENT HISTORY in parallel: Kebudayaan, Kesenian dan Estetika ---
2026-07-21T07:06:17.524372Z --- GENERATING ADAPTIVE MCQ IN ENGLISH ---
2026-07-21T07:06:17.573283Z -> OpenRouter error (NotFoundError: Error code: 404 - {'error': {'message': 'This model is unavailable for free. The paid version is available now - use this slug instead: meta-llama/llama-3.3-70b-instruct', 'code': 404}, 'user_id': 'user_3FWg0Y7hFwr9mi6ZEJfwxiglC7C'}), trying next provider…
2026-07-21T07:06:17.573377Z -> LLM Error in Generator: All LLM providers failed (non-rate-limit errors). Check API keys and quotas.
2026-07-21T07:06:17.950180Z   ✓ Q4/5 saved (bank now 4)
2026-07-21T07:06:19.950463Z --- RETRIEVING SYLLABUS & STUDENT HISTORY in parallel: Kebudayaan, Kesenian dan Estetika ---
2026-07-21T07:06:20.135877Z --- GENERATING ADAPTIVE MCQ IN ENGLISH ---
2026-07-21T07:06:20.186440Z -> OpenRouter error (NotFoundError: Error code: 404 - {'error': {'message': 'This model is unavailable for free. The paid version is available now - use this slug instead: meta-llama/llama-3.3-70b-instruct', 'code': 404}, 'user_id': 'user_3FWg0Y7hFwr9mi6ZEJfwxiglC7C'}), trying next provider…
2026-07-21T07:06:20.186524Z -> LLM Error in Generator: All LLM providers failed (non-rate-limit errors). Check API keys and quotas.
2026-07-21T07:06:20.544862Z   ✓ Q5/5 saved (bank now 5)
2026-07-21T07:06:22.545131Z [180/347] Bahasa Melayu — Kebudayaan, Kesenian dan Estetika (Bahasa Melayu): generating 5 question(s)...
2026-07-21T07:06:22.545211Z --- RETRIEVING SYLLABUS & STUDENT HISTORY in parallel: Kebudayaan, Kesenian dan Estetika ---
2026-07-21T07:06:22.763976Z --- GENERATING ADAPTIVE MCQ IN BAHASA MELAYU ---
2026-07-21T07:06:23.839065Z   ✓ Q1/5 saved (bank now 1)
2026-07-21T07:06:25.839260Z --- RETRIEVING SYLLABUS & STUDENT HISTORY in parallel: Kebudayaan, Kesenian dan Estetika ---
2026-07-21T07:06:26.018648Z --- GENERATING ADAPTIVE MCQ IN BAHASA MELAYU ---
2026-07-21T07:06:27.283594Z   ✓ Q2/5 saved (bank now 2)
2026-07-21T07:06:29.283823Z --- RETRIEVING SYLLABUS & STUDENT HISTORY in parallel: Kebudayaan, Kesenian dan Estetika ---
2026-07-21T07:06:29.465262Z --- GENERATING ADAPTIVE MCQ IN BAHASA MELAYU ---
2026-07-21T07:06:30.937537Z   ✓ Q3/5 saved (bank now 3)
2026-07-21T07:06:32.937734Z --- RETRIEVING SYLLABUS & STUDENT HISTORY in parallel: Kebudayaan, Kesenian dan Estetika ---
2026-07-21T07:06:33.127429Z --- GENERATING ADAPTIVE MCQ IN BAHASA MELAYU ---
2026-07-21T07:06:34.901753Z -> Cerebras: cooling for 65s.
2026-07-21T07:06:34.936290Z -> GroqCloud: cooling for 65s.
2026-07-21T07:06:34.977542Z -> OpenRouter error (NotFoundError: Error code: 404 - {'error': {'message': 'This model is unavailable for free. The paid version is available now - use this slug instead: meta-llama/llama-3.3-70b-instruct', 'code': 404}, 'user_id': 'user_3FWg0Y7hFwr9mi6ZEJfwxiglC7C'}), trying next provider…
2026-07-21T07:06:34.977619Z -> LLM Error in Generator: All LLM providers failed (non-rate-limit errors). Check API keys and quotas.
2026-07-21T07:06:35.347827Z   ✓ Q4/5 saved (bank now 4)
2026-07-21T07:06:37.348108Z --- RETRIEVING SYLLABUS & STUDENT HISTORY in parallel: Kebudayaan, Kesenian dan Estetika ---
2026-07-21T07:06:37.540660Z --- GENERATING ADAPTIVE MCQ IN BAHASA MELAYU ---
2026-07-21T07:06:38.285833Z -> OpenRouter error (NotFoundError: Error code: 404 - {'error': {'message': 'This model is unavailable for free. The paid version is available now - use this slug instead: meta-llama/llama-3.3-70b-instruct', 'code': 404}, 'user_id': 'user_3FWg0Y7hFwr9mi6ZEJfwxiglC7C'}), trying next provider…
2026-07-21T07:06:38.285918Z -> LLM Error in Generator: All LLM providers failed (non-rate-limit errors). Check API keys and quotas.
2026-07-21T07:06:38.676471Z   ✓ Q5/5 saved (bank now 5)
2026-07-21T07:06:40.676747Z [181/347] Bahasa Inggeris — Friendships and Relationships (Bahasa Melayu): generating 4 question(s)...
2026-07-21T07:06:40.676845Z --- RETRIEVING SYLLABUS & STUDENT HISTORY in parallel: Friendships and Relationships ---
2026-07-21T07:06:41.220025Z -> Retrieved 5 textbook chunk(s), 3 DSKP chunk(s)
2026-07-21T07:06:41.220670Z --- GENERATING ADAPTIVE MCQ IN BAHASA MELAYU ---
2026-07-21T07:06:41.243599Z -> OpenRouter error (NotFoundError: Error code: 404 - {'error': {'message': 'This model is unavailable for free. The paid version is available now - use this slug instead: meta-llama/llama-3.3-70b-instruct', 'code': 404}, 'user_id': 'user_3FWg0Y7hFwr9mi6ZEJfwxiglC7C'}), trying next provider…
2026-07-21T07:06:41.243676Z -> LLM Error in Generator: All LLM providers failed (non-rate-limit errors). Check API keys and quotas.
2026-07-21T07:06:41.609748Z   ✓ Q1/4 saved (bank now 2)
2026-07-21T07:06:43.609972Z --- RETRIEVING SYLLABUS & STUDENT HISTORY in parallel: Friendships and Relationships ---
2026-07-21T07:06:43.801148Z --- GENERATING ADAPTIVE MCQ IN BAHASA MELAYU ---
2026-07-21T07:06:43.844498Z -> OpenRouter error (NotFoundError: Error code: 404 - {'error': {'message': 'This model is unavailable for free. The paid version is available now - use this slug instead: meta-llama/llama-3.3-70b-instruct', 'code': 404}, 'user_id': 'user_3FWg0Y7hFwr9mi6ZEJfwxiglC7C'}), trying next provider…
2026-07-21T07:06:43.844573Z -> LLM Error in Generator: All LLM providers failed (non-rate-limit errors). Check API keys and quotas.
2026-07-21T07:06:44.220818Z   ✓ Q2/4 saved (bank now 3)
2026-07-21T07:06:46.220995Z --- RETRIEVING SYLLABUS & STUDENT HISTORY in parallel: Friendships and Relationships ---
2026-07-21T07:06:46.405160Z --- GENERATING ADAPTIVE MCQ IN BAHASA MELAYU ---
2026-07-21T07:06:48.785067Z -> OpenRouter error (NotFoundError: Error code: 404 - {'error': {'message': 'This model is unavailable for free. The paid version is available now - use this slug instead: meta-llama/llama-3.3-70b-instruct', 'code': 404}, 'user_id': 'user_3FWg0Y7hFwr9mi6ZEJfwxiglC7C'}), trying next provider…
2026-07-21T07:06:48.785163Z -> LLM Error in Generator: All LLM providers failed (non-rate-limit errors). Check API keys and quotas.
2026-07-21T07:06:49.154575Z   ✓ Q3/4 saved (bank now 4)
2026-07-21T07:06:51.154796Z --- RETRIEVING SYLLABUS & STUDENT HISTORY in parallel: Friendships and Relationships ---
2026-07-21T07:06:51.345472Z --- GENERATING ADAPTIVE MCQ IN BAHASA MELAYU ---
2026-07-21T07:06:51.375460Z -> OpenRouter error (NotFoundError: Error code: 404 - {'error': {'message': 'This model is unavailable for free. The paid version is available now - use this slug instead: meta-llama/llama-3.3-70b-instruct', 'code': 404}, 'user_id': 'user_3FWg0Y7hFwr9mi6ZEJfwxiglC7C'}), trying next provider…
2026-07-21T07:06:51.375531Z -> LLM Error in Generator: All LLM providers failed (non-rate-limit errors). Check API keys and quotas.
2026-07-21T07:06:51.751481Z   ✓ Q4/4 saved (bank now 5)
2026-07-21T07:06:53.751601Z [182/347] Bahasa Inggeris — Environment and Nature (Bahasa Melayu): generating 4 question(s)...
2026-07-21T07:06:53.751672Z --- RETRIEVING SYLLABUS & STUDENT HISTORY in parallel: Environment and Nature ---
2026-07-21T07:06:54.318300Z -> Retrieved 0 textbook chunk(s), 8 DSKP chunk(s)
2026-07-21T07:06:54.318917Z --- GENERATING ADAPTIVE MCQ IN BAHASA MELAYU ---
2026-07-21T07:06:54.346877Z -> OpenRouter error (NotFoundError: Error code: 404 - {'error': {'message': 'This model is unavailable for free. The paid version is available now - use this slug instead: meta-llama/llama-3.3-70b-instruct', 'code': 404}, 'user_id': 'user_3FWg0Y7hFwr9mi6ZEJfwxiglC7C'}), trying next provider…
2026-07-21T07:06:54.346947Z -> LLM Error in Generator: All LLM providers failed (non-rate-limit errors). Check API keys and quotas.
2026-07-21T07:06:54.722642Z   ✓ Q1/4 saved (bank now 2)
2026-07-21T07:06:56.722976Z --- RETRIEVING SYLLABUS & STUDENT HISTORY in parallel: Environment and Nature ---
2026-07-21T07:06:56.940180Z --- GENERATING ADAPTIVE MCQ IN BAHASA MELAYU ---
2026-07-21T07:06:56.973737Z -> OpenRouter error (NotFoundError: Error code: 404 - {'error': {'message': 'This model is unavailable for free. The paid version is available now - use this slug instead: meta-llama/llama-3.3-70b-instruct', 'code': 404}, 'user_id': 'user_3FWg0Y7hFwr9mi6ZEJfwxiglC7C'}), trying next provider…
2026-07-21T07:06:56.973806Z -> LLM Error in Generator: All LLM providers failed (non-rate-limit errors). Check API keys and quotas.
2026-07-21T07:06:57.391803Z   ✓ Q2/4 saved (bank now 3)
2026-07-21T07:06:59.392039Z --- RETRIEVING SYLLABUS & STUDENT HISTORY in parallel: Environment and Nature ---
2026-07-21T07:06:59.575854Z --- GENERATING ADAPTIVE MCQ IN BAHASA MELAYU ---
2026-07-21T07:06:59.605238Z -> OpenRouter error (NotFoundError: Error code: 404 - {'error': {'message': 'This model is unavailable for free. The paid version is available now - use this slug instead: meta-llama/llama-3.3-70b-instruct', 'code': 404}, 'user_id': 'user_3FWg0Y7hFwr9mi6ZEJfwxiglC7C'}), trying next provider…
2026-07-21T07:06:59.605356Z -> LLM Error in Generator: All LLM providers failed (non-rate-limit errors). Check API keys and quotas.
2026-07-21T07:07:00.046414Z   ✓ Q3/4 saved (bank now 4)
2026-07-21T07:07:02.046710Z --- RETRIEVING SYLLABUS & STUDENT HISTORY in parallel: Environment and Nature ---
2026-07-21T07:07:02.233343Z --- GENERATING ADAPTIVE MCQ IN BAHASA MELAYU ---
2026-07-21T07:07:02.901024Z -> OpenRouter error (NotFoundError: Error code: 404 - {'error': {'message': 'This model is unavailable for free. The paid version is available now - use this slug instead: meta-llama/llama-3.3-70b-instruct', 'code': 404}, 'user_id': 'user_3FWg0Y7hFwr9mi6ZEJfwxiglC7C'}), trying next provider…
2026-07-21T07:07:02.901120Z -> LLM Error in Generator: All LLM providers failed (non-rate-limit errors). Check API keys and quotas.
2026-07-21T07:07:03.271391Z   ✓ Q4/4 saved (bank now 5)
2026-07-21T07:07:05.271618Z [183/347] Bahasa Inggeris — People and Work (English): generating 4 question(s)...
2026-07-21T07:07:05.271697Z --- RETRIEVING SYLLABUS & STUDENT HISTORY in parallel: People and Work ---
2026-07-21T07:07:05.938801Z -> Retrieved 2 textbook chunk(s), 6 DSKP chunk(s)
2026-07-21T07:07:05.939443Z --- GENERATING ADAPTIVE MCQ IN ENGLISH ---
2026-07-21T07:07:05.962235Z -> OpenRouter error (NotFoundError: Error code: 404 - {'error': {'message': 'This model is unavailable for free. The paid version is available now - use this slug instead: meta-llama/llama-3.3-70b-instruct', 'code': 404}, 'user_id': 'user_3FWg0Y7hFwr9mi6ZEJfwxiglC7C'}), trying next provider…
2026-07-21T07:07:05.962351Z -> LLM Error in Generator: All LLM providers failed (non-rate-limit errors). Check API keys and quotas.
2026-07-21T07:07:06.336050Z   ✓ Q1/4 saved (bank now 2)
2026-07-21T07:07:08.336214Z --- RETRIEVING SYLLABUS & STUDENT HISTORY in parallel: People and Work ---
2026-07-21T07:07:08.521385Z --- GENERATING ADAPTIVE MCQ IN ENGLISH ---
2026-07-21T07:07:08.558228Z -> OpenRouter error (NotFoundError: Error code: 404 - {'error': {'message': 'This model is unavailable for free. The paid version is available now - use this slug instead: meta-llama/llama-3.3-70b-instruct', 'code': 404}, 'user_id': 'user_3FWg0Y7hFwr9mi6ZEJfwxiglC7C'}), trying next provider…
2026-07-21T07:07:08.558346Z -> LLM Error in Generator: All LLM providers failed (non-rate-limit errors). Check API keys and quotas.
2026-07-21T07:07:08.933206Z   ✓ Q2/4 saved (bank now 3)
2026-07-21T07:07:10.933535Z --- RETRIEVING SYLLABUS & STUDENT HISTORY in parallel: People and Work ---
2026-07-21T07:07:11.131917Z --- GENERATING ADAPTIVE MCQ IN ENGLISH ---
2026-07-21T07:07:11.156611Z -> OpenRouter error (NotFoundError: Error code: 404 - {'error': {'message': 'This model is unavailable for free. The paid version is available now - use this slug instead: meta-llama/llama-3.3-70b-instruct', 'code': 404}, 'user_id': 'user_3FWg0Y7hFwr9mi6ZEJfwxiglC7C'}), trying next provider…
2026-07-21T07:07:11.156693Z -> LLM Error in Generator: All LLM providers failed (non-rate-limit errors). Check API keys and quotas.
2026-07-21T07:07:11.535972Z   ✓ Q3/4 saved (bank now 4)
2026-07-21T07:07:13.536249Z --- RETRIEVING SYLLABUS & STUDENT HISTORY in parallel: People and Work ---
2026-07-21T07:07:13.732489Z --- GENERATING ADAPTIVE MCQ IN ENGLISH ---
2026-07-21T07:07:13.758595Z -> OpenRouter error (NotFoundError: Error code: 404 - {'error': {'message': 'This model is unavailable for free. The paid version is available now - use this slug instead: meta-llama/llama-3.3-70b-instruct', 'code': 404}, 'user_id': 'user_3FWg0Y7hFwr9mi6ZEJfwxiglC7C'}), trying next provider…
2026-07-21T07:07:13.758672Z -> LLM Error in Generator: All LLM providers failed (non-rate-limit errors). Check API keys and quotas.
2026-07-21T07:07:14.125590Z   ✓ Q4/4 saved (bank now 5)
2026-07-21T07:07:16.125849Z [184/347] Bahasa Inggeris — People and Work (Bahasa Melayu): generating 4 question(s)...
2026-07-21T07:07:16.125935Z --- RETRIEVING SYLLABUS & STUDENT HISTORY in parallel: People and Work ---
2026-07-21T07:07:16.306243Z --- GENERATING ADAPTIVE MCQ IN BAHASA MELAYU ---
2026-07-21T07:07:16.330602Z -> OpenRouter error (NotFoundError: Error code: 404 - {'error': {'message': 'This model is unavailable for free. The paid version is available now - use this slug instead: meta-llama/llama-3.3-70b-instruct', 'code': 404}, 'user_id': 'user_3FWg0Y7hFwr9mi6ZEJfwxiglC7C'}), trying next provider…
2026-07-21T07:07:16.330690Z -> LLM Error in Generator: All LLM providers failed (non-rate-limit errors). Check API keys and quotas.
2026-07-21T07:07:16.699357Z   ✓ Q1/4 saved (bank now 2)
2026-07-21T07:07:18.699533Z --- RETRIEVING SYLLABUS & STUDENT HISTORY in parallel: People and Work ---
2026-07-21T07:07:18.881236Z --- GENERATING ADAPTIVE MCQ IN BAHASA MELAYU ---
2026-07-21T07:07:18.912997Z -> OpenRouter error (NotFoundError: Error code: 404 - {'error': {'message': 'This model is unavailable for free. The paid version is available now - use this slug instead: meta-llama/llama-3.3-70b-instruct', 'code': 404}, 'user_id': 'user_3FWg0Y7hFwr9mi6ZEJfwxiglC7C'}), trying next provider…
2026-07-21T07:07:18.913087Z -> LLM Error in Generator: All LLM providers failed (non-rate-limit errors). Check API keys and quotas.
2026-07-21T07:07:19.275718Z   ✓ Q2/4 saved (bank now 3)
2026-07-21T07:07:21.276062Z --- RETRIEVING SYLLABUS & STUDENT HISTORY in parallel: People and Work ---
2026-07-21T07:07:21.465077Z --- GENERATING ADAPTIVE MCQ IN BAHASA MELAYU ---
2026-07-21T07:07:21.491002Z -> OpenRouter error (NotFoundError: Error code: 404 - {'error': {'message': 'This model is unavailable for free. The paid version is available now - use this slug instead: meta-llama/llama-3.3-70b-instruct', 'code': 404}, 'user_id': 'user_3FWg0Y7hFwr9mi6ZEJfwxiglC7C'}), trying next provider…
2026-07-21T07:07:21.491090Z -> LLM Error in Generator: All LLM providers failed (non-rate-limit errors). Check API keys and quotas.
2026-07-21T07:07:21.874203Z   ✓ Q3/4 saved (bank now 4)
2026-07-21T07:07:23.874412Z --- RETRIEVING SYLLABUS & STUDENT HISTORY in parallel: People and Work ---
2026-07-21T07:07:24.060936Z --- GENERATING ADAPTIVE MCQ IN BAHASA MELAYU ---
2026-07-21T07:07:24.084280Z -> OpenRouter error (NotFoundError: Error code: 404 - {'error': {'message': 'This model is unavailable for free. The paid version is available now - use this slug instead: meta-llama/llama-3.3-70b-instruct', 'code': 404}, 'user_id': 'user_3FWg0Y7hFwr9mi6ZEJfwxiglC7C'}), trying next provider…
2026-07-21T07:07:24.084335Z -> LLM Error in Generator: All LLM providers failed (non-rate-limit errors). Check API keys and quotas.
2026-07-21T07:07:24.448908Z   ✓ Q4/4 saved (bank now 5)
2026-07-21T07:07:26.449244Z [185/347] Bahasa Inggeris — Health and Wellness (English): generating 4 question(s)...
2026-07-21T07:07:26.449424Z --- RETRIEVING SYLLABUS & STUDENT HISTORY in parallel: Health and Wellness ---
2026-07-21T07:07:27.083922Z -> Retrieved 6 textbook chunk(s), 2 DSKP chunk(s)
2026-07-21T07:07:27.084466Z --- GENERATING ADAPTIVE MCQ IN ENGLISH ---
2026-07-21T07:07:27.164105Z -> OpenRouter error (NotFoundError: Error code: 404 - {'error': {'message': 'This model is unavailable for free. The paid version is available now - use this slug instead: meta-llama/llama-3.3-70b-instruct', 'code': 404}, 'user_id': 'user_3FWg0Y7hFwr9mi6ZEJfwxiglC7C'}), trying next provider…
2026-07-21T07:07:27.164188Z -> LLM Error in Generator: All LLM providers failed (non-rate-limit errors). Check API keys and quotas.
2026-07-21T07:07:27.534756Z   ✓ Q1/4 saved (bank now 2)
2026-07-21T07:07:29.535067Z --- RETRIEVING SYLLABUS & STUDENT HISTORY in parallel: Health and Wellness ---
2026-07-21T07:07:29.721142Z --- GENERATING ADAPTIVE MCQ IN ENGLISH ---
2026-07-21T07:07:29.745248Z -> OpenRouter error (NotFoundError: Error code: 404 - {'error': {'message': 'This model is unavailable for free. The paid version is available now - use this slug instead: meta-llama/llama-3.3-70b-instruct', 'code': 404}, 'user_id': 'user_3FWg0Y7hFwr9mi6ZEJfwxiglC7C'}), trying next provider…
2026-07-21T07:07:29.745364Z -> LLM Error in Generator: All LLM providers failed (non-rate-limit errors). Check API keys and quotas.
2026-07-21T07:07:30.109539Z   ✓ Q2/4 saved (bank now 3)
2026-07-21T07:07:32.109720Z --- RETRIEVING SYLLABUS & STUDENT HISTORY in parallel: Health and Wellness ---
2026-07-21T07:07:32.304145Z --- GENERATING ADAPTIVE MCQ IN ENGLISH ---
2026-07-21T07:07:32.324700Z -> OpenRouter error (NotFoundError: Error code: 404 - {'error': {'message': 'This model is unavailable for free. The paid version is available now - use this slug instead: meta-llama/llama-3.3-70b-instruct', 'code': 404}, 'user_id': 'user_3FWg0Y7hFwr9mi6ZEJfwxiglC7C'}), trying next provider…
2026-07-21T07:07:32.324795Z -> LLM Error in Generator: All LLM providers failed (non-rate-limit errors). Check API keys and quotas.
2026-07-21T07:07:32.685773Z   ✓ Q3/4 saved (bank now 4)
2026-07-21T07:07:34.686098Z --- RETRIEVING SYLLABUS & STUDENT HISTORY in parallel: Health and Wellness ---
2026-07-21T07:07:34.866057Z --- GENERATING ADAPTIVE MCQ IN ENGLISH ---
2026-07-21T07:07:34.883502Z -> OpenRouter error (NotFoundError: Error code: 404 - {'error': {'message': 'This model is unavailable for free. The paid version is available now - use this slug instead: meta-llama/llama-3.3-70b-instruct', 'code': 404}, 'user_id': 'user_3FWg0Y7hFwr9mi6ZEJfwxiglC7C'}), trying next provider…
2026-07-21T07:07:34.883575Z -> LLM Error in Generator: All LLM providers failed (non-rate-limit errors). Check API keys and quotas.
2026-07-21T07:07:35.257391Z   ✓ Q4/4 saved (bank now 5)
2026-07-21T07:07:37.257480Z [186/347] Bahasa Inggeris — Health and Wellness (Bahasa Melayu): generating 4 question(s)...
2026-07-21T07:07:37.257555Z --- RETRIEVING SYLLABUS & STUDENT HISTORY in parallel: Health and Wellness ---
2026-07-21T07:07:37.436052Z --- GENERATING ADAPTIVE MCQ IN BAHASA MELAYU ---
2026-07-21T07:07:37.470913Z -> OpenRouter error (NotFoundError: Error code: 404 - {'error': {'message': 'This model is unavailable for free. The paid version is available now - use this slug instead: meta-llama/llama-3.3-70b-instruct', 'code': 404}, 'user_id': 'user_3FWg0Y7hFwr9mi6ZEJfwxiglC7C'}), trying next provider…
2026-07-21T07:07:37.470993Z -> LLM Error in Generator: All LLM providers failed (non-rate-limit errors). Check API keys and quotas.
2026-07-21T07:07:37.841255Z   ✓ Q1/4 saved (bank now 2)
2026-07-21T07:07:39.841516Z --- RETRIEVING SYLLABUS & STUDENT HISTORY in parallel: Health and Wellness ---
2026-07-21T07:07:40.023965Z --- GENERATING ADAPTIVE MCQ IN BAHASA MELAYU ---
2026-07-21T07:07:41.565335Z   ✓ Q2/4 saved (bank now 3)
2026-07-21T07:07:43.565550Z --- RETRIEVING SYLLABUS & STUDENT HISTORY in parallel: Health and Wellness ---
2026-07-21T07:07:43.745148Z --- GENERATING ADAPTIVE MCQ IN BAHASA MELAYU ---
2026-07-21T07:07:45.990292Z   ✓ Q3/4 saved (bank now 4)
2026-07-21T07:07:47.990490Z --- RETRIEVING SYLLABUS & STUDENT HISTORY in parallel: Health and Wellness ---
2026-07-21T07:07:48.168297Z --- GENERATING ADAPTIVE MCQ IN BAHASA MELAYU ---
2026-07-21T07:07:49.381278Z   ✓ Q4/4 saved (bank now 5)
2026-07-21T07:07:51.381536Z [187/347] Bahasa Inggeris — Technology and Innovation (English): generating 4 question(s)...
2026-07-21T07:07:51.381639Z --- RETRIEVING SYLLABUS & STUDENT HISTORY in parallel: Technology and Innovation ---
2026-07-21T07:07:52.000764Z -> Retrieved 2 textbook chunk(s), 6 DSKP chunk(s)
2026-07-21T07:07:52.001454Z --- GENERATING ADAPTIVE MCQ IN ENGLISH ---
2026-07-21T07:07:53.662953Z -> Cerebras: cooling for 65s.
2026-07-21T07:07:53.702370Z -> GroqCloud: cooling for 65s.
2026-07-21T07:07:53.739973Z -> OpenRouter error (NotFoundError: Error code: 404 - {'error': {'message': 'This model is unavailable for free. The paid version is available now - use this slug instead: meta-llama/llama-3.3-70b-instruct', 'code': 404}, 'user_id': 'user_3FWg0Y7hFwr9mi6ZEJfwxiglC7C'}), trying next provider…
2026-07-21T07:07:53.740060Z -> LLM Error in Generator: All LLM providers failed (non-rate-limit errors). Check API keys and quotas.
2026-07-21T07:07:54.104735Z   ✓ Q1/4 saved (bank now 2)
2026-07-21T07:07:56.105134Z --- RETRIEVING SYLLABUS & STUDENT HISTORY in parallel: Technology and Innovation ---
2026-07-21T07:07:56.287592Z --- GENERATING ADAPTIVE MCQ IN ENGLISH ---
2026-07-21T07:07:56.305038Z -> OpenRouter error (NotFoundError: Error code: 404 - {'error': {'message': 'This model is unavailable for free. The paid version is available now - use this slug instead: meta-llama/llama-3.3-70b-instruct', 'code': 404}, 'user_id': 'user_3FWg0Y7hFwr9mi6ZEJfwxiglC7C'}), trying next provider…
2026-07-21T07:07:56.305120Z -> LLM Error in Generator: All LLM providers failed (non-rate-limit errors). Check API keys and quotas.
2026-07-21T07:07:56.669949Z   ✓ Q2/4 saved (bank now 3)
2026-07-21T07:07:58.670187Z --- RETRIEVING SYLLABUS & STUDENT HISTORY in parallel: Technology and Innovation ---
2026-07-21T07:07:58.860440Z --- GENERATING ADAPTIVE MCQ IN ENGLISH ---
2026-07-21T07:07:58.885735Z -> OpenRouter error (NotFoundError: Error code: 404 - {'error': {'message': 'This model is unavailable for free. The paid version is available now - use this slug instead: meta-llama/llama-3.3-70b-instruct', 'code': 404}, 'user_id': 'user_3FWg0Y7hFwr9mi6ZEJfwxiglC7C'}), trying next provider…
2026-07-21T07:07:58.885808Z -> LLM Error in Generator: All LLM providers failed (non-rate-limit errors). Check API keys and quotas.
2026-07-21T07:07:59.255362Z   ✓ Q3/4 saved (bank now 4)
2026-07-21T07:08:01.255599Z --- RETRIEVING SYLLABUS & STUDENT HISTORY in parallel: Technology and Innovation ---
2026-07-21T07:08:01.635653Z --- GENERATING ADAPTIVE MCQ IN ENGLISH ---
2026-07-21T07:08:02.648536Z -> OpenRouter error (NotFoundError: Error code: 404 - {'error': {'message': 'This model is unavailable for free. The paid version is available now - use this slug instead: meta-llama/llama-3.3-70b-instruct', 'code': 404}, 'user_id': 'user_3FWg0Y7hFwr9mi6ZEJfwxiglC7C'}), trying next provider…
2026-07-21T07:08:02.648630Z -> LLM Error in Generator: All LLM providers failed (non-rate-limit errors). Check API keys and quotas.
2026-07-21T07:08:03.029780Z   ✓ Q4/4 saved (bank now 5)
2026-07-21T07:08:05.030005Z [188/347] Bahasa Inggeris — Technology and Innovation (Bahasa Melayu): generating 4 question(s)...
2026-07-21T07:08:05.030091Z --- RETRIEVING SYLLABUS & STUDENT HISTORY in parallel: Technology and Innovation ---
2026-07-21T07:08:05.225739Z --- GENERATING ADAPTIVE MCQ IN BAHASA MELAYU ---
2026-07-21T07:08:05.271685Z -> OpenRouter error (NotFoundError: Error code: 404 - {'error': {'message': 'This model is unavailable for free. The paid version is available now - use this slug instead: meta-llama/llama-3.3-70b-instruct', 'code': 404}, 'user_id': 'user_3FWg0Y7hFwr9mi6ZEJfwxiglC7C'}), trying next provider…
2026-07-21T07:08:05.271741Z -> LLM Error in Generator: All LLM providers failed (non-rate-limit errors). Check API keys and quotas.
2026-07-21T07:08:06.046295Z   ✓ Q1/4 saved (bank now 2)
2026-07-21T07:08:08.046521Z --- RETRIEVING SYLLABUS & STUDENT HISTORY in parallel: Technology and Innovation ---
2026-07-21T07:08:08.231543Z --- GENERATING ADAPTIVE MCQ IN BAHASA MELAYU ---
2026-07-21T07:08:08.254346Z -> OpenRouter error (NotFoundError: Error code: 404 - {'error': {'message': 'This model is unavailable for free. The paid version is available now - use this slug instead: meta-llama/llama-3.3-70b-instruct', 'code': 404}, 'user_id': 'user_3FWg0Y7hFwr9mi6ZEJfwxiglC7C'}), trying next provider…
2026-07-21T07:08:08.254403Z -> LLM Error in Generator: All LLM providers failed (non-rate-limit errors). Check API keys and quotas.
2026-07-21T07:08:08.622145Z   ✓ Q2/4 saved (bank now 3)
2026-07-21T07:08:10.622379Z --- RETRIEVING SYLLABUS & STUDENT HISTORY in parallel: Technology and Innovation ---
2026-07-21T07:08:10.807116Z --- GENERATING ADAPTIVE MCQ IN BAHASA MELAYU ---
2026-07-21T07:08:10.826369Z -> OpenRouter error (NotFoundError: Error code: 404 - {'error': {'message': 'This model is unavailable for free. The paid version is available now - use this slug instead: meta-llama/llama-3.3-70b-instruct', 'code': 404}, 'user_id': 'user_3FWg0Y7hFwr9mi6ZEJfwxiglC7C'}), trying next provider…
2026-07-21T07:08:10.826440Z -> LLM Error in Generator: All LLM providers failed (non-rate-limit errors). Check API keys and quotas.
2026-07-21T07:08:11.187562Z   ✓ Q3/4 saved (bank now 4)
2026-07-21T07:08:13.187814Z --- RETRIEVING SYLLABUS & STUDENT HISTORY in parallel: Technology and Innovation ---
2026-07-21T07:08:13.370948Z --- GENERATING ADAPTIVE MCQ IN BAHASA MELAYU ---
2026-07-21T07:08:13.389537Z -> OpenRouter error (NotFoundError: Error code: 404 - {'error': {'message': 'This model is unavailable for free. The paid version is available now - use this slug instead: meta-llama/llama-3.3-70b-instruct', 'code': 404}, 'user_id': 'user_3FWg0Y7hFwr9mi6ZEJfwxiglC7C'}), trying next provider…
2026-07-21T07:08:13.389600Z -> LLM Error in Generator: All LLM providers failed (non-rate-limit errors). Check API keys and quotas.
2026-07-21T07:08:13.756772Z   ✓ Q4/4 saved (bank now 5)
2026-07-21T07:08:15.756961Z [189/347] Bahasa Inggeris — Arts and Culture (English): generating 4 question(s)...
2026-07-21T07:08:15.757069Z --- RETRIEVING SYLLABUS & STUDENT HISTORY in parallel: Arts and Culture ---
2026-07-21T07:08:16.373680Z -> Retrieved 2 textbook chunk(s), 6 DSKP chunk(s)
2026-07-21T07:08:16.373936Z --- GENERATING ADAPTIVE MCQ IN ENGLISH ---
2026-07-21T07:08:16.407113Z -> OpenRouter error (NotFoundError: Error code: 404 - {'error': {'message': 'This model is unavailable for free. The paid version is available now - use this slug instead: meta-llama/llama-3.3-70b-instruct', 'code': 404}, 'user_id': 'user_3FWg0Y7hFwr9mi6ZEJfwxiglC7C'}), trying next provider…
2026-07-21T07:08:16.407172Z -> LLM Error in Generator: All LLM providers failed (non-rate-limit errors). Check API keys and quotas.
2026-07-21T07:08:16.779865Z   ✓ Q1/4 saved (bank now 2)
2026-07-21T07:08:18.780210Z --- RETRIEVING SYLLABUS & STUDENT HISTORY in parallel: Arts and Culture ---
2026-07-21T07:08:18.968185Z --- GENERATING ADAPTIVE MCQ IN ENGLISH ---
2026-07-21T07:08:19.006395Z -> OpenRouter error (NotFoundError: Error code: 404 - {'error': {'message': 'This model is unavailable for free. The paid version is available now - use this slug instead: meta-llama/llama-3.3-70b-instruct', 'code': 404}, 'user_id': 'user_3FWg0Y7hFwr9mi6ZEJfwxiglC7C'}), trying next provider…
2026-07-21T07:08:19.006477Z -> LLM Error in Generator: All LLM providers failed (non-rate-limit errors). Check API keys and quotas.
2026-07-21T07:08:19.371896Z   ✓ Q2/4 saved (bank now 3)
2026-07-21T07:08:21.372140Z --- RETRIEVING SYLLABUS & STUDENT HISTORY in parallel: Arts and Culture ---
2026-07-21T07:08:21.558781Z --- GENERATING ADAPTIVE MCQ IN ENGLISH ---
2026-07-21T07:08:21.578250Z -> OpenRouter error (NotFoundError: Error code: 404 - {'error': {'message': 'This model is unavailable for free. The paid version is available now - use this slug instead: meta-llama/llama-3.3-70b-instruct', 'code': 404}, 'user_id': 'user_3FWg0Y7hFwr9mi6ZEJfwxiglC7C'}), trying next provider…
2026-07-21T07:08:21.578378Z -> LLM Error in Generator: All LLM providers failed (non-rate-limit errors). Check API keys and quotas.
2026-07-21T07:08:21.955470Z   ✓ Q3/4 saved (bank now 4)
2026-07-21T07:08:23.955735Z --- RETRIEVING SYLLABUS & STUDENT HISTORY in parallel: Arts and Culture ---
2026-07-21T07:08:24.147777Z --- GENERATING ADAPTIVE MCQ IN ENGLISH ---
2026-07-21T07:08:24.170361Z -> OpenRouter error (NotFoundError: Error code: 404 - {'error': {'message': 'This model is unavailable for free. The paid version is available now - use this slug instead: meta-llama/llama-3.3-70b-instruct', 'code': 404}, 'user_id': 'user_3FWg0Y7hFwr9mi6ZEJfwxiglC7C'}), trying next provider…
2026-07-21T07:08:24.170437Z -> LLM Error in Generator: All LLM providers failed (non-rate-limit errors). Check API keys and quotas.
2026-07-21T07:08:24.566951Z   ✓ Q4/4 saved (bank now 5)
2026-07-21T07:08:26.567241Z [190/347] Bahasa Inggeris — Arts and Culture (Bahasa Melayu): generating 4 question(s)...
2026-07-21T07:08:26.567360Z --- RETRIEVING SYLLABUS & STUDENT HISTORY in parallel: Arts and Culture ---
2026-07-21T07:08:26.763551Z --- GENERATING ADAPTIVE MCQ IN BAHASA MELAYU ---
2026-07-21T07:08:26.781800Z -> OpenRouter error (NotFoundError: Error code: 404 - {'error': {'message': 'This model is unavailable for free. The paid version is available now - use this slug instead: meta-llama/llama-3.3-70b-instruct', 'code': 404}, 'user_id': 'user_3FWg0Y7hFwr9mi6ZEJfwxiglC7C'}), trying next provider…
2026-07-21T07:08:26.781857Z -> LLM Error in Generator: All LLM providers failed (non-rate-limit errors). Check API keys and quotas.
2026-07-21T07:08:27.145092Z   ✓ Q1/4 saved (bank now 2)
2026-07-21T07:08:29.145301Z --- RETRIEVING SYLLABUS & STUDENT HISTORY in parallel: Arts and Culture ---
2026-07-21T07:08:29.334353Z --- GENERATING ADAPTIVE MCQ IN BAHASA MELAYU ---
2026-07-21T07:08:29.352752Z -> OpenRouter error (NotFoundError: Error code: 404 - {'error': {'message': 'This model is unavailable for free. The paid version is available now - use this slug instead: meta-llama/llama-3.3-70b-instruct', 'code': 404}, 'user_id': 'user_3FWg0Y7hFwr9mi6ZEJfwxiglC7C'}), trying next provider…
2026-07-21T07:08:29.352819Z -> LLM Error in Generator: All LLM providers failed (non-rate-limit errors). Check API keys and quotas.
2026-07-21T07:08:29.748276Z   ✓ Q2/4 saved (bank now 3)
2026-07-21T07:08:31.748532Z --- RETRIEVING SYLLABUS & STUDENT HISTORY in parallel: Arts and Culture ---
2026-07-21T07:08:31.929356Z --- GENERATING ADAPTIVE MCQ IN BAHASA MELAYU ---
2026-07-21T07:08:31.948520Z -> OpenRouter error (NotFoundError: Error code: 404 - {'error': {'message': 'This model is unavailable for free. The paid version is available now - use this slug instead: meta-llama/llama-3.3-70b-instruct', 'code': 404}, 'user_id': 'user_3FWg0Y7hFwr9mi6ZEJfwxiglC7C'}), trying next provider…
2026-07-21T07:08:31.948611Z -> LLM Error in Generator: All LLM providers failed (non-rate-limit errors). Check API keys and quotas.
2026-07-21T07:08:32.320886Z   ✓ Q3/4 saved (bank now 4)
2026-07-21T07:08:34.321141Z --- RETRIEVING SYLLABUS & STUDENT HISTORY in parallel: Arts and Culture ---
2026-07-21T07:08:34.505004Z --- GENERATING ADAPTIVE MCQ IN BAHASA MELAYU ---
2026-07-21T07:08:34.545371Z -> OpenRouter error (NotFoundError: Error code: 404 - {'error': {'message': 'This model is unavailable for free. The paid version is available now - use this slug instead: meta-llama/llama-3.3-70b-instruct', 'code': 404}, 'user_id': 'user_3FWg0Y7hFwr9mi6ZEJfwxiglC7C'}), trying next provider…
2026-07-21T07:08:34.545452Z -> LLM Error in Generator: All LLM providers failed (non-rate-limit errors). Check API keys and quotas.
2026-07-21T07:08:34.925439Z   ✓ Q4/4 saved (bank now 5)
2026-07-21T07:08:36.925691Z [191/347] Bahasa Inggeris — Consumerism and Financial Awareness (English): generating 2 question(s)...
2026-07-21T07:08:36.925778Z --- RETRIEVING SYLLABUS & STUDENT HISTORY in parallel: Consumerism and Financial Awareness ---
2026-07-21T07:08:37.631649Z -> Retrieved 8 textbook chunk(s), 0 DSKP chunk(s)
2026-07-21T07:08:37.632189Z --- GENERATING ADAPTIVE MCQ IN ENGLISH ---
2026-07-21T07:08:37.664827Z -> OpenRouter error (NotFoundError: Error code: 404 - {'error': {'message': 'This model is unavailable for free. The paid version is available now - use this slug instead: meta-llama/llama-3.3-70b-instruct', 'code': 404}, 'user_id': 'user_3FWg0Y7hFwr9mi6ZEJfwxiglC7C'}), trying next provider…
2026-07-21T07:08:37.664903Z -> LLM Error in Generator: All LLM providers failed (non-rate-limit errors). Check API keys and quotas.
2026-07-21T07:08:38.033554Z   ✓ Q1/2 saved (bank now 4)
2026-07-21T07:08:40.033840Z --- RETRIEVING SYLLABUS & STUDENT HISTORY in parallel: Consumerism and Financial Awareness ---
2026-07-21T07:08:40.236938Z --- GENERATING ADAPTIVE MCQ IN ENGLISH ---
2026-07-21T07:08:40.271177Z -> OpenRouter error (NotFoundError: Error code: 404 - {'error': {'message': 'This model is unavailable for free. The paid version is available now - use this slug instead: meta-llama/llama-3.3-70b-instruct', 'code': 404}, 'user_id': 'user_3FWg0Y7hFwr9mi6ZEJfwxiglC7C'}), trying next provider…
2026-07-21T07:08:40.271235Z -> LLM Error in Generator: All LLM providers failed (non-rate-limit errors). Check API keys and quotas.
2026-07-21T07:08:40.665706Z   ✓ Q2/2 saved (bank now 5)
2026-07-21T07:08:42.665887Z [192/347] Bahasa Inggeris — Consumerism and Financial Awareness (Bahasa Melayu): generating 4 question(s)...
2026-07-21T07:08:42.665978Z --- RETRIEVING SYLLABUS & STUDENT HISTORY in parallel: Consumerism and Financial Awareness ---
2026-07-21T07:08:42.846951Z --- GENERATING ADAPTIVE MCQ IN BAHASA MELAYU ---
2026-07-21T07:08:42.867205Z -> OpenRouter error (NotFoundError: Error code: 404 - {'error': {'message': 'This model is unavailable for free. The paid version is available now - use this slug instead: meta-llama/llama-3.3-70b-instruct', 'code': 404}, 'user_id': 'user_3FWg0Y7hFwr9mi6ZEJfwxiglC7C'}), trying next provider…
2026-07-21T07:08:42.867270Z -> LLM Error in Generator: All LLM providers failed (non-rate-limit errors). Check API keys and quotas.
2026-07-21T07:08:43.242791Z   ✓ Q1/4 saved (bank now 2)
2026-07-21T07:08:45.243162Z --- RETRIEVING SYLLABUS & STUDENT HISTORY in parallel: Consumerism and Financial Awareness ---
2026-07-21T07:08:45.433568Z --- GENERATING ADAPTIVE MCQ IN BAHASA MELAYU ---
2026-07-21T07:08:45.461766Z -> OpenRouter error (NotFoundError: Error code: 404 - {'error': {'message': 'This model is unavailable for free. The paid version is available now - use this slug instead: meta-llama/llama-3.3-70b-instruct', 'code': 404}, 'user_id': 'user_3FWg0Y7hFwr9mi6ZEJfwxiglC7C'}), trying next provider…
2026-07-21T07:08:45.461833Z -> LLM Error in Generator: All LLM providers failed (non-rate-limit errors). Check API keys and quotas.
2026-07-21T07:08:45.841628Z   ✓ Q2/4 saved (bank now 3)
2026-07-21T07:08:47.841828Z --- RETRIEVING SYLLABUS & STUDENT HISTORY in parallel: Consumerism and Financial Awareness ---
2026-07-21T07:08:48.024356Z --- GENERATING ADAPTIVE MCQ IN BAHASA MELAYU ---
2026-07-21T07:08:48.042775Z -> OpenRouter error (NotFoundError: Error code: 404 - {'error': {'message': 'This model is unavailable for free. The paid version is available now - use this slug instead: meta-llama/llama-3.3-70b-instruct', 'code': 404}, 'user_id': 'user_3FWg0Y7hFwr9mi6ZEJfwxiglC7C'}), trying next provider…
2026-07-21T07:08:48.042896Z -> LLM Error in Generator: All LLM providers failed (non-rate-limit errors). Check API keys and quotas.
2026-07-21T07:08:48.414816Z   ✓ Q3/4 saved (bank now 4)
2026-07-21T07:08:50.415057Z --- RETRIEVING SYLLABUS & STUDENT HISTORY in parallel: Consumerism and Financial Awareness ---
2026-07-21T07:08:50.602909Z --- GENERATING ADAPTIVE MCQ IN BAHASA MELAYU ---
2026-07-21T07:08:50.638094Z -> OpenRouter error (NotFoundError: Error code: 404 - {'error': {'message': 'This model is unavailable for free. The paid version is available now - use this slug instead: meta-llama/llama-3.3-70b-instruct', 'code': 404}, 'user_id': 'user_3FWg0Y7hFwr9mi6ZEJfwxiglC7C'}), trying next provider…
2026-07-21T07:08:50.638168Z -> LLM Error in Generator: All LLM providers failed (non-rate-limit errors). Check API keys and quotas.
2026-07-21T07:08:51.025400Z   ✓ Q4/4 saved (bank now 5)
2026-07-21T07:08:53.025524Z [193/347] Bahasa Inggeris — Literature: Poems (English): generating 4 question(s)...
2026-07-21T07:08:53.025610Z --- RETRIEVING SYLLABUS & STUDENT HISTORY in parallel: Literature: Poems ---
2026-07-21T07:08:53.561365Z -> Retrieved 2 textbook chunk(s), 6 DSKP chunk(s)
2026-07-21T07:08:53.561808Z --- GENERATING ADAPTIVE MCQ IN ENGLISH ---
2026-07-21T07:08:53.581608Z -> OpenRouter error (NotFoundError: Error code: 404 - {'error': {'message': 'This model is unavailable for free. The paid version is available now - use this slug instead: meta-llama/llama-3.3-70b-instruct', 'code': 404}, 'user_id': 'user_3FWg0Y7hFwr9mi6ZEJfwxiglC7C'}), trying next provider…
2026-07-21T07:08:53.581671Z -> LLM Error in Generator: All LLM providers failed (non-rate-limit errors). Check API keys and quotas.
2026-07-21T07:08:53.950390Z   ✓ Q1/4 saved (bank now 2)
2026-07-21T07:08:55.950587Z --- RETRIEVING SYLLABUS & STUDENT HISTORY in parallel: Literature: Poems ---
2026-07-21T07:08:56.255386Z --- GENERATING ADAPTIVE MCQ IN ENGLISH ---
2026-07-21T07:08:56.292886Z -> OpenRouter error (NotFoundError: Error code: 404 - {'error': {'message': 'This model is unavailable for free. The paid version is available now - use this slug instead: meta-llama/llama-3.3-70b-instruct', 'code': 404}, 'user_id': 'user_3FWg0Y7hFwr9mi6ZEJfwxiglC7C'}), trying next provider…
2026-07-21T07:08:56.292957Z -> LLM Error in Generator: All LLM providers failed (non-rate-limit errors). Check API keys and quotas.
2026-07-21T07:08:56.675730Z   ✓ Q2/4 saved (bank now 3)
2026-07-21T07:08:58.676084Z --- RETRIEVING SYLLABUS & STUDENT HISTORY in parallel: Literature: Poems ---
2026-07-21T07:08:58.862417Z --- GENERATING ADAPTIVE MCQ IN ENGLISH ---
2026-07-21T07:09:00.050298Z   ✓ Q3/4 saved (bank now 4)
2026-07-21T07:09:02.050478Z --- RETRIEVING SYLLABUS & STUDENT HISTORY in parallel: Literature: Poems ---
2026-07-21T07:09:02.234924Z --- GENERATING ADAPTIVE MCQ IN ENGLISH ---
2026-07-21T07:09:03.582862Z   ✓ Q4/4 saved (bank now 5)
2026-07-21T07:09:05.583104Z [194/347] Bahasa Inggeris — Literature: Poems (Bahasa Melayu): generating 4 question(s)...
2026-07-21T07:09:05.583178Z --- RETRIEVING SYLLABUS & STUDENT HISTORY in parallel: Literature: Poems ---
2026-07-21T07:09:05.768404Z --- GENERATING ADAPTIVE MCQ IN BAHASA MELAYU ---
2026-07-21T07:09:07.186657Z   ✓ Q1/4 saved (bank now 2)
2026-07-21T07:09:09.186930Z --- RETRIEVING SYLLABUS & STUDENT HISTORY in parallel: Literature: Poems ---
2026-07-21T07:09:09.383993Z --- GENERATING ADAPTIVE MCQ IN BAHASA MELAYU ---
2026-07-21T07:09:11.050275Z -> Cerebras: cooling for 65s.
2026-07-21T07:09:11.094839Z -> GroqCloud: cooling for 65s.
2026-07-21T07:09:11.141235Z -> OpenRouter error (NotFoundError: Error code: 404 - {'error': {'message': 'This model is unavailable for free. The paid version is available now - use this slug instead: meta-llama/llama-3.3-70b-instruct', 'code': 404}, 'user_id': 'user_3FWg0Y7hFwr9mi6ZEJfwxiglC7C'}), trying next provider…
2026-07-21T07:09:11.141348Z -> LLM Error in Generator: All LLM providers failed (non-rate-limit errors). Check API keys and quotas.
2026-07-21T07:09:11.527448Z   ✓ Q2/4 saved (bank now 3)
2026-07-21T07:09:13.528165Z --- RETRIEVING SYLLABUS & STUDENT HISTORY in parallel: Literature: Poems ---
2026-07-21T07:09:13.715286Z --- GENERATING ADAPTIVE MCQ IN BAHASA MELAYU ---
2026-07-21T07:09:14.092829Z -> OpenRouter error (NotFoundError: Error code: 404 - {'error': {'message': 'This model is unavailable for free. The paid version is available now - use this slug instead: meta-llama/llama-3.3-70b-instruct', 'code': 404}, 'user_id': 'user_3FWg0Y7hFwr9mi6ZEJfwxiglC7C'}), trying next provider…
2026-07-21T07:09:14.092904Z -> LLM Error in Generator: All LLM providers failed (non-rate-limit errors). Check API keys and quotas.
2026-07-21T07:09:14.466108Z   ✓ Q3/4 saved (bank now 4)
2026-07-21T07:09:16.466464Z --- RETRIEVING SYLLABUS & STUDENT HISTORY in parallel: Literature: Poems ---
2026-07-21T07:09:16.653464Z --- GENERATING ADAPTIVE MCQ IN BAHASA MELAYU ---
2026-07-21T07:09:16.679026Z -> OpenRouter error (NotFoundError: Error code: 404 - {'error': {'message': 'This model is unavailable for free. The paid version is available now - use this slug instead: meta-llama/llama-3.3-70b-instruct', 'code': 404}, 'user_id': 'user_3FWg0Y7hFwr9mi6ZEJfwxiglC7C'}), trying next provider…
2026-07-21T07:09:16.679124Z -> LLM Error in Generator: All LLM providers failed (non-rate-limit errors). Check API keys and quotas.
2026-07-21T07:09:17.057524Z   ✓ Q4/4 saved (bank now 5)
2026-07-21T07:09:19.057758Z [195/347] Bahasa Inggeris — Literature: Short Stories (English): generating 4 question(s)...
2026-07-21T07:09:19.057839Z --- RETRIEVING SYLLABUS & STUDENT HISTORY in parallel: Literature: Short Stories ---
2026-07-21T07:09:19.542387Z -> Retrieved 5 textbook chunk(s), 3 DSKP chunk(s)
2026-07-21T07:09:19.542688Z --- GENERATING ADAPTIVE MCQ IN ENGLISH ---
2026-07-21T07:09:19.589774Z -> OpenRouter error (NotFoundError: Error code: 404 - {'error': {'message': 'This model is unavailable for free. The paid version is available now - use this slug instead: meta-llama/llama-3.3-70b-instruct', 'code': 404}, 'user_id': 'user_3FWg0Y7hFwr9mi6ZEJfwxiglC7C'}), trying next provider…
2026-07-21T07:09:19.589855Z -> LLM Error in Generator: All LLM providers failed (non-rate-limit errors). Check API keys and quotas.
2026-07-21T07:09:20.020795Z   ✓ Q1/4 saved (bank now 2)
2026-07-21T07:09:22.020994Z --- RETRIEVING SYLLABUS & STUDENT HISTORY in parallel: Literature: Short Stories ---
2026-07-21T07:09:22.210717Z --- GENERATING ADAPTIVE MCQ IN ENGLISH ---
2026-07-21T07:09:22.828188Z -> OpenRouter error (NotFoundError: Error code: 404 - {'error': {'message': 'This model is unavailable for free. The paid version is available now - use this slug instead: meta-llama/llama-3.3-70b-instruct', 'code': 404}, 'user_id': 'user_3FWg0Y7hFwr9mi6ZEJfwxiglC7C'}), trying next provider…
2026-07-21T07:09:22.828287Z -> LLM Error in Generator: All LLM providers failed (non-rate-limit errors). Check API keys and quotas.
2026-07-21T07:09:23.211517Z   ✓ Q2/4 saved (bank now 3)
2026-07-21T07:09:25.211673Z --- RETRIEVING SYLLABUS & STUDENT HISTORY in parallel: Literature: Short Stories ---
2026-07-21T07:09:25.398024Z --- GENERATING ADAPTIVE MCQ IN ENGLISH ---
2026-07-21T07:09:25.418883Z -> OpenRouter error (NotFoundError: Error code: 404 - {'error': {'message': 'This model is unavailable for free. The paid version is available now - use this slug instead: meta-llama/llama-3.3-70b-instruct', 'code': 404}, 'user_id': 'user_3FWg0Y7hFwr9mi6ZEJfwxiglC7C'}), trying next provider…
2026-07-21T07:09:25.418972Z -> LLM Error in Generator: All LLM providers failed (non-rate-limit errors). Check API keys and quotas.
2026-07-21T07:09:25.787088Z   ✓ Q3/4 saved (bank now 4)
2026-07-21T07:09:27.787276Z --- RETRIEVING SYLLABUS & STUDENT HISTORY in parallel: Literature: Short Stories ---
2026-07-21T07:09:27.972833Z --- GENERATING ADAPTIVE MCQ IN ENGLISH ---
2026-07-21T07:09:27.990986Z -> OpenRouter error (NotFoundError: Error code: 404 - {'error': {'message': 'This model is unavailable for free. The paid version is available now - use this slug instead: meta-llama/llama-3.3-70b-instruct', 'code': 404}, 'user_id': 'user_3FWg0Y7hFwr9mi6ZEJfwxiglC7C'}), trying next provider…
2026-07-21T07:09:27.991073Z -> LLM Error in Generator: All LLM providers failed (non-rate-limit errors). Check API keys and quotas.
2026-07-21T07:09:28.348738Z   ✓ Q4/4 saved (bank now 5)
2026-07-21T07:09:30.348968Z [196/347] Bahasa Inggeris — Literature: Short Stories (Bahasa Melayu): generating 4 question(s)...
2026-07-21T07:09:30.349066Z --- RETRIEVING SYLLABUS & STUDENT HISTORY in parallel: Literature: Short Stories ---
2026-07-21T07:09:30.528824Z --- GENERATING ADAPTIVE MCQ IN BAHASA MELAYU ---
2026-07-21T07:09:30.554825Z -> OpenRouter error (NotFoundError: Error code: 404 - {'error': {'message': 'This model is unavailable for free. The paid version is available now - use this slug instead: meta-llama/llama-3.3-70b-instruct', 'code': 404}, 'user_id': 'user_3FWg0Y7hFwr9mi6ZEJfwxiglC7C'}), trying next provider…
2026-07-21T07:09:30.554902Z -> LLM Error in Generator: All LLM providers failed (non-rate-limit errors). Check API keys and quotas.
2026-07-21T07:09:30.920151Z   ✓ Q1/4 saved (bank now 2)
2026-07-21T07:09:32.920504Z --- RETRIEVING SYLLABUS & STUDENT HISTORY in parallel: Literature: Short Stories ---
2026-07-21T07:09:33.109911Z --- GENERATING ADAPTIVE MCQ IN BAHASA MELAYU ---
2026-07-21T07:09:33.624220Z -> OpenRouter error (NotFoundError: Error code: 404 - {'error': {'message': 'This model is unavailable for free. The paid version is available now - use this slug instead: meta-llama/llama-3.3-70b-instruct', 'code': 404}, 'user_id': 'user_3FWg0Y7hFwr9mi6ZEJfwxiglC7C'}), trying next provider…
2026-07-21T07:09:33.624295Z -> LLM Error in Generator: All LLM providers failed (non-rate-limit errors). Check API keys and quotas.
2026-07-21T07:09:33.988177Z   ✓ Q2/4 saved (bank now 3)
2026-07-21T07:09:35.988407Z --- RETRIEVING SYLLABUS & STUDENT HISTORY in parallel: Literature: Short Stories ---
2026-07-21T07:09:36.166930Z --- GENERATING ADAPTIVE MCQ IN BAHASA MELAYU ---
2026-07-21T07:09:36.274030Z -> OpenRouter error (NotFoundError: Error code: 404 - {'error': {'message': 'This model is unavailable for free. The paid version is available now - use this slug instead: meta-llama/llama-3.3-70b-instruct', 'code': 404}, 'user_id': 'user_3FWg0Y7hFwr9mi6ZEJfwxiglC7C'}), trying next provider…
2026-07-21T07:09:36.274128Z -> LLM Error in Generator: All LLM providers failed (non-rate-limit errors). Check API keys and quotas.
2026-07-21T07:09:36.638196Z   ✓ Q3/4 saved (bank now 4)
2026-07-21T07:09:38.638515Z --- RETRIEVING SYLLABUS & STUDENT HISTORY in parallel: Literature: Short Stories ---
2026-07-21T07:09:38.829760Z --- GENERATING ADAPTIVE MCQ IN BAHASA MELAYU ---
2026-07-21T07:09:39.736855Z -> OpenRouter error (NotFoundError: Error code: 404 - {'error': {'message': 'This model is unavailable for free. The paid version is available now - use this slug instead: meta-llama/llama-3.3-70b-instruct', 'code': 404}, 'user_id': 'user_3FWg0Y7hFwr9mi6ZEJfwxiglC7C'}), trying next provider…
2026-07-21T07:09:39.736930Z -> LLM Error in Generator: All LLM providers failed (non-rate-limit errors). Check API keys and quotas.
2026-07-21T07:09:40.125981Z   ✓ Q4/4 saved (bank now 5)
2026-07-21T07:09:42.126183Z [197/347] Bahasa Inggeris — Literature: Drama (English): generating 4 question(s)...
2026-07-21T07:09:42.126284Z --- RETRIEVING SYLLABUS & STUDENT HISTORY in parallel: Literature: Drama ---
2026-07-21T07:09:42.408241Z -> Retrieved 0 textbook chunk(s), 8 DSKP chunk(s)
2026-07-21T07:09:42.408605Z --- GENERATING ADAPTIVE MCQ IN ENGLISH ---
2026-07-21T07:09:42.432858Z -> OpenRouter error (NotFoundError: Error code: 404 - {'error': {'message': 'This model is unavailable for free. The paid version is available now - use this slug instead: meta-llama/llama-3.3-70b-instruct', 'code': 404}, 'user_id': 'user_3FWg0Y7hFwr9mi6ZEJfwxiglC7C'}), trying next provider…
2026-07-21T07:09:42.432912Z -> LLM Error in Generator: All LLM providers failed (non-rate-limit errors). Check API keys and quotas.
2026-07-21T07:09:42.818707Z   ✓ Q1/4 saved (bank now 2)
2026-07-21T07:09:44.818979Z --- RETRIEVING SYLLABUS & STUDENT HISTORY in parallel: Literature: Drama ---
2026-07-21T07:09:45.002009Z --- GENERATING ADAPTIVE MCQ IN ENGLISH ---
2026-07-21T07:09:45.031498Z -> OpenRouter error (NotFoundError: Error code: 404 - {'error': {'message': 'This model is unavailable for free. The paid version is available now - use this slug instead: meta-llama/llama-3.3-70b-instruct', 'code': 404}, 'user_id': 'user_3FWg0Y7hFwr9mi6ZEJfwxiglC7C'}), trying next provider…
2026-07-21T07:09:45.031565Z -> LLM Error in Generator: All LLM providers failed (non-rate-limit errors). Check API keys and quotas.
2026-07-21T07:09:45.401610Z   ✓ Q2/4 saved (bank now 3)
2026-07-21T07:09:47.401933Z --- RETRIEVING SYLLABUS & STUDENT HISTORY in parallel: Literature: Drama ---
2026-07-21T07:09:47.596369Z --- GENERATING ADAPTIVE MCQ IN ENGLISH ---
2026-07-21T07:09:47.675769Z -> OpenRouter error (NotFoundError: Error code: 404 - {'error': {'message': 'This model is unavailable for free. The paid version is available now - use this slug instead: meta-llama/llama-3.3-70b-instruct', 'code': 404}, 'user_id': 'user_3FWg0Y7hFwr9mi6ZEJfwxiglC7C'}), trying next provider…
2026-07-21T07:09:47.675863Z -> LLM Error in Generator: All LLM providers failed (non-rate-limit errors). Check API keys and quotas.
2026-07-21T07:09:48.046837Z   ✓ Q3/4 saved (bank now 4)
2026-07-21T07:09:50.047116Z --- RETRIEVING SYLLABUS & STUDENT HISTORY in parallel: Literature: Drama ---
2026-07-21T07:09:50.226955Z --- GENERATING ADAPTIVE MCQ IN ENGLISH ---
2026-07-21T07:09:50.358546Z -> OpenRouter error (NotFoundError: Error code: 404 - {'error': {'message': 'This model is unavailable for free. The paid version is available now - use this slug instead: meta-llama/llama-3.3-70b-instruct', 'code': 404}, 'user_id': 'user_3FWg0Y7hFwr9mi6ZEJfwxiglC7C'}), trying next provider…
2026-07-21T07:09:50.358611Z -> LLM Error in Generator: All LLM providers failed (non-rate-limit errors). Check API keys and quotas.
2026-07-21T07:09:50.760139Z   ✓ Q4/4 saved (bank now 5)
2026-07-21T07:09:52.760365Z [198/347] Bahasa Inggeris — Literature: Drama (Bahasa Melayu): generating 4 question(s)...
2026-07-21T07:09:52.760455Z --- RETRIEVING SYLLABUS & STUDENT HISTORY in parallel: Literature: Drama ---
2026-07-21T07:09:52.936888Z --- GENERATING ADAPTIVE MCQ IN BAHASA MELAYU ---
2026-07-21T07:09:53.005117Z -> OpenRouter error (NotFoundError: Error code: 404 - {'error': {'message': 'This model is unavailable for free. The paid version is available now - use this slug instead: meta-llama/llama-3.3-70b-instruct', 'code': 404}, 'user_id': 'user_3FWg0Y7hFwr9mi6ZEJfwxiglC7C'}), trying next provider…
2026-07-21T07:09:53.005195Z -> LLM Error in Generator: All LLM providers failed (non-rate-limit errors). Check API keys and quotas.
2026-07-21T07:09:53.374669Z   ✓ Q1/4 saved (bank now 2)
2026-07-21T07:09:55.374887Z --- RETRIEVING SYLLABUS & STUDENT HISTORY in parallel: Literature: Drama ---
2026-07-21T07:09:55.554227Z --- GENERATING ADAPTIVE MCQ IN BAHASA MELAYU ---
2026-07-21T07:09:56.008950Z -> OpenRouter error (NotFoundError: Error code: 404 - {'error': {'message': 'This model is unavailable for free. The paid version is available now - use this slug instead: meta-llama/llama-3.3-70b-instruct', 'code': 404}, 'user_id': 'user_3FWg0Y7hFwr9mi6ZEJfwxiglC7C'}), trying next provider…
2026-07-21T07:09:56.009047Z -> LLM Error in Generator: All LLM providers failed (non-rate-limit errors). Check API keys and quotas.
2026-07-21T07:09:56.389889Z   ✓ Q2/4 saved (bank now 3)
2026-07-21T07:09:58.390078Z --- RETRIEVING SYLLABUS & STUDENT HISTORY in parallel: Literature: Drama ---
2026-07-21T07:09:58.583901Z --- GENERATING ADAPTIVE MCQ IN BAHASA MELAYU ---
2026-07-21T07:09:58.606282Z -> OpenRouter error (NotFoundError: Error code: 404 - {'error': {'message': 'This model is unavailable for free. The paid version is available now - use this slug instead: meta-llama/llama-3.3-70b-instruct', 'code': 404}, 'user_id': 'user_3FWg0Y7hFwr9mi6ZEJfwxiglC7C'}), trying next provider…
2026-07-21T07:09:58.606426Z -> LLM Error in Generator: All LLM providers failed (non-rate-limit errors). Check API keys and quotas.
2026-07-21T07:09:58.966571Z   ✓ Q3/4 saved (bank now 4)
2026-07-21T07:10:00.966845Z --- RETRIEVING SYLLABUS & STUDENT HISTORY in parallel: Literature: Drama ---
2026-07-21T07:10:01.146584Z --- GENERATING ADAPTIVE MCQ IN BAHASA MELAYU ---
2026-07-21T07:10:01.164967Z -> OpenRouter error (NotFoundError: Error code: 404 - {'error': {'message': 'This model is unavailable for free. The paid version is available now - use this slug instead: meta-llama/llama-3.3-70b-instruct', 'code': 404}, 'user_id': 'user_3FWg0Y7hFwr9mi6ZEJfwxiglC7C'}), trying next provider…
2026-07-21T07:10:01.165025Z -> LLM Error in Generator: All LLM providers failed (non-rate-limit errors). Check API keys and quotas.
2026-07-21T07:10:01.539520Z   ✓ Q4/4 saved (bank now 5)
2026-07-21T07:10:03.539668Z [199/347] Bahasa Inggeris — Literature: Novel (English): generating 4 question(s)...
2026-07-21T07:10:03.539734Z --- RETRIEVING SYLLABUS & STUDENT HISTORY in parallel: Literature: Novel ---
2026-07-21T07:10:03.887235Z -> Retrieved 1 textbook chunk(s), 7 DSKP chunk(s)
2026-07-21T07:10:03.887658Z --- GENERATING ADAPTIVE MCQ IN ENGLISH ---
2026-07-21T07:10:03.905488Z -> OpenRouter error (NotFoundError: Error code: 404 - {'error': {'message': 'This model is unavailable for free. The paid version is available now - use this slug instead: meta-llama/llama-3.3-70b-instruct', 'code': 404}, 'user_id': 'user_3FWg0Y7hFwr9mi6ZEJfwxiglC7C'}), trying next provider…
2026-07-21T07:10:03.905561Z -> LLM Error in Generator: All LLM providers failed (non-rate-limit errors). Check API keys and quotas.
2026-07-21T07:10:04.285034Z   ✓ Q1/4 saved (bank now 2)
2026-07-21T07:10:06.285358Z --- RETRIEVING SYLLABUS & STUDENT HISTORY in parallel: Literature: Novel ---
2026-07-21T07:10:06.476686Z --- GENERATING ADAPTIVE MCQ IN ENGLISH ---
2026-07-21T07:10:06.958113Z -> OpenRouter error (NotFoundError: Error code: 404 - {'error': {'message': 'This model is unavailable for free. The paid version is available now - use this slug instead: meta-llama/llama-3.3-70b-instruct', 'code': 404}, 'user_id': 'user_3FWg0Y7hFwr9mi6ZEJfwxiglC7C'}), trying next provider…
2026-07-21T07:10:06.958210Z -> LLM Error in Generator: All LLM providers failed (non-rate-limit errors). Check API keys and quotas.
2026-07-21T07:10:07.343258Z   ✓ Q2/4 saved (bank now 3)
2026-07-21T07:10:09.343475Z --- RETRIEVING SYLLABUS & STUDENT HISTORY in parallel: Literature: Novel ---
2026-07-21T07:10:09.542561Z --- GENERATING ADAPTIVE MCQ IN ENGLISH ---
2026-07-21T07:10:09.572536Z -> OpenRouter error (NotFoundError: Error code: 404 - {'error': {'message': 'This model is unavailable for free. The paid version is available now - use this slug instead: meta-llama/llama-3.3-70b-instruct', 'code': 404}, 'user_id': 'user_3FWg0Y7hFwr9mi6ZEJfwxiglC7C'}), trying next provider…
2026-07-21T07:10:09.572603Z -> LLM Error in Generator: All LLM providers failed (non-rate-limit errors). Check API keys and quotas.
2026-07-21T07:10:09.964345Z   ✓ Q3/4 saved (bank now 4)
2026-07-21T07:10:11.964472Z --- RETRIEVING SYLLABUS & STUDENT HISTORY in parallel: Literature: Novel ---
2026-07-21T07:10:12.151717Z --- GENERATING ADAPTIVE MCQ IN ENGLISH ---
2026-07-21T07:10:12.178037Z -> OpenRouter error (NotFoundError: Error code: 404 - {'error': {'message': 'This model is unavailable for free. The paid version is available now - use this slug instead: meta-llama/llama-3.3-70b-instruct', 'code': 404}, 'user_id': 'user_3FWg0Y7hFwr9mi6ZEJfwxiglC7C'}), trying next provider…
2026-07-21T07:10:12.178133Z -> LLM Error in Generator: All LLM providers failed (non-rate-limit errors). Check API keys and quotas.
2026-07-21T07:10:12.545793Z   ✓ Q4/4 saved (bank now 5)
2026-07-21T07:10:14.545886Z [200/347] Bahasa Inggeris — Literature: Novel (Bahasa Melayu): generating 4 question(s)...
2026-07-21T07:10:14.545948Z --- RETRIEVING SYLLABUS & STUDENT HISTORY in parallel: Literature: Novel ---
2026-07-21T07:10:14.722796Z --- GENERATING ADAPTIVE MCQ IN BAHASA MELAYU ---
2026-07-21T07:10:14.940242Z -> OpenRouter error (NotFoundError: Error code: 404 - {'error': {'message': 'This model is unavailable for free. The paid version is available now - use this slug instead: meta-llama/llama-3.3-70b-instruct', 'code': 404}, 'user_id': 'user_3FWg0Y7hFwr9mi6ZEJfwxiglC7C'}), trying next provider…
2026-07-21T07:10:14.940366Z -> LLM Error in Generator: All LLM providers failed (non-rate-limit errors). Check API keys and quotas.
2026-07-21T07:10:15.333574Z   ✓ Q1/4 saved (bank now 2)
2026-07-21T07:10:17.333701Z --- RETRIEVING SYLLABUS & STUDENT HISTORY in parallel: Literature: Novel ---
2026-07-21T07:10:17.530960Z --- GENERATING ADAPTIVE MCQ IN BAHASA MELAYU ---
2026-07-21T07:10:18.914268Z   ✓ Q2/4 saved (bank now 3)
2026-07-21T07:10:20.914496Z --- RETRIEVING SYLLABUS & STUDENT HISTORY in parallel: Literature: Novel ---
2026-07-21T07:10:21.101197Z --- GENERATING ADAPTIVE MCQ IN BAHASA MELAYU ---
2026-07-21T07:10:22.629245Z   ✓ Q3/4 saved (bank now 4)
2026-07-21T07:10:24.629478Z --- RETRIEVING SYLLABUS & STUDENT HISTORY in parallel: Literature: Novel ---
2026-07-21T07:10:24.811637Z --- GENERATING ADAPTIVE MCQ IN BAHASA MELAYU ---
2026-07-21T07:10:26.698286Z -> Cerebras: cooling for 65s.
2026-07-21T07:10:26.734182Z -> GroqCloud: cooling for 65s.
2026-07-21T07:10:26.785357Z -> OpenRouter error (NotFoundError: Error code: 404 - {'error': {'message': 'This model is unavailable for free. The paid version is available now - use this slug instead: meta-llama/llama-3.3-70b-instruct', 'code': 404}, 'user_id': 'user_3FWg0Y7hFwr9mi6ZEJfwxiglC7C'}), trying next provider…
2026-07-21T07:10:26.785490Z -> LLM Error in Generator: All LLM providers failed (non-rate-limit errors). Check API keys and quotas.
2026-07-21T07:10:27.305169Z   ✓ Q4/4 saved (bank now 5)
2026-07-21T07:10:29.305422Z [201/347] Bahasa Inggeris — Grammar in Context (English): generating 4 question(s)...
2026-07-21T07:10:29.305544Z --- RETRIEVING SYLLABUS & STUDENT HISTORY in parallel: Grammar in Context ---
2026-07-21T07:10:29.723455Z -> Retrieved 0 textbook chunk(s), 8 DSKP chunk(s)
2026-07-21T07:10:29.724072Z --- GENERATING ADAPTIVE MCQ IN ENGLISH ---
2026-07-21T07:10:29.740268Z -> OpenRouter error (NotFoundError: Error code: 404 - {'error': {'message': 'This model is unavailable for free. The paid version is available now - use this slug instead: meta-llama/llama-3.3-70b-instruct', 'code': 404}, 'user_id': 'user_3FWg0Y7hFwr9mi6ZEJfwxiglC7C'}), trying next provider…
2026-07-21T07:10:29.740363Z -> LLM Error in Generator: All LLM providers failed (non-rate-limit errors). Check API keys and quotas.
2026-07-21T07:10:30.106099Z   ✓ Q1/4 saved (bank now 2)
2026-07-21T07:10:32.106381Z --- RETRIEVING SYLLABUS & STUDENT HISTORY in parallel: Grammar in Context ---
2026-07-21T07:10:32.296734Z --- GENERATING ADAPTIVE MCQ IN ENGLISH ---
2026-07-21T07:10:32.316795Z -> OpenRouter error (NotFoundError: Error code: 404 - {'error': {'message': 'This model is unavailable for free. The paid version is available now - use this slug instead: meta-llama/llama-3.3-70b-instruct', 'code': 404}, 'user_id': 'user_3FWg0Y7hFwr9mi6ZEJfwxiglC7C'}), trying next provider…
2026-07-21T07:10:32.316844Z -> LLM Error in Generator: All LLM providers failed (non-rate-limit errors). Check API keys and quotas.
2026-07-21T07:10:32.735998Z   ✓ Q2/4 saved (bank now 3)
2026-07-21T07:10:34.736263Z --- RETRIEVING SYLLABUS & STUDENT HISTORY in parallel: Grammar in Context ---
2026-07-21T07:10:34.935925Z --- GENERATING ADAPTIVE MCQ IN ENGLISH ---
2026-07-21T07:10:34.955361Z -> OpenRouter error (NotFoundError: Error code: 404 - {'error': {'message': 'This model is unavailable for free. The paid version is available now - use this slug instead: meta-llama/llama-3.3-70b-instruct', 'code': 404}, 'user_id': 'user_3FWg0Y7hFwr9mi6ZEJfwxiglC7C'}), trying next provider…
2026-07-21T07:10:34.955448Z -> LLM Error in Generator: All LLM providers failed (non-rate-limit errors). Check API keys and quotas.
2026-07-21T07:10:35.350601Z   ✓ Q3/4 saved (bank now 4)
2026-07-21T07:10:37.350739Z --- RETRIEVING SYLLABUS & STUDENT HISTORY in parallel: Grammar in Context ---
2026-07-21T07:10:37.535105Z --- GENERATING ADAPTIVE MCQ IN ENGLISH ---
2026-07-21T07:10:37.552596Z -> OpenRouter error (NotFoundError: Error code: 404 - {'error': {'message': 'This model is unavailable for free. The paid version is available now - use this slug instead: meta-llama/llama-3.3-70b-instruct', 'code': 404}, 'user_id': 'user_3FWg0Y7hFwr9mi6ZEJfwxiglC7C'}), trying next provider…
2026-07-21T07:10:37.552649Z -> LLM Error in Generator: All LLM providers failed (non-rate-limit errors). Check API keys and quotas.
2026-07-21T07:10:37.927992Z   ✓ Q4/4 saved (bank now 5)
2026-07-21T07:10:39.928405Z [202/347] Bahasa Inggeris — Grammar in Context (Bahasa Melayu): generating 4 question(s)...
2026-07-21T07:10:39.928502Z --- RETRIEVING SYLLABUS & STUDENT HISTORY in parallel: Grammar in Context ---
2026-07-21T07:10:40.113694Z --- GENERATING ADAPTIVE MCQ IN BAHASA MELAYU ---
2026-07-21T07:10:40.136411Z -> OpenRouter error (NotFoundError: Error code: 404 - {'error': {'message': 'This model is unavailable for free. The paid version is available now - use this slug instead: meta-llama/llama-3.3-70b-instruct', 'code': 404}, 'user_id': 'user_3FWg0Y7hFwr9mi6ZEJfwxiglC7C'}), trying next provider…
2026-07-21T07:10:40.136494Z -> LLM Error in Generator: All LLM providers failed (non-rate-limit errors). Check API keys and quotas.
2026-07-21T07:10:40.518403Z   ✓ Q1/4 saved (bank now 2)
2026-07-21T07:10:42.518540Z --- RETRIEVING SYLLABUS & STUDENT HISTORY in parallel: Grammar in Context ---
2026-07-21T07:10:42.777754Z --- GENERATING ADAPTIVE MCQ IN BAHASA MELAYU ---
2026-07-21T07:10:42.803753Z -> OpenRouter error (NotFoundError: Error code: 404 - {'error': {'message': 'This model is unavailable for free. The paid version is available now - use this slug instead: meta-llama/llama-3.3-70b-instruct', 'code': 404}, 'user_id': 'user_3FWg0Y7hFwr9mi6ZEJfwxiglC7C'}), trying next provider…
2026-07-21T07:10:42.803807Z -> LLM Error in Generator: All LLM providers failed (non-rate-limit errors). Check API keys and quotas.
2026-07-21T07:10:43.192189Z   ✓ Q2/4 saved (bank now 3)
2026-07-21T07:10:45.192503Z --- RETRIEVING SYLLABUS & STUDENT HISTORY in parallel: Grammar in Context ---
2026-07-21T07:10:45.380067Z --- GENERATING ADAPTIVE MCQ IN BAHASA MELAYU ---
2026-07-21T07:10:45.401730Z -> OpenRouter error (NotFoundError: Error code: 404 - {'error': {'message': 'This model is unavailable for free. The paid version is available now - use this slug instead: meta-llama/llama-3.3-70b-instruct', 'code': 404}, 'user_id': 'user_3FWg0Y7hFwr9mi6ZEJfwxiglC7C'}), trying next provider…
2026-07-21T07:10:45.401798Z -> LLM Error in Generator: All LLM providers failed (non-rate-limit errors). Check API keys and quotas.
2026-07-21T07:10:45.775399Z   ✓ Q3/4 saved (bank now 4)
2026-07-21T07:10:47.775588Z --- RETRIEVING SYLLABUS & STUDENT HISTORY in parallel: Grammar in Context ---
2026-07-21T07:10:47.971721Z --- GENERATING ADAPTIVE MCQ IN BAHASA MELAYU ---
2026-07-21T07:10:47.989926Z -> OpenRouter error (NotFoundError: Error code: 404 - {'error': {'message': 'This model is unavailable for free. The paid version is available now - use this slug instead: meta-llama/llama-3.3-70b-instruct', 'code': 404}, 'user_id': 'user_3FWg0Y7hFwr9mi6ZEJfwxiglC7C'}), trying next provider…
2026-07-21T07:10:47.990019Z -> LLM Error in Generator: All LLM providers failed (non-rate-limit errors). Check API keys and quotas.
2026-07-21T07:10:48.365978Z   ✓ Q4/4 saved (bank now 5)
2026-07-21T07:10:50.366163Z [203/347] Bahasa Inggeris — Vocabulary Building (English): generating 4 question(s)...
2026-07-21T07:10:50.366233Z --- RETRIEVING SYLLABUS & STUDENT HISTORY in parallel: Vocabulary Building ---
2026-07-21T07:10:50.806268Z -> Retrieved 4 textbook chunk(s), 4 DSKP chunk(s)
2026-07-21T07:10:50.807150Z --- GENERATING ADAPTIVE MCQ IN ENGLISH ---
2026-07-21T07:10:50.851671Z -> OpenRouter error (NotFoundError: Error code: 404 - {'error': {'message': 'This model is unavailable for free. The paid version is available now - use this slug instead: meta-llama/llama-3.3-70b-instruct', 'code': 404}, 'user_id': 'user_3FWg0Y7hFwr9mi6ZEJfwxiglC7C'}), trying next provider…
2026-07-21T07:10:50.851746Z -> LLM Error in Generator: All LLM providers failed (non-rate-limit errors). Check API keys and quotas.
2026-07-21T07:10:51.250371Z   ✓ Q1/4 saved (bank now 3)
2026-07-21T07:10:53.250546Z --- RETRIEVING SYLLABUS & STUDENT HISTORY in parallel: Vocabulary Building ---
2026-07-21T07:10:53.446070Z --- GENERATING ADAPTIVE MCQ IN ENGLISH ---
2026-07-21T07:10:53.477605Z -> OpenRouter error (NotFoundError: Error code: 404 - {'error': {'message': 'This model is unavailable for free. The paid version is available now - use this slug instead: meta-llama/llama-3.3-70b-instruct', 'code': 404}, 'user_id': 'user_3FWg0Y7hFwr9mi6ZEJfwxiglC7C'}), trying next provider…
2026-07-21T07:10:53.477680Z -> LLM Error in Generator: All LLM providers failed (non-rate-limit errors). Check API keys and quotas.
2026-07-21T07:10:53.860393Z   ✓ Q2/4 saved (bank now 4)
2026-07-21T07:10:55.860710Z --- RETRIEVING SYLLABUS & STUDENT HISTORY in parallel: Vocabulary Building ---
2026-07-21T07:10:56.119110Z --- GENERATING ADAPTIVE MCQ IN ENGLISH ---
2026-07-21T07:10:56.140939Z -> OpenRouter error (NotFoundError: Error code: 404 - {'error': {'message': 'This model is unavailable for free. The paid version is available now - use this slug instead: meta-llama/llama-3.3-70b-instruct', 'code': 404}, 'user_id': 'user_3FWg0Y7hFwr9mi6ZEJfwxiglC7C'}), trying next provider…
2026-07-21T07:10:56.141003Z -> LLM Error in Generator: All LLM providers failed (non-rate-limit errors). Check API keys and quotas.
2026-07-21T07:10:56.567893Z   ✓ Q3/4 saved (bank now 5)
2026-07-21T07:10:58.568253Z --- RETRIEVING SYLLABUS & STUDENT HISTORY in parallel: Vocabulary Building ---
2026-07-21T07:10:58.756579Z --- GENERATING ADAPTIVE MCQ IN ENGLISH ---
2026-07-21T07:10:58.790959Z -> OpenRouter error (NotFoundError: Error code: 404 - {'error': {'message': 'This model is unavailable for free. The paid version is available now - use this slug instead: meta-llama/llama-3.3-70b-instruct', 'code': 404}, 'user_id': 'user_3FWg0Y7hFwr9mi6ZEJfwxiglC7C'}), trying next provider…
2026-07-21T07:10:58.791006Z -> LLM Error in Generator: All LLM providers failed (non-rate-limit errors). Check API keys and quotas.
2026-07-21T07:10:59.179088Z   ✓ Q4/4 saved (bank now 5)
2026-07-21T07:11:01.179397Z [204/347] Bahasa Inggeris — Vocabulary Building (Bahasa Melayu): generating 4 question(s)...
2026-07-21T07:11:01.179478Z --- RETRIEVING SYLLABUS & STUDENT HISTORY in parallel: Vocabulary Building ---
2026-07-21T07:11:01.400059Z --- GENERATING ADAPTIVE MCQ IN BAHASA MELAYU ---
2026-07-21T07:11:01.422988Z -> OpenRouter error (NotFoundError: Error code: 404 - {'error': {'message': 'This model is unavailable for free. The paid version is available now - use this slug instead: meta-llama/llama-3.3-70b-instruct', 'code': 404}, 'user_id': 'user_3FWg0Y7hFwr9mi6ZEJfwxiglC7C'}), trying next provider…
2026-07-21T07:11:01.423072Z -> LLM Error in Generator: All LLM providers failed (non-rate-limit errors). Check API keys and quotas.
2026-07-21T07:11:01.810710Z   ✓ Q1/4 saved (bank now 2)
2026-07-21T07:11:03.811023Z --- RETRIEVING SYLLABUS & STUDENT HISTORY in parallel: Vocabulary Building ---
2026-07-21T07:11:04.003201Z --- GENERATING ADAPTIVE MCQ IN BAHASA MELAYU ---
2026-07-21T07:11:04.026175Z -> OpenRouter error (NotFoundError: Error code: 404 - {'error': {'message': 'This model is unavailable for free. The paid version is available now - use this slug instead: meta-llama/llama-3.3-70b-instruct', 'code': 404}, 'user_id': 'user_3FWg0Y7hFwr9mi6ZEJfwxiglC7C'}), trying next provider…
2026-07-21T07:11:04.026372Z -> LLM Error in Generator: All LLM providers failed (non-rate-limit errors). Check API keys and quotas.
2026-07-21T07:11:04.400711Z   ✓ Q2/4 saved (bank now 3)
2026-07-21T07:11:06.401031Z --- RETRIEVING SYLLABUS & STUDENT HISTORY in parallel: Vocabulary Building ---
2026-07-21T07:11:06.580066Z --- GENERATING ADAPTIVE MCQ IN BAHASA MELAYU ---
2026-07-21T07:11:06.599934Z -> OpenRouter error (NotFoundError: Error code: 404 - {'error': {'message': 'This model is unavailable for free. The paid version is available now - use this slug instead: meta-llama/llama-3.3-70b-instruct', 'code': 404}, 'user_id': 'user_3FWg0Y7hFwr9mi6ZEJfwxiglC7C'}), trying next provider…
2026-07-21T07:11:06.600025Z -> LLM Error in Generator: All LLM providers failed (non-rate-limit errors). Check API keys and quotas.
2026-07-21T07:11:06.972976Z   ✓ Q3/4 saved (bank now 4)
2026-07-21T07:11:08.973142Z --- RETRIEVING SYLLABUS & STUDENT HISTORY in parallel: Vocabulary Building ---
2026-07-21T07:11:09.157278Z --- GENERATING ADAPTIVE MCQ IN BAHASA MELAYU ---
2026-07-21T07:11:09.178930Z -> OpenRouter error (NotFoundError: Error code: 404 - {'error': {'message': 'This model is unavailable for free. The paid version is available now - use this slug instead: meta-llama/llama-3.3-70b-instruct', 'code': 404}, 'user_id': 'user_3FWg0Y7hFwr9mi6ZEJfwxiglC7C'}), trying next provider…
2026-07-21T07:11:09.178991Z -> LLM Error in Generator: All LLM providers failed (non-rate-limit errors). Check API keys and quotas.
2026-07-21T07:11:09.565394Z   ✓ Q4/4 saved (bank now 5)
2026-07-21T07:11:11.565530Z [205/347] Bahasa Inggeris — Continuous Writing (English): generating 4 question(s)...
2026-07-21T07:11:11.565602Z --- RETRIEVING SYLLABUS & STUDENT HISTORY in parallel: Continuous Writing ---
2026-07-21T07:11:12.006171Z -> Retrieved 1 textbook chunk(s), 7 DSKP chunk(s)
2026-07-21T07:11:12.006455Z --- GENERATING ADAPTIVE MCQ IN ENGLISH ---
2026-07-21T07:11:12.032988Z -> OpenRouter error (NotFoundError: Error code: 404 - {'error': {'message': 'This model is unavailable for free. The paid version is available now - use this slug instead: meta-llama/llama-3.3-70b-instruct', 'code': 404}, 'user_id': 'user_3FWg0Y7hFwr9mi6ZEJfwxiglC7C'}), trying next provider…
2026-07-21T07:11:12.033046Z -> LLM Error in Generator: All LLM providers failed (non-rate-limit errors). Check API keys and quotas.
2026-07-21T07:11:12.409492Z   ✓ Q1/4 saved (bank now 2)
2026-07-21T07:11:14.409713Z --- RETRIEVING SYLLABUS & STUDENT HISTORY in parallel: Continuous Writing ---
2026-07-21T07:11:14.595473Z --- GENERATING ADAPTIVE MCQ IN ENGLISH ---
2026-07-21T07:11:14.615836Z -> OpenRouter error (NotFoundError: Error code: 404 - {'error': {'message': 'This model is unavailable for free. The paid version is available now - use this slug instead: meta-llama/llama-3.3-70b-instruct', 'code': 404}, 'user_id': 'user_3FWg0Y7hFwr9mi6ZEJfwxiglC7C'}), trying next provider…
2026-07-21T07:11:14.615914Z -> LLM Error in Generator: All LLM providers failed (non-rate-limit errors). Check API keys and quotas.
2026-07-21T07:11:14.974912Z   ✓ Q2/4 saved (bank now 3)
2026-07-21T07:11:16.975180Z --- RETRIEVING SYLLABUS & STUDENT HISTORY in parallel: Continuous Writing ---
2026-07-21T07:11:17.162402Z --- GENERATING ADAPTIVE MCQ IN ENGLISH ---
2026-07-21T07:11:17.197164Z -> OpenRouter error (NotFoundError: Error code: 404 - {'error': {'message': 'This model is unavailable for free. The paid version is available now - use this slug instead: meta-llama/llama-3.3-70b-instruct', 'code': 404}, 'user_id': 'user_3FWg0Y7hFwr9mi6ZEJfwxiglC7C'}), trying next provider…
2026-07-21T07:11:17.197237Z -> LLM Error in Generator: All LLM providers failed (non-rate-limit errors). Check API keys and quotas.
2026-07-21T07:11:17.569663Z   ✓ Q3/4 saved (bank now 4)
2026-07-21T07:11:19.569932Z --- RETRIEVING SYLLABUS & STUDENT HISTORY in parallel: Continuous Writing ---
2026-07-21T07:11:19.749636Z --- GENERATING ADAPTIVE MCQ IN ENGLISH ---
2026-07-21T07:11:19.770620Z -> OpenRouter error (NotFoundError: Error code: 404 - {'error': {'message': 'This model is unavailable for free. The paid version is available now - use this slug instead: meta-llama/llama-3.3-70b-instruct', 'code': 404}, 'user_id': 'user_3FWg0Y7hFwr9mi6ZEJfwxiglC7C'}), trying next provider…
2026-07-21T07:11:19.770709Z -> LLM Error in Generator: All LLM providers failed (non-rate-limit errors). Check API keys and quotas.
2026-07-21T07:11:20.143641Z   ✓ Q4/4 saved (bank now 5)
2026-07-21T07:11:22.143876Z [206/347] Bahasa Inggeris — Continuous Writing (Bahasa Melayu): generating 5 question(s)...
2026-07-21T07:11:22.143959Z --- RETRIEVING SYLLABUS & STUDENT HISTORY in parallel: Continuous Writing ---
2026-07-21T07:11:22.337263Z --- GENERATING ADAPTIVE MCQ IN BAHASA MELAYU ---
2026-07-21T07:11:22.366948Z -> OpenRouter error (NotFoundError: Error code: 404 - {'error': {'message': 'This model is unavailable for free. The paid version is available now - use this slug instead: meta-llama/llama-3.3-70b-instruct', 'code': 404}, 'user_id': 'user_3FWg0Y7hFwr9mi6ZEJfwxiglC7C'}), trying next provider…
2026-07-21T07:11:22.367035Z -> LLM Error in Generator: All LLM providers failed (non-rate-limit errors). Check API keys and quotas.
2026-07-21T07:11:22.725140Z   ✓ Q1/5 saved (bank now 1)
2026-07-21T07:11:24.725384Z --- RETRIEVING SYLLABUS & STUDENT HISTORY in parallel: Continuous Writing ---
2026-07-21T07:11:24.903492Z --- GENERATING ADAPTIVE MCQ IN BAHASA MELAYU ---
2026-07-21T07:11:24.930439Z -> OpenRouter error (NotFoundError: Error code: 404 - {'error': {'message': 'This model is unavailable for free. The paid version is available now - use this slug instead: meta-llama/llama-3.3-70b-instruct', 'code': 404}, 'user_id': 'user_3FWg0Y7hFwr9mi6ZEJfwxiglC7C'}), trying next provider…
2026-07-21T07:11:24.930488Z -> LLM Error in Generator: All LLM providers failed (non-rate-limit errors). Check API keys and quotas.
2026-07-21T07:11:25.308606Z   ✓ Q2/5 saved (bank now 2)
2026-07-21T07:11:27.308817Z --- RETRIEVING SYLLABUS & STUDENT HISTORY in parallel: Continuous Writing ---
2026-07-21T07:11:27.494066Z --- GENERATING ADAPTIVE MCQ IN BAHASA MELAYU ---
2026-07-21T07:11:27.519881Z -> OpenRouter error (NotFoundError: Error code: 404 - {'error': {'message': 'This model is unavailable for free. The paid version is available now - use this slug instead: meta-llama/llama-3.3-70b-instruct', 'code': 404}, 'user_id': 'user_3FWg0Y7hFwr9mi6ZEJfwxiglC7C'}), trying next provider…
2026-07-21T07:11:27.519948Z -> LLM Error in Generator: All LLM providers failed (non-rate-limit errors). Check API keys and quotas.
2026-07-21T07:11:27.877946Z   ✓ Q3/5 saved (bank now 3)
2026-07-21T07:11:29.878211Z --- RETRIEVING SYLLABUS & STUDENT HISTORY in parallel: Continuous Writing ---
2026-07-21T07:11:30.058613Z --- GENERATING ADAPTIVE MCQ IN BAHASA MELAYU ---
2026-07-21T07:11:30.085114Z -> OpenRouter error (NotFoundError: Error code: 404 - {'error': {'message': 'This model is unavailable for free. The paid version is available now - use this slug instead: meta-llama/llama-3.3-70b-instruct', 'code': 404}, 'user_id': 'user_3FWg0Y7hFwr9mi6ZEJfwxiglC7C'}), trying next provider…
2026-07-21T07:11:30.085164Z -> LLM Error in Generator: All LLM providers failed (non-rate-limit errors). Check API keys and quotas.
2026-07-21T07:11:30.465485Z   ✓ Q4/5 saved (bank now 4)
2026-07-21T07:11:32.465665Z --- RETRIEVING SYLLABUS & STUDENT HISTORY in parallel: Continuous Writing ---
2026-07-21T07:11:32.696403Z --- GENERATING ADAPTIVE MCQ IN BAHASA MELAYU ---
2026-07-21T07:11:34.584205Z -> Cerebras: cooling for 65s.
2026-07-21T07:11:34.620573Z -> GroqCloud: cooling for 65s.
2026-07-21T07:11:34.643823Z -> OpenRouter error (NotFoundError: Error code: 404 - {'error': {'message': 'This model is unavailable for free. The paid version is available now - use this slug instead: meta-llama/llama-3.3-70b-instruct', 'code': 404}, 'user_id': 'user_3FWg0Y7hFwr9mi6ZEJfwxiglC7C'}), trying next provider…
2026-07-21T07:11:34.643900Z -> LLM Error in Generator: All LLM providers failed (non-rate-limit errors). Check API keys and quotas.
2026-07-21T07:11:35.020179Z   ✓ Q5/5 saved (bank now 5)
2026-07-21T07:11:37.020399Z [207/347] Bahasa Inggeris — Directed Writing (English): generating 5 question(s)...
2026-07-21T07:11:37.020488Z --- RETRIEVING SYLLABUS & STUDENT HISTORY in parallel: Directed Writing ---
2026-07-21T07:11:37.309043Z -> Retrieved 0 textbook chunk(s), 8 DSKP chunk(s)
2026-07-21T07:11:37.309504Z --- GENERATING ADAPTIVE MCQ IN ENGLISH ---
2026-07-21T07:11:37.346464Z -> OpenRouter error (NotFoundError: Error code: 404 - {'error': {'message': 'This model is unavailable for free. The paid version is available now - use this slug instead: meta-llama/llama-3.3-70b-instruct', 'code': 404}, 'user_id': 'user_3FWg0Y7hFwr9mi6ZEJfwxiglC7C'}), trying next provider…
2026-07-21T07:11:37.346556Z -> LLM Error in Generator: All LLM providers failed (non-rate-limit errors). Check API keys and quotas.
2026-07-21T07:11:37.716557Z   ✓ Q1/5 saved (bank now 1)
2026-07-21T07:11:39.716810Z --- RETRIEVING SYLLABUS & STUDENT HISTORY in parallel: Directed Writing ---
2026-07-21T07:11:39.906365Z --- GENERATING ADAPTIVE MCQ IN ENGLISH ---
2026-07-21T07:11:39.929959Z -> OpenRouter error (NotFoundError: Error code: 404 - {'error': {'message': 'This model is unavailable for free. The paid version is available now - use this slug instead: meta-llama/llama-3.3-70b-instruct', 'code': 404}, 'user_id': 'user_3FWg0Y7hFwr9mi6ZEJfwxiglC7C'}), trying next provider…
2026-07-21T07:11:39.930028Z -> LLM Error in Generator: All LLM providers failed (non-rate-limit errors). Check API keys and quotas.
2026-07-21T07:11:40.297978Z   ✓ Q2/5 saved (bank now 2)
2026-07-21T07:11:42.298234Z --- RETRIEVING SYLLABUS & STUDENT HISTORY in parallel: Directed Writing ---
2026-07-21T07:11:42.487437Z --- GENERATING ADAPTIVE MCQ IN ENGLISH ---
2026-07-21T07:11:42.508634Z -> OpenRouter error (NotFoundError: Error code: 404 - {'error': {'message': 'This model is unavailable for free. The paid version is available now - use this slug instead: meta-llama/llama-3.3-70b-instruct', 'code': 404}, 'user_id': 'user_3FWg0Y7hFwr9mi6ZEJfwxiglC7C'}), trying next provider…
2026-07-21T07:11:42.508694Z -> LLM Error in Generator: All LLM providers failed (non-rate-limit errors). Check API keys and quotas.
2026-07-21T07:11:42.885044Z   ✓ Q3/5 saved (bank now 3)
2026-07-21T07:11:44.885285Z --- RETRIEVING SYLLABUS & STUDENT HISTORY in parallel: Directed Writing ---
2026-07-21T07:11:45.117140Z --- GENERATING ADAPTIVE MCQ IN ENGLISH ---
2026-07-21T07:11:45.149799Z -> OpenRouter error (NotFoundError: Error code: 404 - {'error': {'message': 'This model is unavailable for free. The paid version is available now - use this slug instead: meta-llama/llama-3.3-70b-instruct', 'code': 404}, 'user_id': 'user_3FWg0Y7hFwr9mi6ZEJfwxiglC7C'}), trying next provider…
2026-07-21T07:11:45.149860Z -> LLM Error in Generator: All LLM providers failed (non-rate-limit errors). Check API keys and quotas.
2026-07-21T07:11:45.519788Z   ✓ Q4/5 saved (bank now 4)
2026-07-21T07:11:47.519976Z --- RETRIEVING SYLLABUS & STUDENT HISTORY in parallel: Directed Writing ---
2026-07-21T07:11:47.715168Z --- GENERATING ADAPTIVE MCQ IN ENGLISH ---
2026-07-21T07:11:47.733095Z -> OpenRouter error (NotFoundError: Error code: 404 - {'error': {'message': 'This model is unavailable for free. The paid version is available now - use this slug instead: meta-llama/llama-3.3-70b-instruct', 'code': 404}, 'user_id': 'user_3FWg0Y7hFwr9mi6ZEJfwxiglC7C'}), trying next provider…
2026-07-21T07:11:47.733146Z -> LLM Error in Generator: All LLM providers failed (non-rate-limit errors). Check API keys and quotas.
2026-07-21T07:11:48.106789Z   ✓ Q5/5 saved (bank now 5)
2026-07-21T07:11:50.107060Z [208/347] Bahasa Inggeris — Directed Writing (Bahasa Melayu): generating 5 question(s)...
2026-07-21T07:11:50.107174Z --- RETRIEVING SYLLABUS & STUDENT HISTORY in parallel: Directed Writing ---
2026-07-21T07:11:50.294134Z --- GENERATING ADAPTIVE MCQ IN BAHASA MELAYU ---
2026-07-21T07:11:50.318259Z -> OpenRouter error (NotFoundError: Error code: 404 - {'error': {'message': 'This model is unavailable for free. The paid version is available now - use this slug instead: meta-llama/llama-3.3-70b-instruct', 'code': 404}, 'user_id': 'user_3FWg0Y7hFwr9mi6ZEJfwxiglC7C'}), trying next provider…
2026-07-21T07:11:50.318334Z -> LLM Error in Generator: All LLM providers failed (non-rate-limit errors). Check API keys and quotas.
2026-07-21T07:11:50.686401Z   ✓ Q1/5 saved (bank now 1)
2026-07-21T07:11:52.686607Z --- RETRIEVING SYLLABUS & STUDENT HISTORY in parallel: Directed Writing ---
2026-07-21T07:11:52.869606Z --- GENERATING ADAPTIVE MCQ IN BAHASA MELAYU ---
2026-07-21T07:11:52.887585Z -> OpenRouter error (NotFoundError: Error code: 404 - {'error': {'message': 'This model is unavailable for free. The paid version is available now - use this slug instead: meta-llama/llama-3.3-70b-instruct', 'code': 404}, 'user_id': 'user_3FWg0Y7hFwr9mi6ZEJfwxiglC7C'}), trying next provider…
2026-07-21T07:11:52.887670Z -> LLM Error in Generator: All LLM providers failed (non-rate-limit errors). Check API keys and quotas.
2026-07-21T07:11:53.260982Z   ✓ Q2/5 saved (bank now 2)
2026-07-21T07:11:55.261250Z --- RETRIEVING SYLLABUS & STUDENT HISTORY in parallel: Directed Writing ---
2026-07-21T07:11:55.445745Z --- GENERATING ADAPTIVE MCQ IN BAHASA MELAYU ---
2026-07-21T07:11:55.470560Z -> OpenRouter error (NotFoundError: Error code: 404 - {'error': {'message': 'This model is unavailable for free. The paid version is available now - use this slug instead: meta-llama/llama-3.3-70b-instruct', 'code': 404}, 'user_id': 'user_3FWg0Y7hFwr9mi6ZEJfwxiglC7C'}), trying next provider…
2026-07-21T07:11:55.470652Z -> LLM Error in Generator: All LLM providers failed (non-rate-limit errors). Check API keys and quotas.
2026-07-21T07:11:55.853280Z   ✓ Q3/5 saved (bank now 3)
2026-07-21T07:11:57.853543Z --- RETRIEVING SYLLABUS & STUDENT HISTORY in parallel: Directed Writing ---
2026-07-21T07:11:58.048759Z --- GENERATING ADAPTIVE MCQ IN BAHASA MELAYU ---
2026-07-21T07:11:58.069641Z -> OpenRouter error (NotFoundError: Error code: 404 - {'error': {'message': 'This model is unavailable for free. The paid version is available now - use this slug instead: meta-llama/llama-3.3-70b-instruct', 'code': 404}, 'user_id': 'user_3FWg0Y7hFwr9mi6ZEJfwxiglC7C'}), trying next provider…
2026-07-21T07:11:58.069716Z -> LLM Error in Generator: All LLM providers failed (non-rate-limit errors). Check API keys and quotas.
2026-07-21T07:11:58.430840Z   ✓ Q4/5 saved (bank now 4)
2026-07-21T07:12:00.431020Z --- RETRIEVING SYLLABUS & STUDENT HISTORY in parallel: Directed Writing ---
2026-07-21T07:12:00.626063Z --- GENERATING ADAPTIVE MCQ IN BAHASA MELAYU ---
2026-07-21T07:12:00.696634Z -> OpenRouter error (NotFoundError: Error code: 404 - {'error': {'message': 'This model is unavailable for free. The paid version is available now - use this slug instead: meta-llama/llama-3.3-70b-instruct', 'code': 404}, 'user_id': 'user_3FWg0Y7hFwr9mi6ZEJfwxiglC7C'}), trying next provider…
2026-07-21T07:12:00.696694Z -> LLM Error in Generator: All LLM providers failed (non-rate-limit errors). Check API keys and quotas.
2026-07-21T07:12:01.087210Z   ✓ Q5/5 saved (bank now 5)
2026-07-21T07:12:03.087401Z [209/347] Bahasa Inggeris — Society and Community (English): generating 4 question(s)...
2026-07-21T07:12:03.087483Z --- RETRIEVING SYLLABUS & STUDENT HISTORY in parallel: Society and Community ---
2026-07-21T07:12:03.766585Z -> Retrieved 5 textbook chunk(s), 3 DSKP chunk(s)
2026-07-21T07:12:03.767125Z --- GENERATING ADAPTIVE MCQ IN ENGLISH ---
2026-07-21T07:12:03.790044Z -> OpenRouter error (NotFoundError: Error code: 404 - {'error': {'message': 'This model is unavailable for free. The paid version is available now - use this slug instead: meta-llama/llama-3.3-70b-instruct', 'code': 404}, 'user_id': 'user_3FWg0Y7hFwr9mi6ZEJfwxiglC7C'}), trying next provider…
2026-07-21T07:12:03.790094Z -> LLM Error in Generator: All LLM providers failed (non-rate-limit errors). Check API keys and quotas.
2026-07-21T07:12:04.183592Z   ✓ Q1/4 saved (bank now 2)
2026-07-21T07:12:06.183776Z --- RETRIEVING SYLLABUS & STUDENT HISTORY in parallel: Society and Community ---
2026-07-21T07:12:06.374945Z --- GENERATING ADAPTIVE MCQ IN ENGLISH ---
2026-07-21T07:12:06.430602Z -> OpenRouter error (NotFoundError: Error code: 404 - {'error': {'message': 'This model is unavailable for free. The paid version is available now - use this slug instead: meta-llama/llama-3.3-70b-instruct', 'code': 404}, 'user_id': 'user_3FWg0Y7hFwr9mi6ZEJfwxiglC7C'}), trying next provider…
2026-07-21T07:12:06.430690Z -> LLM Error in Generator: All LLM providers failed (non-rate-limit errors). Check API keys and quotas.
2026-07-21T07:12:06.825293Z   ✓ Q2/4 saved (bank now 3)
2026-07-21T07:12:08.825448Z --- RETRIEVING SYLLABUS & STUDENT HISTORY in parallel: Society and Community ---
2026-07-21T07:12:09.017080Z --- GENERATING ADAPTIVE MCQ IN ENGLISH ---
2026-07-21T07:12:09.036801Z -> OpenRouter error (NotFoundError: Error code: 404 - {'error': {'message': 'This model is unavailable for free. The paid version is available now - use this slug instead: meta-llama/llama-3.3-70b-instruct', 'code': 404}, 'user_id': 'user_3FWg0Y7hFwr9mi6ZEJfwxiglC7C'}), trying next provider…
2026-07-21T07:12:09.036868Z -> LLM Error in Generator: All LLM providers failed (non-rate-limit errors). Check API keys and quotas.
2026-07-21T07:12:09.430191Z   ✓ Q3/4 saved (bank now 4)
2026-07-21T07:12:11.430423Z --- RETRIEVING SYLLABUS & STUDENT HISTORY in parallel: Society and Community ---
2026-07-21T07:12:11.630963Z --- GENERATING ADAPTIVE MCQ IN ENGLISH ---
2026-07-21T07:12:11.649174Z -> OpenRouter error (NotFoundError: Error code: 404 - {'error': {'message': 'This model is unavailable for free. The paid version is available now - use this slug instead: meta-llama/llama-3.3-70b-instruct', 'code': 404}, 'user_id': 'user_3FWg0Y7hFwr9mi6ZEJfwxiglC7C'}), trying next provider…
2026-07-21T07:12:11.649271Z -> LLM Error in Generator: All LLM providers failed (non-rate-limit errors). Check API keys and quotas.
2026-07-21T07:12:12.026188Z   ✓ Q4/4 saved (bank now 5)
2026-07-21T07:12:14.026481Z [210/347] Bahasa Inggeris — Society and Community (Bahasa Melayu): generating 4 question(s)...
2026-07-21T07:12:14.026561Z --- RETRIEVING SYLLABUS & STUDENT HISTORY in parallel: Society and Community ---
2026-07-21T07:12:14.209536Z --- GENERATING ADAPTIVE MCQ IN BAHASA MELAYU ---
2026-07-21T07:12:14.229125Z -> OpenRouter error (NotFoundError: Error code: 404 - {'error': {'message': 'This model is unavailable for free. The paid version is available now - use this slug instead: meta-llama/llama-3.3-70b-instruct', 'code': 404}, 'user_id': 'user_3FWg0Y7hFwr9mi6ZEJfwxiglC7C'}), trying next provider…
2026-07-21T07:12:14.229195Z -> LLM Error in Generator: All LLM providers failed (non-rate-limit errors). Check API keys and quotas.
2026-07-21T07:12:14.605952Z   ✓ Q1/4 saved (bank now 2)
2026-07-21T07:12:16.606381Z --- RETRIEVING SYLLABUS & STUDENT HISTORY in parallel: Society and Community ---
2026-07-21T07:12:16.807883Z --- GENERATING ADAPTIVE MCQ IN BAHASA MELAYU ---
2026-07-21T07:12:16.826419Z -> OpenRouter error (NotFoundError: Error code: 404 - {'error': {'message': 'This model is unavailable for free. The paid version is available now - use this slug instead: meta-llama/llama-3.3-70b-instruct', 'code': 404}, 'user_id': 'user_3FWg0Y7hFwr9mi6ZEJfwxiglC7C'}), trying next provider…
2026-07-21T07:12:16.826470Z -> LLM Error in Generator: All LLM providers failed (non-rate-limit errors). Check API keys and quotas.
2026-07-21T07:12:17.211349Z   ✓ Q2/4 saved (bank now 3)
2026-07-21T07:12:19.211572Z --- RETRIEVING SYLLABUS & STUDENT HISTORY in parallel: Society and Community ---
2026-07-21T07:12:19.398698Z --- GENERATING ADAPTIVE MCQ IN BAHASA MELAYU ---
2026-07-21T07:12:19.423761Z -> OpenRouter error (NotFoundError: Error code: 404 - {'error': {'message': 'This model is unavailable for free. The paid version is available now - use this slug instead: meta-llama/llama-3.3-70b-instruct', 'code': 404}, 'user_id': 'user_3FWg0Y7hFwr9mi6ZEJfwxiglC7C'}), trying next provider…
2026-07-21T07:12:19.423822Z -> LLM Error in Generator: All LLM providers failed (non-rate-limit errors). Check API keys and quotas.
2026-07-21T07:12:19.806033Z   ✓ Q3/4 saved (bank now 4)
2026-07-21T07:12:21.806419Z --- RETRIEVING SYLLABUS & STUDENT HISTORY in parallel: Society and Community ---
2026-07-21T07:12:22.000131Z --- GENERATING ADAPTIVE MCQ IN BAHASA MELAYU ---
2026-07-21T07:12:22.050270Z -> OpenRouter error (NotFoundError: Error code: 404 - {'error': {'message': 'This model is unavailable for free. The paid version is available now - use this slug instead: meta-llama/llama-3.3-70b-instruct', 'code': 404}, 'user_id': 'user_3FWg0Y7hFwr9mi6ZEJfwxiglC7C'}), trying next provider…
2026-07-21T07:12:22.050405Z -> LLM Error in Generator: All LLM providers failed (non-rate-limit errors). Check API keys and quotas.
2026-07-21T07:12:22.446198Z   ✓ Q4/4 saved (bank now 5)
2026-07-21T07:12:24.446352Z [211/347] Bahasa Inggeris — Global Issues and Current Affairs (English): generating 4 question(s)...
2026-07-21T07:12:24.446425Z --- RETRIEVING SYLLABUS & STUDENT HISTORY in parallel: Global Issues and Current Affairs ---
2026-07-21T07:12:24.906952Z -> Retrieved 5 textbook chunk(s), 3 DSKP chunk(s)
2026-07-21T07:12:24.907602Z --- GENERATING ADAPTIVE MCQ IN ENGLISH ---
2026-07-21T07:12:25.007064Z -> OpenRouter error (NotFoundError: Error code: 404 - {'error': {'message': 'This model is unavailable for free. The paid version is available now - use this slug instead: meta-llama/llama-3.3-70b-instruct', 'code': 404}, 'user_id': 'user_3FWg0Y7hFwr9mi6ZEJfwxiglC7C'}), trying next provider…
2026-07-21T07:12:25.007162Z -> LLM Error in Generator: All LLM providers failed (non-rate-limit errors). Check API keys and quotas.
2026-07-21T07:12:25.421511Z   ✓ Q1/4 saved (bank now 2)
2026-07-21T07:12:27.421754Z --- RETRIEVING SYLLABUS & STUDENT HISTORY in parallel: Global Issues and Current Affairs ---
2026-07-21T07:12:27.603830Z --- GENERATING ADAPTIVE MCQ IN ENGLISH ---
2026-07-21T07:12:27.626300Z -> OpenRouter error (NotFoundError: Error code: 404 - {'error': {'message': 'This model is unavailable for free. The paid version is available now - use this slug instead: meta-llama/llama-3.3-70b-instruct', 'code': 404}, 'user_id': 'user_3FWg0Y7hFwr9mi6ZEJfwxiglC7C'}), trying next provider…
2026-07-21T07:12:27.626437Z -> LLM Error in Generator: All LLM providers failed (non-rate-limit errors). Check API keys and quotas.
2026-07-21T07:12:28.007512Z   ✓ Q2/4 saved (bank now 3)
2026-07-21T07:12:30.007718Z --- RETRIEVING SYLLABUS & STUDENT HISTORY in parallel: Global Issues and Current Affairs ---
2026-07-21T07:12:30.192733Z --- GENERATING ADAPTIVE MCQ IN ENGLISH ---
2026-07-21T07:12:30.235531Z -> OpenRouter error (NotFoundError: Error code: 404 - {'error': {'message': 'This model is unavailable for free. The paid version is available now - use this slug instead: meta-llama/llama-3.3-70b-instruct', 'code': 404}, 'user_id': 'user_3FWg0Y7hFwr9mi6ZEJfwxiglC7C'}), trying next provider…
2026-07-21T07:12:30.235583Z -> LLM Error in Generator: All LLM providers failed (non-rate-limit errors). Check API keys and quotas.
2026-07-21T07:12:30.626942Z   ✓ Q3/4 saved (bank now 4)
2026-07-21T07:12:32.627214Z --- RETRIEVING SYLLABUS & STUDENT HISTORY in parallel: Global Issues and Current Affairs ---
2026-07-21T07:12:32.825207Z --- GENERATING ADAPTIVE MCQ IN ENGLISH ---
2026-07-21T07:12:32.877690Z -> OpenRouter error (NotFoundError: Error code: 404 - {'error': {'message': 'This model is unavailable for free. The paid version is available now - use this slug instead: meta-llama/llama-3.3-70b-instruct', 'code': 404}, 'user_id': 'user_3FWg0Y7hFwr9mi6ZEJfwxiglC7C'}), trying next provider…
2026-07-21T07:12:32.877772Z -> LLM Error in Generator: All LLM providers failed (non-rate-limit errors). Check API keys and quotas.
2026-07-21T07:12:33.246952Z   ✓ Q4/4 saved (bank now 5)
2026-07-21T07:12:35.247207Z [212/347] Bahasa Inggeris — Global Issues and Current Affairs (Bahasa Melayu): generating 4 question(s)...
2026-07-21T07:12:35.247270Z --- RETRIEVING SYLLABUS & STUDENT HISTORY in parallel: Global Issues and Current Affairs ---
2026-07-21T07:12:35.452401Z --- GENERATING ADAPTIVE MCQ IN BAHASA MELAYU ---
2026-07-21T07:12:35.481769Z -> OpenRouter error (NotFoundError: Error code: 404 - {'error': {'message': 'This model is unavailable for free. The paid version is available now - use this slug instead: meta-llama/llama-3.3-70b-instruct', 'code': 404}, 'user_id': 'user_3FWg0Y7hFwr9mi6ZEJfwxiglC7C'}), trying next provider…
2026-07-21T07:12:35.481858Z -> LLM Error in Generator: All LLM providers failed (non-rate-limit errors). Check API keys and quotas.
2026-07-21T07:12:35.871273Z   ✓ Q1/4 saved (bank now 2)
2026-07-21T07:12:37.871652Z --- RETRIEVING SYLLABUS & STUDENT HISTORY in parallel: Global Issues and Current Affairs ---
2026-07-21T07:12:38.062393Z --- GENERATING ADAPTIVE MCQ IN BAHASA MELAYU ---
2026-07-21T07:12:38.301105Z -> OpenRouter error (NotFoundError: Error code: 404 - {'error': {'message': 'This model is unavailable for free. The paid version is available now - use this slug instead: meta-llama/llama-3.3-70b-instruct', 'code': 404}, 'user_id': 'user_3FWg0Y7hFwr9mi6ZEJfwxiglC7C'}), trying next provider…
2026-07-21T07:12:38.301196Z -> LLM Error in Generator: All LLM providers failed (non-rate-limit errors). Check API keys and quotas.
2026-07-21T07:12:38.672857Z   ✓ Q2/4 saved (bank now 3)
2026-07-21T07:12:40.673155Z --- RETRIEVING SYLLABUS & STUDENT HISTORY in parallel: Global Issues and Current Affairs ---
2026-07-21T07:12:40.856610Z --- GENERATING ADAPTIVE MCQ IN BAHASA MELAYU ---
2026-07-21T07:12:42.585677Z -> Cerebras: cooling for 65s.
2026-07-21T07:12:42.627914Z -> GroqCloud: cooling for 65s.
2026-07-21T07:12:42.646924Z -> OpenRouter error (NotFoundError: Error code: 404 - {'error': {'message': 'This model is unavailable for free. The paid version is available now - use this slug instead: meta-llama/llama-3.3-70b-instruct', 'code': 404}, 'user_id': 'user_3FWg0Y7hFwr9mi6ZEJfwxiglC7C'}), trying next provider…
2026-07-21T07:12:42.647042Z -> LLM Error in Generator: All LLM providers failed (non-rate-limit errors). Check API keys and quotas.
2026-07-21T07:12:43.020413Z   ✓ Q3/4 saved (bank now 4)
2026-07-21T07:12:45.020580Z --- RETRIEVING SYLLABUS & STUDENT HISTORY in parallel: Global Issues and Current Affairs ---
2026-07-21T07:12:45.216477Z --- GENERATING ADAPTIVE MCQ IN BAHASA MELAYU ---
2026-07-21T07:12:45.250519Z -> OpenRouter error (NotFoundError: Error code: 404 - {'error': {'message': 'This model is unavailable for free. The paid version is available now - use this slug instead: meta-llama/llama-3.3-70b-instruct', 'code': 404}, 'user_id': 'user_3FWg0Y7hFwr9mi6ZEJfwxiglC7C'}), trying next provider…
2026-07-21T07:12:45.250598Z -> LLM Error in Generator: All LLM providers failed (non-rate-limit errors). Check API keys and quotas.
2026-07-21T07:12:45.652712Z   ✓ Q4/4 saved (bank now 5)
2026-07-21T07:12:47.652934Z [213/347] Bahasa Inggeris — Science and Technology (English): generating 4 question(s)...
2026-07-21T07:12:47.653013Z --- RETRIEVING SYLLABUS & STUDENT HISTORY in parallel: Science and Technology ---
2026-07-21T07:12:48.194886Z -> Retrieved 0 textbook chunk(s), 8 DSKP chunk(s)
2026-07-21T07:12:48.195421Z --- GENERATING ADAPTIVE MCQ IN ENGLISH ---
2026-07-21T07:12:48.220798Z -> OpenRouter error (NotFoundError: Error code: 404 - {'error': {'message': 'This model is unavailable for free. The paid version is available now - use this slug instead: meta-llama/llama-3.3-70b-instruct', 'code': 404}, 'user_id': 'user_3FWg0Y7hFwr9mi6ZEJfwxiglC7C'}), trying next provider…
2026-07-21T07:12:48.220871Z -> LLM Error in Generator: All LLM providers failed (non-rate-limit errors). Check API keys and quotas.
2026-07-21T07:12:48.595457Z   ✓ Q1/4 saved (bank now 2)
2026-07-21T07:12:50.595750Z --- RETRIEVING SYLLABUS & STUDENT HISTORY in parallel: Science and Technology ---
2026-07-21T07:12:50.782413Z --- GENERATING ADAPTIVE MCQ IN ENGLISH ---
2026-07-21T07:12:50.801225Z -> OpenRouter error (NotFoundError: Error code: 404 - {'error': {'message': 'This model is unavailable for free. The paid version is available now - use this slug instead: meta-llama/llama-3.3-70b-instruct', 'code': 404}, 'user_id': 'user_3FWg0Y7hFwr9mi6ZEJfwxiglC7C'}), trying next provider…
2026-07-21T07:12:50.801376Z -> LLM Error in Generator: All LLM providers failed (non-rate-limit errors). Check API keys and quotas.
2026-07-21T07:12:51.204253Z   ✓ Q2/4 saved (bank now 3)
2026-07-21T07:12:53.204518Z --- RETRIEVING SYLLABUS & STUDENT HISTORY in parallel: Science and Technology ---
2026-07-21T07:12:53.381991Z --- GENERATING ADAPTIVE MCQ IN ENGLISH ---
2026-07-21T07:12:53.400061Z -> OpenRouter error (NotFoundError: Error code: 404 - {'error': {'message': 'This model is unavailable for free. The paid version is available now - use this slug instead: meta-llama/llama-3.3-70b-instruct', 'code': 404}, 'user_id': 'user_3FWg0Y7hFwr9mi6ZEJfwxiglC7C'}), trying next provider…
2026-07-21T07:12:53.400154Z -> LLM Error in Generator: All LLM providers failed (non-rate-limit errors). Check API keys and quotas.
2026-07-21T07:12:53.776419Z   ✓ Q3/4 saved (bank now 4)
2026-07-21T07:12:55.776584Z --- RETRIEVING SYLLABUS & STUDENT HISTORY in parallel: Science and Technology ---
2026-07-21T07:12:55.952916Z --- GENERATING ADAPTIVE MCQ IN ENGLISH ---
2026-07-21T07:12:55.976957Z -> OpenRouter error (NotFoundError: Error code: 404 - {'error': {'message': 'This model is unavailable for free. The paid version is available now - use this slug instead: meta-llama/llama-3.3-70b-instruct', 'code': 404}, 'user_id': 'user_3FWg0Y7hFwr9mi6ZEJfwxiglC7C'}), trying next provider…
2026-07-21T07:12:55.977033Z -> LLM Error in Generator: All LLM providers failed (non-rate-limit errors). Check API keys and quotas.
2026-07-21T07:12:56.392955Z   ✓ Q4/4 saved (bank now 5)
2026-07-21T07:12:58.393252Z [214/347] Bahasa Inggeris — Science and Technology (Bahasa Melayu): generating 4 question(s)...
2026-07-21T07:12:58.393408Z --- RETRIEVING SYLLABUS & STUDENT HISTORY in parallel: Science and Technology ---
2026-07-21T07:12:58.583108Z --- GENERATING ADAPTIVE MCQ IN BAHASA MELAYU ---
2026-07-21T07:12:58.605163Z -> OpenRouter error (NotFoundError: Error code: 404 - {'error': {'message': 'This model is unavailable for free. The paid version is available now - use this slug instead: meta-llama/llama-3.3-70b-instruct', 'code': 404}, 'user_id': 'user_3FWg0Y7hFwr9mi6ZEJfwxiglC7C'}), trying next provider…
2026-07-21T07:12:58.605261Z -> LLM Error in Generator: All LLM providers failed (non-rate-limit errors). Check API keys and quotas.
2026-07-21T07:12:59.001067Z   ✓ Q1/4 saved (bank now 2)
2026-07-21T07:13:01.001251Z --- RETRIEVING SYLLABUS & STUDENT HISTORY in parallel: Science and Technology ---
2026-07-21T07:13:01.190523Z --- GENERATING ADAPTIVE MCQ IN BAHASA MELAYU ---
2026-07-21T07:13:01.213848Z -> OpenRouter error (NotFoundError: Error code: 404 - {'error': {'message': 'This model is unavailable for free. The paid version is available now - use this slug instead: meta-llama/llama-3.3-70b-instruct', 'code': 404}, 'user_id': 'user_3FWg0Y7hFwr9mi6ZEJfwxiglC7C'}), trying next provider…
2026-07-21T07:13:01.213937Z -> LLM Error in Generator: All LLM providers failed (non-rate-limit errors). Check API keys and quotas.
2026-07-21T07:13:01.593603Z   ✓ Q2/4 saved (bank now 3)
2026-07-21T07:13:03.593817Z --- RETRIEVING SYLLABUS & STUDENT HISTORY in parallel: Science and Technology ---
2026-07-21T07:13:03.804021Z --- GENERATING ADAPTIVE MCQ IN BAHASA MELAYU ---
2026-07-21T07:13:03.843471Z -> OpenRouter error (NotFoundError: Error code: 404 - {'error': {'message': 'This model is unavailable for free. The paid version is available now - use this slug instead: meta-llama/llama-3.3-70b-instruct', 'code': 404}, 'user_id': 'user_3FWg0Y7hFwr9mi6ZEJfwxiglC7C'}), trying next provider…
2026-07-21T07:13:03.843545Z -> LLM Error in Generator: All LLM providers failed (non-rate-limit errors). Check API keys and quotas.
2026-07-21T07:13:04.236687Z   ✓ Q3/4 saved (bank now 4)
2026-07-21T07:13:06.236930Z --- RETRIEVING SYLLABUS & STUDENT HISTORY in parallel: Science and Technology ---
2026-07-21T07:13:06.462235Z --- GENERATING ADAPTIVE MCQ IN BAHASA MELAYU ---
2026-07-21T07:13:06.495491Z -> OpenRouter error (NotFoundError: Error code: 404 - {'error': {'message': 'This model is unavailable for free. The paid version is available now - use this slug instead: meta-llama/llama-3.3-70b-instruct', 'code': 404}, 'user_id': 'user_3FWg0Y7hFwr9mi6ZEJfwxiglC7C'}), trying next provider…
2026-07-21T07:13:06.495565Z -> LLM Error in Generator: All LLM providers failed (non-rate-limit errors). Check API keys and quotas.
2026-07-21T07:13:06.890504Z   ✓ Q4/4 saved (bank now 5)
2026-07-21T07:13:08.890744Z [215/347] Bahasa Inggeris — Travel and Adventure (English): generating 4 question(s)...
2026-07-21T07:13:08.890849Z --- RETRIEVING SYLLABUS & STUDENT HISTORY in parallel: Travel and Adventure ---
2026-07-21T07:13:09.835987Z -> Retrieved 8 textbook chunk(s), 0 DSKP chunk(s)
2026-07-21T07:13:09.836140Z --- GENERATING ADAPTIVE MCQ IN ENGLISH ---
2026-07-21T07:13:09.869889Z -> OpenRouter error (NotFoundError: Error code: 404 - {'error': {'message': 'This model is unavailable for free. The paid version is available now - use this slug instead: meta-llama/llama-3.3-70b-instruct', 'code': 404}, 'user_id': 'user_3FWg0Y7hFwr9mi6ZEJfwxiglC7C'}), trying next provider…
2026-07-21T07:13:09.869979Z -> LLM Error in Generator: All LLM providers failed (non-rate-limit errors). Check API keys and quotas.
2026-07-21T07:13:10.249293Z   ✓ Q1/4 saved (bank now 2)
2026-07-21T07:13:12.249550Z --- RETRIEVING SYLLABUS & STUDENT HISTORY in parallel: Travel and Adventure ---
2026-07-21T07:13:12.433642Z --- GENERATING ADAPTIVE MCQ IN ENGLISH ---
2026-07-21T07:13:12.456790Z -> OpenRouter error (NotFoundError: Error code: 404 - {'error': {'message': 'This model is unavailable for free. The paid version is available now - use this slug instead: meta-llama/llama-3.3-70b-instruct', 'code': 404}, 'user_id': 'user_3FWg0Y7hFwr9mi6ZEJfwxiglC7C'}), trying next provider…
2026-07-21T07:13:12.456868Z -> LLM Error in Generator: All LLM providers failed (non-rate-limit errors). Check API keys and quotas.
2026-07-21T07:13:12.855024Z   ✓ Q2/4 saved (bank now 3)
2026-07-21T07:13:14.855393Z --- RETRIEVING SYLLABUS & STUDENT HISTORY in parallel: Travel and Adventure ---
2026-07-21T07:13:15.050582Z --- GENERATING ADAPTIVE MCQ IN ENGLISH ---
2026-07-21T07:13:15.075104Z -> OpenRouter error (NotFoundError: Error code: 404 - {'error': {'message': 'This model is unavailable for free. The paid version is available now - use this slug instead: meta-llama/llama-3.3-70b-instruct', 'code': 404}, 'user_id': 'user_3FWg0Y7hFwr9mi6ZEJfwxiglC7C'}), trying next provider…
2026-07-21T07:13:15.075188Z -> LLM Error in Generator: All LLM providers failed (non-rate-limit errors). Check API keys and quotas.
2026-07-21T07:13:15.454545Z   ✓ Q3/4 saved (bank now 4)
2026-07-21T07:13:17.454794Z --- RETRIEVING SYLLABUS & STUDENT HISTORY in parallel: Travel and Adventure ---
2026-07-21T07:13:17.640466Z --- GENERATING ADAPTIVE MCQ IN ENGLISH ---
2026-07-21T07:13:17.674031Z -> OpenRouter error (NotFoundError: Error code: 404 - {'error': {'message': 'This model is unavailable for free. The paid version is available now - use this slug instead: meta-llama/llama-3.3-70b-instruct', 'code': 404}, 'user_id': 'user_3FWg0Y7hFwr9mi6ZEJfwxiglC7C'}), trying next provider…
2026-07-21T07:13:17.674111Z -> LLM Error in Generator: All LLM providers failed (non-rate-limit errors). Check API keys and quotas.
2026-07-21T07:13:18.052887Z   ✓ Q4/4 saved (bank now 5)
2026-07-21T07:13:20.053754Z [Checkpoint] 60% written to logs/question_bank_seed_progress.md
2026-07-21T07:13:20.053822Z [216/347] Bahasa Inggeris — Travel and Adventure (Bahasa Melayu): generating 4 question(s)...
2026-07-21T07:13:20.053841Z --- RETRIEVING SYLLABUS & STUDENT HISTORY in parallel: Travel and Adventure ---
2026-07-21T07:13:20.240842Z --- GENERATING ADAPTIVE MCQ IN BAHASA MELAYU ---
2026-07-21T07:13:20.280101Z -> OpenRouter error (NotFoundError: Error code: 404 - {'error': {'message': 'This model is unavailable for free. The paid version is available now - use this slug instead: meta-llama/llama-3.3-70b-instruct', 'code': 404}, 'user_id': 'user_3FWg0Y7hFwr9mi6ZEJfwxiglC7C'}), trying next provider…
2026-07-21T07:13:20.280199Z -> LLM Error in Generator: All LLM providers failed (non-rate-limit errors). Check API keys and quotas.
2026-07-21T07:13:20.663731Z   ✓ Q1/4 saved (bank now 2)
2026-07-21T07:13:22.663964Z --- RETRIEVING SYLLABUS & STUDENT HISTORY in parallel: Travel and Adventure ---
2026-07-21T07:13:22.845769Z --- GENERATING ADAPTIVE MCQ IN BAHASA MELAYU ---
2026-07-21T07:13:22.864869Z -> OpenRouter error (NotFoundError: Error code: 404 - {'error': {'message': 'This model is unavailable for free. The paid version is available now - use this slug instead: meta-llama/llama-3.3-70b-instruct', 'code': 404}, 'user_id': 'user_3FWg0Y7hFwr9mi6ZEJfwxiglC7C'}), trying next provider…
2026-07-21T07:13:22.864931Z -> LLM Error in Generator: All LLM providers failed (non-rate-limit errors). Check API keys and quotas.
2026-07-21T07:13:23.257795Z   ✓ Q2/4 saved (bank now 3)
2026-07-21T07:13:25.258042Z --- RETRIEVING SYLLABUS & STUDENT HISTORY in parallel: Travel and Adventure ---
2026-07-21T07:13:25.438154Z --- GENERATING ADAPTIVE MCQ IN BAHASA MELAYU ---
2026-07-21T07:13:25.454731Z -> OpenRouter error (NotFoundError: Error code: 404 - {'error': {'message': 'This model is unavailable for free. The paid version is available now - use this slug instead: meta-llama/llama-3.3-70b-instruct', 'code': 404}, 'user_id': 'user_3FWg0Y7hFwr9mi6ZEJfwxiglC7C'}), trying next provider…
2026-07-21T07:13:25.454782Z -> LLM Error in Generator: All LLM providers failed (non-rate-limit errors). Check API keys and quotas.
2026-07-21T07:13:25.828386Z   ✓ Q3/4 saved (bank now 4)
2026-07-21T07:13:27.828597Z --- RETRIEVING SYLLABUS & STUDENT HISTORY in parallel: Travel and Adventure ---
2026-07-21T07:13:28.009791Z --- GENERATING ADAPTIVE MCQ IN BAHASA MELAYU ---
2026-07-21T07:13:28.044005Z -> OpenRouter error (NotFoundError: Error code: 404 - {'error': {'message': 'This model is unavailable for free. The paid version is available now - use this slug instead: meta-llama/llama-3.3-70b-instruct', 'code': 404}, 'user_id': 'user_3FWg0Y7hFwr9mi6ZEJfwxiglC7C'}), trying next provider…
2026-07-21T07:13:28.044089Z -> LLM Error in Generator: All LLM providers failed (non-rate-limit errors). Check API keys and quotas.
2026-07-21T07:13:28.414741Z   ✓ Q4/4 saved (bank now 5)
2026-07-21T07:13:30.414969Z [217/347] Bahasa Inggeris — Media and Communication (English): generating 4 question(s)...
2026-07-21T07:13:30.415033Z --- RETRIEVING SYLLABUS & STUDENT HISTORY in parallel: Media and Communication ---
2026-07-21T07:13:30.922107Z -> Retrieved 8 textbook chunk(s), 0 DSKP chunk(s)
2026-07-21T07:13:30.922682Z --- GENERATING ADAPTIVE MCQ IN ENGLISH ---
2026-07-21T07:13:30.953583Z -> OpenRouter error (NotFoundError: Error code: 404 - {'error': {'message': 'This model is unavailable for free. The paid version is available now - use this slug instead: meta-llama/llama-3.3-70b-instruct', 'code': 404}, 'user_id': 'user_3FWg0Y7hFwr9mi6ZEJfwxiglC7C'}), trying next provider…
2026-07-21T07:13:30.953668Z -> LLM Error in Generator: All LLM providers failed (non-rate-limit errors). Check API keys and quotas.
2026-07-21T07:13:31.333203Z   ✓ Q1/4 saved (bank now 2)
2026-07-21T07:13:33.333476Z --- RETRIEVING SYLLABUS & STUDENT HISTORY in parallel: Media and Communication ---
2026-07-21T07:13:33.526738Z --- GENERATING ADAPTIVE MCQ IN ENGLISH ---
2026-07-21T07:13:33.553110Z -> OpenRouter error (NotFoundError: Error code: 404 - {'error': {'message': 'This model is unavailable for free. The paid version is available now - use this slug instead: meta-llama/llama-3.3-70b-instruct', 'code': 404}, 'user_id': 'user_3FWg0Y7hFwr9mi6ZEJfwxiglC7C'}), trying next provider…
2026-07-21T07:13:33.553169Z -> LLM Error in Generator: All LLM providers failed (non-rate-limit errors). Check API keys and quotas.
2026-07-21T07:13:33.923935Z   ✓ Q2/4 saved (bank now 3)
2026-07-21T07:13:35.924218Z --- RETRIEVING SYLLABUS & STUDENT HISTORY in parallel: Media and Communication ---
2026-07-21T07:13:36.111812Z --- GENERATING ADAPTIVE MCQ IN ENGLISH ---
2026-07-21T07:13:36.139876Z -> OpenRouter error (NotFoundError: Error code: 404 - {'error': {'message': 'This model is unavailable for free. The paid version is available now - use this slug instead: meta-llama/llama-3.3-70b-instruct', 'code': 404}, 'user_id': 'user_3FWg0Y7hFwr9mi6ZEJfwxiglC7C'}), trying next provider…
2026-07-21T07:13:36.139953Z -> LLM Error in Generator: All LLM providers failed (non-rate-limit errors). Check API keys and quotas.
2026-07-21T07:13:36.518363Z   ✓ Q3/4 saved (bank now 4)
2026-07-21T07:13:38.518550Z --- RETRIEVING SYLLABUS & STUDENT HISTORY in parallel: Media and Communication ---
2026-07-21T07:13:38.707456Z --- GENERATING ADAPTIVE MCQ IN ENGLISH ---
2026-07-21T07:13:38.736202Z -> OpenRouter error (NotFoundError: Error code: 404 - {'error': {'message': 'This model is unavailable for free. The paid version is available now - use this slug instead: meta-llama/llama-3.3-70b-instruct', 'code': 404}, 'user_id': 'user_3FWg0Y7hFwr9mi6ZEJfwxiglC7C'}), trying next provider…
2026-07-21T07:13:38.736279Z -> LLM Error in Generator: All LLM providers failed (non-rate-limit errors). Check API keys and quotas.
2026-07-21T07:13:39.115048Z   ✓ Q4/4 saved (bank now 5)
2026-07-21T07:13:41.115234Z [218/347] Bahasa Inggeris — Media and Communication (Bahasa Melayu): generating 4 question(s)...
2026-07-21T07:13:41.115360Z --- RETRIEVING SYLLABUS & STUDENT HISTORY in parallel: Media and Communication ---
2026-07-21T07:13:41.293683Z --- GENERATING ADAPTIVE MCQ IN BAHASA MELAYU ---
2026-07-21T07:13:41.313508Z -> OpenRouter error (NotFoundError: Error code: 404 - {'error': {'message': 'This model is unavailable for free. The paid version is available now - use this slug instead: meta-llama/llama-3.3-70b-instruct', 'code': 404}, 'user_id': 'user_3FWg0Y7hFwr9mi6ZEJfwxiglC7C'}), trying next provider…
2026-07-21T07:13:41.313577Z -> LLM Error in Generator: All LLM providers failed (non-rate-limit errors). Check API keys and quotas.
2026-07-21T07:13:41.694834Z   ✓ Q1/4 saved (bank now 2)
2026-07-21T07:13:43.695084Z --- RETRIEVING SYLLABUS & STUDENT HISTORY in parallel: Media and Communication ---
2026-07-21T07:13:43.883020Z --- GENERATING ADAPTIVE MCQ IN BAHASA MELAYU ---
2026-07-21T07:13:43.902869Z -> OpenRouter error (NotFoundError: Error code: 404 - {'error': {'message': 'This model is unavailable for free. The paid version is available now - use this slug instead: meta-llama/llama-3.3-70b-instruct', 'code': 404}, 'user_id': 'user_3FWg0Y7hFwr9mi6ZEJfwxiglC7C'}), trying next provider…
2026-07-21T07:13:43.902942Z -> LLM Error in Generator: All LLM providers failed (non-rate-limit errors). Check API keys and quotas.
2026-07-21T07:13:44.329356Z   ✓ Q2/4 saved (bank now 3)
2026-07-21T07:13:46.329656Z --- RETRIEVING SYLLABUS & STUDENT HISTORY in parallel: Media and Communication ---
2026-07-21T07:13:46.515455Z --- GENERATING ADAPTIVE MCQ IN BAHASA MELAYU ---
2026-07-21T07:13:46.542374Z -> OpenRouter error (NotFoundError: Error code: 404 - {'error': {'message': 'This model is unavailable for free. The paid version is available now - use this slug instead: meta-llama/llama-3.3-70b-instruct', 'code': 404}, 'user_id': 'user_3FWg0Y7hFwr9mi6ZEJfwxiglC7C'}), trying next provider…
2026-07-21T07:13:46.542451Z -> LLM Error in Generator: All LLM providers failed (non-rate-limit errors). Check API keys and quotas.
2026-07-21T07:13:46.913082Z   ✓ Q3/4 saved (bank now 4)
2026-07-21T07:13:48.913388Z --- RETRIEVING SYLLABUS & STUDENT HISTORY in parallel: Media and Communication ---
2026-07-21T07:13:49.107670Z --- GENERATING ADAPTIVE MCQ IN BAHASA MELAYU ---
2026-07-21T07:13:50.964068Z -> Cerebras: cooling for 65s.
2026-07-21T07:13:51.003376Z -> GroqCloud: cooling for 65s.
2026-07-21T07:13:51.025715Z -> OpenRouter error (NotFoundError: Error code: 404 - {'error': {'message': 'This model is unavailable for free. The paid version is available now - use this slug instead: meta-llama/llama-3.3-70b-instruct', 'code': 404}, 'user_id': 'user_3FWg0Y7hFwr9mi6ZEJfwxiglC7C'}), trying next provider…
2026-07-21T07:13:51.025785Z -> LLM Error in Generator: All LLM providers failed (non-rate-limit errors). Check API keys and quotas.
2026-07-21T07:13:51.409772Z   ✓ Q4/4 saved (bank now 5)
2026-07-21T07:13:53.409940Z [219/347] Bahasa Cina — Mendengar & Bertutur (English): generating 5 question(s)...
2026-07-21T07:13:53.409992Z --- RETRIEVING SYLLABUS & STUDENT HISTORY in parallel: Mendengar & Bertutur ---
2026-07-21T07:13:53.872707Z -> Retrieved 8 textbook chunk(s), 0 DSKP chunk(s)
2026-07-21T07:13:53.873176Z --- GENERATING ADAPTIVE MCQ IN ENGLISH ---
2026-07-21T07:13:53.901971Z -> OpenRouter error (NotFoundError: Error code: 404 - {'error': {'message': 'This model is unavailable for free. The paid version is available now - use this slug instead: meta-llama/llama-3.3-70b-instruct', 'code': 404}, 'user_id': 'user_3FWg0Y7hFwr9mi6ZEJfwxiglC7C'}), trying next provider…
2026-07-21T07:13:53.902051Z -> LLM Error in Generator: All LLM providers failed (non-rate-limit errors). Check API keys and quotas.
2026-07-21T07:13:54.284293Z   ✓ Q1/5 saved (bank now 1)
2026-07-21T07:13:56.284516Z --- RETRIEVING SYLLABUS & STUDENT HISTORY in parallel: Mendengar & Bertutur ---
2026-07-21T07:13:56.468931Z --- GENERATING ADAPTIVE MCQ IN ENGLISH ---
2026-07-21T07:13:56.494739Z -> OpenRouter error (NotFoundError: Error code: 404 - {'error': {'message': 'This model is unavailable for free. The paid version is available now - use this slug instead: meta-llama/llama-3.3-70b-instruct', 'code': 404}, 'user_id': 'user_3FWg0Y7hFwr9mi6ZEJfwxiglC7C'}), trying next provider…
2026-07-21T07:13:56.494814Z -> LLM Error in Generator: All LLM providers failed (non-rate-limit errors). Check API keys and quotas.
2026-07-21T07:13:56.866420Z   ✓ Q2/5 saved (bank now 2)
2026-07-21T07:13:58.866594Z --- RETRIEVING SYLLABUS & STUDENT HISTORY in parallel: Mendengar & Bertutur ---
2026-07-21T07:13:59.041538Z --- GENERATING ADAPTIVE MCQ IN ENGLISH ---
2026-07-21T07:13:59.065173Z -> OpenRouter error (NotFoundError: Error code: 404 - {'error': {'message': 'This model is unavailable for free. The paid version is available now - use this slug instead: meta-llama/llama-3.3-70b-instruct', 'code': 404}, 'user_id': 'user_3FWg0Y7hFwr9mi6ZEJfwxiglC7C'}), trying next provider…
2026-07-21T07:13:59.065225Z -> LLM Error in Generator: All LLM providers failed (non-rate-limit errors). Check API keys and quotas.
2026-07-21T07:13:59.505387Z   ✓ Q3/5 saved (bank now 3)
2026-07-21T07:14:01.505545Z --- RETRIEVING SYLLABUS & STUDENT HISTORY in parallel: Mendengar & Bertutur ---
2026-07-21T07:14:01.690712Z --- GENERATING ADAPTIVE MCQ IN ENGLISH ---
2026-07-21T07:14:01.708998Z -> OpenRouter error (NotFoundError: Error code: 404 - {'error': {'message': 'This model is unavailable for free. The paid version is available now - use this slug instead: meta-llama/llama-3.3-70b-instruct', 'code': 404}, 'user_id': 'user_3FWg0Y7hFwr9mi6ZEJfwxiglC7C'}), trying next provider…
2026-07-21T07:14:01.709059Z -> LLM Error in Generator: All LLM providers failed (non-rate-limit errors). Check API keys and quotas.
2026-07-21T07:14:02.076280Z   ✓ Q4/5 saved (bank now 4)
2026-07-21T07:14:04.076552Z --- RETRIEVING SYLLABUS & STUDENT HISTORY in parallel: Mendengar & Bertutur ---
2026-07-21T07:14:04.273465Z --- GENERATING ADAPTIVE MCQ IN ENGLISH ---
2026-07-21T07:14:04.296129Z -> OpenRouter error (NotFoundError: Error code: 404 - {'error': {'message': 'This model is unavailable for free. The paid version is available now - use this slug instead: meta-llama/llama-3.3-70b-instruct', 'code': 404}, 'user_id': 'user_3FWg0Y7hFwr9mi6ZEJfwxiglC7C'}), trying next provider…
2026-07-21T07:14:04.296229Z -> LLM Error in Generator: All LLM providers failed (non-rate-limit errors). Check API keys and quotas.
2026-07-21T07:14:04.682823Z   ✓ Q5/5 saved (bank now 5)
2026-07-21T07:14:06.683041Z [220/347] Bahasa Cina — Mendengar & Bertutur (Bahasa Melayu): generating 5 question(s)...
2026-07-21T07:14:06.683095Z --- RETRIEVING SYLLABUS & STUDENT HISTORY in parallel: Mendengar & Bertutur ---
2026-07-21T07:14:06.870102Z --- GENERATING ADAPTIVE MCQ IN BAHASA MELAYU ---
2026-07-21T07:14:06.901724Z -> OpenRouter error (NotFoundError: Error code: 404 - {'error': {'message': 'This model is unavailable for free. The paid version is available now - use this slug instead: meta-llama/llama-3.3-70b-instruct', 'code': 404}, 'user_id': 'user_3FWg0Y7hFwr9mi6ZEJfwxiglC7C'}), trying next provider…
2026-07-21T07:14:06.901791Z -> LLM Error in Generator: All LLM providers failed (non-rate-limit errors). Check API keys and quotas.
2026-07-21T07:14:07.298200Z   ✓ Q1/5 saved (bank now 1)
2026-07-21T07:14:09.298434Z --- RETRIEVING SYLLABUS & STUDENT HISTORY in parallel: Mendengar & Bertutur ---
2026-07-21T07:14:09.491096Z --- GENERATING ADAPTIVE MCQ IN BAHASA MELAYU ---
2026-07-21T07:14:09.509085Z -> OpenRouter error (NotFoundError: Error code: 404 - {'error': {'message': 'This model is unavailable for free. The paid version is available now - use this slug instead: meta-llama/llama-3.3-70b-instruct', 'code': 404}, 'user_id': 'user_3FWg0Y7hFwr9mi6ZEJfwxiglC7C'}), trying next provider…
2026-07-21T07:14:09.509169Z -> LLM Error in Generator: All LLM providers failed (non-rate-limit errors). Check API keys and quotas.
2026-07-21T07:14:09.882061Z   ✓ Q2/5 saved (bank now 2)
2026-07-21T07:14:11.882423Z --- RETRIEVING SYLLABUS & STUDENT HISTORY in parallel: Mendengar & Bertutur ---
2026-07-21T07:14:12.076903Z --- GENERATING ADAPTIVE MCQ IN BAHASA MELAYU ---
2026-07-21T07:14:12.097439Z -> OpenRouter error (NotFoundError: Error code: 404 - {'error': {'message': 'This model is unavailable for free. The paid version is available now - use this slug instead: meta-llama/llama-3.3-70b-instruct', 'code': 404}, 'user_id': 'user_3FWg0Y7hFwr9mi6ZEJfwxiglC7C'}), trying next provider…
2026-07-21T07:14:12.097527Z -> LLM Error in Generator: All LLM providers failed (non-rate-limit errors). Check API keys and quotas.
2026-07-21T07:14:12.488022Z   ✓ Q3/5 saved (bank now 3)
2026-07-21T07:14:14.488228Z --- RETRIEVING SYLLABUS & STUDENT HISTORY in parallel: Mendengar & Bertutur ---
2026-07-21T07:14:14.676900Z --- GENERATING ADAPTIVE MCQ IN BAHASA MELAYU ---
2026-07-21T07:14:14.703336Z -> OpenRouter error (NotFoundError: Error code: 404 - {'error': {'message': 'This model is unavailable for free. The paid version is available now - use this slug instead: meta-llama/llama-3.3-70b-instruct', 'code': 404}, 'user_id': 'user_3FWg0Y7hFwr9mi6ZEJfwxiglC7C'}), trying next provider…
2026-07-21T07:14:14.703388Z -> LLM Error in Generator: All LLM providers failed (non-rate-limit errors). Check API keys and quotas.
2026-07-21T07:14:15.065467Z   ✓ Q4/5 saved (bank now 4)
2026-07-21T07:14:17.065660Z --- RETRIEVING SYLLABUS & STUDENT HISTORY in parallel: Mendengar & Bertutur ---
2026-07-21T07:14:17.253208Z --- GENERATING ADAPTIVE MCQ IN BAHASA MELAYU ---
2026-07-21T07:14:17.281111Z -> OpenRouter error (NotFoundError: Error code: 404 - {'error': {'message': 'This model is unavailable for free. The paid version is available now - use this slug instead: meta-llama/llama-3.3-70b-instruct', 'code': 404}, 'user_id': 'user_3FWg0Y7hFwr9mi6ZEJfwxiglC7C'}), trying next provider…
2026-07-21T07:14:17.281215Z -> LLM Error in Generator: All LLM providers failed (non-rate-limit errors). Check API keys and quotas.
2026-07-21T07:14:17.653443Z   ✓ Q5/5 saved (bank now 5)
2026-07-21T07:14:19.653664Z [221/347] Bahasa Cina — Membaca Teks (English): generating 5 question(s)...
2026-07-21T07:14:19.653726Z --- RETRIEVING SYLLABUS & STUDENT HISTORY in parallel: Membaca Teks ---
2026-07-21T07:14:20.032028Z -> Retrieved 8 textbook chunk(s), 0 DSKP chunk(s)
2026-07-21T07:14:20.032700Z --- GENERATING ADAPTIVE MCQ IN ENGLISH ---
2026-07-21T07:14:20.051350Z -> OpenRouter error (NotFoundError: Error code: 404 - {'error': {'message': 'This model is unavailable for free. The paid version is available now - use this slug instead: meta-llama/llama-3.3-70b-instruct', 'code': 404}, 'user_id': 'user_3FWg0Y7hFwr9mi6ZEJfwxiglC7C'}), trying next provider…
2026-07-21T07:14:20.051413Z -> LLM Error in Generator: All LLM providers failed (non-rate-limit errors). Check API keys and quotas.
2026-07-21T07:14:20.419395Z   ✓ Q1/5 saved (bank now 1)
2026-07-21T07:14:22.419608Z --- RETRIEVING SYLLABUS & STUDENT HISTORY in parallel: Membaca Teks ---
2026-07-21T07:14:22.684617Z --- GENERATING ADAPTIVE MCQ IN ENGLISH ---
2026-07-21T07:14:22.702525Z -> OpenRouter error (NotFoundError: Error code: 404 - {'error': {'message': 'This model is unavailable for free. The paid version is available now - use this slug instead: meta-llama/llama-3.3-70b-instruct', 'code': 404}, 'user_id': 'user_3FWg0Y7hFwr9mi6ZEJfwxiglC7C'}), trying next provider…
2026-07-21T07:14:22.702597Z -> LLM Error in Generator: All LLM providers failed (non-rate-limit errors). Check API keys and quotas.
2026-07-21T07:14:23.070946Z   ✓ Q2/5 saved (bank now 2)
2026-07-21T07:14:25.071137Z --- RETRIEVING SYLLABUS & STUDENT HISTORY in parallel: Membaca Teks ---
2026-07-21T07:14:25.267769Z --- GENERATING ADAPTIVE MCQ IN ENGLISH ---
2026-07-21T07:14:25.292570Z -> OpenRouter error (NotFoundError: Error code: 404 - {'error': {'message': 'This model is unavailable for free. The paid version is available now - use this slug instead: meta-llama/llama-3.3-70b-instruct', 'code': 404}, 'user_id': 'user_3FWg0Y7hFwr9mi6ZEJfwxiglC7C'}), trying next provider…
2026-07-21T07:14:25.292673Z -> LLM Error in Generator: All LLM providers failed (non-rate-limit errors). Check API keys and quotas.
2026-07-21T07:14:25.668297Z   ✓ Q3/5 saved (bank now 3)
2026-07-21T07:14:27.668500Z --- RETRIEVING SYLLABUS & STUDENT HISTORY in parallel: Membaca Teks ---
2026-07-21T07:14:27.951351Z --- GENERATING ADAPTIVE MCQ IN ENGLISH ---
2026-07-21T07:14:27.973648Z -> OpenRouter error (NotFoundError: Error code: 404 - {'error': {'message': 'This model is unavailable for free. The paid version is available now - use this slug instead: meta-llama/llama-3.3-70b-instruct', 'code': 404}, 'user_id': 'user_3FWg0Y7hFwr9mi6ZEJfwxiglC7C'}), trying next provider…
2026-07-21T07:14:27.973719Z -> LLM Error in Generator: All LLM providers failed (non-rate-limit errors). Check API keys and quotas.
2026-07-21T07:14:28.353471Z   ✓ Q4/5 saved (bank now 4)
2026-07-21T07:14:30.353683Z --- RETRIEVING SYLLABUS & STUDENT HISTORY in parallel: Membaca Teks ---
2026-07-21T07:14:30.547276Z --- GENERATING ADAPTIVE MCQ IN ENGLISH ---
2026-07-21T07:14:30.572510Z -> OpenRouter error (NotFoundError: Error code: 404 - {'error': {'message': 'This model is unavailable for free. The paid version is available now - use this slug instead: meta-llama/llama-3.3-70b-instruct', 'code': 404}, 'user_id': 'user_3FWg0Y7hFwr9mi6ZEJfwxiglC7C'}), trying next provider…
2026-07-21T07:14:30.572573Z -> LLM Error in Generator: All LLM providers failed (non-rate-limit errors). Check API keys and quotas.
2026-07-21T07:14:30.973593Z   ✓ Q5/5 saved (bank now 5)
2026-07-21T07:14:32.973786Z [222/347] Bahasa Cina — Membaca Teks (Bahasa Melayu): generating 5 question(s)...
2026-07-21T07:14:32.973863Z --- RETRIEVING SYLLABUS & STUDENT HISTORY in parallel: Membaca Teks ---
2026-07-21T07:14:33.186090Z --- GENERATING ADAPTIVE MCQ IN BAHASA MELAYU ---
2026-07-21T07:14:33.215922Z -> OpenRouter error (NotFoundError: Error code: 404 - {'error': {'message': 'This model is unavailable for free. The paid version is available now - use this slug instead: meta-llama/llama-3.3-70b-instruct', 'code': 404}, 'user_id': 'user_3FWg0Y7hFwr9mi6ZEJfwxiglC7C'}), trying next provider…
2026-07-21T07:14:33.216003Z -> LLM Error in Generator: All LLM providers failed (non-rate-limit errors). Check API keys and quotas.
2026-07-21T07:14:33.600546Z   ✓ Q1/5 saved (bank now 1)
2026-07-21T07:14:35.600731Z --- RETRIEVING SYLLABUS & STUDENT HISTORY in parallel: Membaca Teks ---
2026-07-21T07:14:35.783444Z --- GENERATING ADAPTIVE MCQ IN BAHASA MELAYU ---
2026-07-21T07:14:35.801163Z -> OpenRouter error (NotFoundError: Error code: 404 - {'error': {'message': 'This model is unavailable for free. The paid version is available now - use this slug instead: meta-llama/llama-3.3-70b-instruct', 'code': 404}, 'user_id': 'user_3FWg0Y7hFwr9mi6ZEJfwxiglC7C'}), trying next provider…
2026-07-21T07:14:35.801208Z -> LLM Error in Generator: All LLM providers failed (non-rate-limit errors). Check API keys and quotas.
2026-07-21T07:14:36.182749Z   ✓ Q2/5 saved (bank now 2)
2026-07-21T07:14:38.182928Z --- RETRIEVING SYLLABUS & STUDENT HISTORY in parallel: Membaca Teks ---
2026-07-21T07:14:38.370402Z --- GENERATING ADAPTIVE MCQ IN BAHASA MELAYU ---
2026-07-21T07:14:38.394383Z -> OpenRouter error (NotFoundError: Error code: 404 - {'error': {'message': 'This model is unavailable for free. The paid version is available now - use this slug instead: meta-llama/llama-3.3-70b-instruct', 'code': 404}, 'user_id': 'user_3FWg0Y7hFwr9mi6ZEJfwxiglC7C'}), trying next provider…
2026-07-21T07:14:38.394450Z -> LLM Error in Generator: All LLM providers failed (non-rate-limit errors). Check API keys and quotas.
2026-07-21T07:14:38.777147Z   ✓ Q3/5 saved (bank now 3)
2026-07-21T07:14:40.777434Z --- RETRIEVING SYLLABUS & STUDENT HISTORY in parallel: Membaca Teks ---
2026-07-21T07:14:40.966068Z --- GENERATING ADAPTIVE MCQ IN BAHASA MELAYU ---
2026-07-21T07:14:40.994453Z -> OpenRouter error (NotFoundError: Error code: 404 - {'error': {'message': 'This model is unavailable for free. The paid version is available now - use this slug instead: meta-llama/llama-3.3-70b-instruct', 'code': 404}, 'user_id': 'user_3FWg0Y7hFwr9mi6ZEJfwxiglC7C'}), trying next provider…
2026-07-21T07:14:40.994529Z -> LLM Error in Generator: All LLM providers failed (non-rate-limit errors). Check API keys and quotas.
2026-07-21T07:14:41.409285Z   ✓ Q4/5 saved (bank now 4)
2026-07-21T07:14:43.409491Z --- RETRIEVING SYLLABUS & STUDENT HISTORY in parallel: Membaca Teks ---
2026-07-21T07:14:43.616498Z --- GENERATING ADAPTIVE MCQ IN BAHASA MELAYU ---
2026-07-21T07:14:43.633654Z -> OpenRouter error (NotFoundError: Error code: 404 - {'error': {'message': 'This model is unavailable for free. The paid version is available now - use this slug instead: meta-llama/llama-3.3-70b-instruct', 'code': 404}, 'user_id': 'user_3FWg0Y7hFwr9mi6ZEJfwxiglC7C'}), trying next provider…
2026-07-21T07:14:43.633718Z -> LLM Error in Generator: All LLM providers failed (non-rate-limit errors). Check API keys and quotas.
2026-07-21T07:14:44.009510Z   ✓ Q5/5 saved (bank now 5)
2026-07-21T07:14:46.009630Z [223/347] Bahasa Cina — Penulisan Karangan (English): generating 5 question(s)...
2026-07-21T07:14:46.009714Z --- RETRIEVING SYLLABUS & STUDENT HISTORY in parallel: Penulisan Karangan ---
2026-07-21T07:14:46.650358Z -> Retrieved 8 textbook chunk(s), 0 DSKP chunk(s)
2026-07-21T07:14:46.650706Z --- GENERATING ADAPTIVE MCQ IN ENGLISH ---
2026-07-21T07:14:46.682915Z -> OpenRouter error (NotFoundError: Error code: 404 - {'error': {'message': 'This model is unavailable for free. The paid version is available now - use this slug instead: meta-llama/llama-3.3-70b-instruct', 'code': 404}, 'user_id': 'user_3FWg0Y7hFwr9mi6ZEJfwxiglC7C'}), trying next provider…
2026-07-21T07:14:46.682989Z -> LLM Error in Generator: All LLM providers failed (non-rate-limit errors). Check API keys and quotas.
2026-07-21T07:14:47.065404Z   ✓ Q1/5 saved (bank now 5)
2026-07-21T07:14:49.065577Z --- RETRIEVING SYLLABUS & STUDENT HISTORY in parallel: Penulisan Karangan ---
2026-07-21T07:14:49.250594Z --- GENERATING ADAPTIVE MCQ IN ENGLISH ---
2026-07-21T07:14:49.271684Z -> OpenRouter error (NotFoundError: Error code: 404 - {'error': {'message': 'This model is unavailable for free. The paid version is available now - use this slug instead: meta-llama/llama-3.3-70b-instruct', 'code': 404}, 'user_id': 'user_3FWg0Y7hFwr9mi6ZEJfwxiglC7C'}), trying next provider…
2026-07-21T07:14:49.271754Z -> LLM Error in Generator: All LLM providers failed (non-rate-limit errors). Check API keys and quotas.
2026-07-21T07:14:49.645114Z   ✓ Q2/5 saved (bank now 5)
2026-07-21T07:14:51.645429Z --- RETRIEVING SYLLABUS & STUDENT HISTORY in parallel: Penulisan Karangan ---
2026-07-21T07:14:51.839498Z --- GENERATING ADAPTIVE MCQ IN ENGLISH ---
2026-07-21T07:14:51.863767Z -> OpenRouter error (NotFoundError: Error code: 404 - {'error': {'message': 'This model is unavailable for free. The paid version is available now - use this slug instead: meta-llama/llama-3.3-70b-instruct', 'code': 404}, 'user_id': 'user_3FWg0Y7hFwr9mi6ZEJfwxiglC7C'}), trying next provider…
2026-07-21T07:14:51.863849Z -> LLM Error in Generator: All LLM providers failed (non-rate-limit errors). Check API keys and quotas.
2026-07-21T07:14:52.224284Z   ✓ Q3/5 saved (bank now 5)
2026-07-21T07:14:54.224499Z --- RETRIEVING SYLLABUS & STUDENT HISTORY in parallel: Penulisan Karangan ---
2026-07-21T07:14:54.414787Z --- GENERATING ADAPTIVE MCQ IN ENGLISH ---
2026-07-21T07:14:54.432054Z -> OpenRouter error (NotFoundError: Error code: 404 - {'error': {'message': 'This model is unavailable for free. The paid version is available now - use this slug instead: meta-llama/llama-3.3-70b-instruct', 'code': 404}, 'user_id': 'user_3FWg0Y7hFwr9mi6ZEJfwxiglC7C'}), trying next provider…
2026-07-21T07:14:54.432113Z -> LLM Error in Generator: All LLM providers failed (non-rate-limit errors). Check API keys and quotas.
2026-07-21T07:14:54.800702Z   ✓ Q4/5 saved (bank now 5)
2026-07-21T07:14:56.800891Z --- RETRIEVING SYLLABUS & STUDENT HISTORY in parallel: Penulisan Karangan ---
2026-07-21T07:14:56.991436Z --- GENERATING ADAPTIVE MCQ IN ENGLISH ---
2026-07-21T07:14:58.666141Z   ✓ Q5/5 saved (bank now 5)
2026-07-21T07:15:00.666297Z [224/347] Bahasa Cina — Penulisan Karangan (Bahasa Melayu): generating 5 question(s)...
2026-07-21T07:15:00.666376Z --- RETRIEVING SYLLABUS & STUDENT HISTORY in parallel: Penulisan Karangan ---
2026-07-21T07:15:00.961216Z --- GENERATING ADAPTIVE MCQ IN BAHASA MELAYU ---
2026-07-21T07:15:02.578767Z -> Cerebras: cooling for 65s.
2026-07-21T07:15:02.613554Z -> GroqCloud: cooling for 65s.
2026-07-21T07:15:02.719993Z -> OpenRouter error (NotFoundError: Error code: 404 - {'error': {'message': 'This model is unavailable for free. The paid version is available now - use this slug instead: meta-llama/llama-3.3-70b-instruct', 'code': 404}, 'user_id': 'user_3FWg0Y7hFwr9mi6ZEJfwxiglC7C'}), trying next provider…
2026-07-21T07:15:02.720070Z -> LLM Error in Generator: All LLM providers failed (non-rate-limit errors). Check API keys and quotas.
2026-07-21T07:15:03.109773Z   ✓ Q1/5 saved (bank now 5)
2026-07-21T07:15:05.110001Z --- RETRIEVING SYLLABUS & STUDENT HISTORY in parallel: Penulisan Karangan ---
2026-07-21T07:15:05.295722Z --- GENERATING ADAPTIVE MCQ IN BAHASA MELAYU ---
2026-07-21T07:15:05.317669Z -> OpenRouter error (NotFoundError: Error code: 404 - {'error': {'message': 'This model is unavailable for free. The paid version is available now - use this slug instead: meta-llama/llama-3.3-70b-instruct', 'code': 404}, 'user_id': 'user_3FWg0Y7hFwr9mi6ZEJfwxiglC7C'}), trying next provider…
2026-07-21T07:15:05.317749Z -> LLM Error in Generator: All LLM providers failed (non-rate-limit errors). Check API keys and quotas.
2026-07-21T07:15:05.692159Z   ✓ Q2/5 saved (bank now 5)
2026-07-21T07:15:07.692414Z --- RETRIEVING SYLLABUS & STUDENT HISTORY in parallel: Penulisan Karangan ---
2026-07-21T07:15:07.885676Z --- GENERATING ADAPTIVE MCQ IN BAHASA MELAYU ---
2026-07-21T07:15:07.911648Z -> OpenRouter error (NotFoundError: Error code: 404 - {'error': {'message': 'This model is unavailable for free. The paid version is available now - use this slug instead: meta-llama/llama-3.3-70b-instruct', 'code': 404}, 'user_id': 'user_3FWg0Y7hFwr9mi6ZEJfwxiglC7C'}), trying next provider…
2026-07-21T07:15:07.911716Z -> LLM Error in Generator: All LLM providers failed (non-rate-limit errors). Check API keys and quotas.
2026-07-21T07:15:08.368801Z   ✓ Q3/5 saved (bank now 5)
2026-07-21T07:15:10.369017Z --- RETRIEVING SYLLABUS & STUDENT HISTORY in parallel: Penulisan Karangan ---
2026-07-21T07:15:10.556786Z --- GENERATING ADAPTIVE MCQ IN BAHASA MELAYU ---
2026-07-21T07:15:10.575597Z -> OpenRouter error (NotFoundError: Error code: 404 - {'error': {'message': 'This model is unavailable for free. The paid version is available now - use this slug instead: meta-llama/llama-3.3-70b-instruct', 'code': 404}, 'user_id': 'user_3FWg0Y7hFwr9mi6ZEJfwxiglC7C'}), trying next provider…
2026-07-21T07:15:10.575645Z -> LLM Error in Generator: All LLM providers failed (non-rate-limit errors). Check API keys and quotas.
2026-07-21T07:15:10.956561Z   ✓ Q4/5 saved (bank now 5)
2026-07-21T07:15:12.956792Z --- RETRIEVING SYLLABUS & STUDENT HISTORY in parallel: Penulisan Karangan ---
2026-07-21T07:15:13.156791Z --- GENERATING ADAPTIVE MCQ IN BAHASA MELAYU ---
2026-07-21T07:15:13.191887Z -> OpenRouter error (NotFoundError: Error code: 404 - {'error': {'message': 'This model is unavailable for free. The paid version is available now - use this slug instead: meta-llama/llama-3.3-70b-instruct', 'code': 404}, 'user_id': 'user_3FWg0Y7hFwr9mi6ZEJfwxiglC7C'}), trying next provider…
2026-07-21T07:15:13.191980Z -> LLM Error in Generator: All LLM providers failed (non-rate-limit errors). Check API keys and quotas.
2026-07-21T07:15:13.571063Z   ✓ Q5/5 saved (bank now 5)
2026-07-21T07:15:15.571261Z [225/347] Bahasa Cina — Tatabahasa Cina (English): generating 5 question(s)...
2026-07-21T07:15:15.571367Z --- RETRIEVING SYLLABUS & STUDENT HISTORY in parallel: Tatabahasa Cina ---
2026-07-21T07:15:15.930435Z -> Retrieved 4 textbook chunk(s), 4 DSKP chunk(s)
2026-07-21T07:15:15.930858Z --- GENERATING ADAPTIVE MCQ IN ENGLISH ---
2026-07-21T07:15:15.956909Z -> OpenRouter error (NotFoundError: Error code: 404 - {'error': {'message': 'This model is unavailable for free. The paid version is available now - use this slug instead: meta-llama/llama-3.3-70b-instruct', 'code': 404}, 'user_id': 'user_3FWg0Y7hFwr9mi6ZEJfwxiglC7C'}), trying next provider…
2026-07-21T07:15:15.956966Z -> LLM Error in Generator: All LLM providers failed (non-rate-limit errors). Check API keys and quotas.
2026-07-21T07:15:16.345161Z   ✓ Q1/5 saved (bank now 1)
2026-07-21T07:15:18.345496Z --- RETRIEVING SYLLABUS & STUDENT HISTORY in parallel: Tatabahasa Cina ---
2026-07-21T07:15:18.527885Z --- GENERATING ADAPTIVE MCQ IN ENGLISH ---
2026-07-21T07:15:18.552880Z -> OpenRouter error (NotFoundError: Error code: 404 - {'error': {'message': 'This model is unavailable for free. The paid version is available now - use this slug instead: meta-llama/llama-3.3-70b-instruct', 'code': 404}, 'user_id': 'user_3FWg0Y7hFwr9mi6ZEJfwxiglC7C'}), trying next provider…
2026-07-21T07:15:18.552971Z -> LLM Error in Generator: All LLM providers failed (non-rate-limit errors). Check API keys and quotas.
2026-07-21T07:15:19.264448Z   ✓ Q2/5 saved (bank now 2)
2026-07-21T07:15:21.264676Z --- RETRIEVING SYLLABUS & STUDENT HISTORY in parallel: Tatabahasa Cina ---
2026-07-21T07:15:21.458228Z --- GENERATING ADAPTIVE MCQ IN ENGLISH ---
2026-07-21T07:15:21.580660Z -> OpenRouter error (NotFoundError: Error code: 404 - {'error': {'message': 'This model is unavailable for free. The paid version is available now - use this slug instead: meta-llama/llama-3.3-70b-instruct', 'code': 404}, 'user_id': 'user_3FWg0Y7hFwr9mi6ZEJfwxiglC7C'}), trying next provider…
2026-07-21T07:15:21.580743Z -> LLM Error in Generator: All LLM providers failed (non-rate-limit errors). Check API keys and quotas.
2026-07-21T07:15:21.965895Z   ✓ Q3/5 saved (bank now 3)
2026-07-21T07:15:23.966114Z --- RETRIEVING SYLLABUS & STUDENT HISTORY in parallel: Tatabahasa Cina ---
2026-07-21T07:15:24.171590Z --- GENERATING ADAPTIVE MCQ IN ENGLISH ---
2026-07-21T07:15:24.196805Z -> OpenRouter error (NotFoundError: Error code: 404 - {'error': {'message': 'This model is unavailable for free. The paid version is available now - use this slug instead: meta-llama/llama-3.3-70b-instruct', 'code': 404}, 'user_id': 'user_3FWg0Y7hFwr9mi6ZEJfwxiglC7C'}), trying next provider…
2026-07-21T07:15:24.196880Z -> LLM Error in Generator: All LLM providers failed (non-rate-limit errors). Check API keys and quotas.
2026-07-21T07:15:24.556383Z   ✓ Q4/5 saved (bank now 4)
2026-07-21T07:15:26.556603Z --- RETRIEVING SYLLABUS & STUDENT HISTORY in parallel: Tatabahasa Cina ---
2026-07-21T07:15:26.748579Z --- GENERATING ADAPTIVE MCQ IN ENGLISH ---
2026-07-21T07:15:26.770382Z -> OpenRouter error (NotFoundError: Error code: 404 - {'error': {'message': 'This model is unavailable for free. The paid version is available now - use this slug instead: meta-llama/llama-3.3-70b-instruct', 'code': 404}, 'user_id': 'user_3FWg0Y7hFwr9mi6ZEJfwxiglC7C'}), trying next provider…
2026-07-21T07:15:26.770469Z -> LLM Error in Generator: All LLM providers failed (non-rate-limit errors). Check API keys and quotas.
2026-07-21T07:15:27.152255Z   ✓ Q5/5 saved (bank now 5)
2026-07-21T07:15:29.152452Z [226/347] Bahasa Cina — Tatabahasa Cina (Bahasa Melayu): generating 5 question(s)...
2026-07-21T07:15:29.152558Z --- RETRIEVING SYLLABUS & STUDENT HISTORY in parallel: Tatabahasa Cina ---
2026-07-21T07:15:29.334242Z --- GENERATING ADAPTIVE MCQ IN BAHASA MELAYU ---
2026-07-21T07:15:29.374431Z -> OpenRouter error (NotFoundError: Error code: 404 - {'error': {'message': 'This model is unavailable for free. The paid version is available now - use this slug instead: meta-llama/llama-3.3-70b-instruct', 'code': 404}, 'user_id': 'user_3FWg0Y7hFwr9mi6ZEJfwxiglC7C'}), trying next provider…
2026-07-21T07:15:29.374531Z -> LLM Error in Generator: All LLM providers failed (non-rate-limit errors). Check API keys and quotas.
2026-07-21T07:15:29.765646Z   ✓ Q1/5 saved (bank now 1)
2026-07-21T07:15:31.765852Z --- RETRIEVING SYLLABUS & STUDENT HISTORY in parallel: Tatabahasa Cina ---
2026-07-21T07:15:31.963370Z --- GENERATING ADAPTIVE MCQ IN BAHASA MELAYU ---
2026-07-21T07:15:32.047876Z -> OpenRouter error (NotFoundError: Error code: 404 - {'error': {'message': 'This model is unavailable for free. The paid version is available now - use this slug instead: meta-llama/llama-3.3-70b-instruct', 'code': 404}, 'user_id': 'user_3FWg0Y7hFwr9mi6ZEJfwxiglC7C'}), trying next provider…
2026-07-21T07:15:32.047929Z -> LLM Error in Generator: All LLM providers failed (non-rate-limit errors). Check API keys and quotas.
2026-07-21T07:15:32.409576Z   ✓ Q2/5 saved (bank now 2)
2026-07-21T07:15:34.409850Z --- RETRIEVING SYLLABUS & STUDENT HISTORY in parallel: Tatabahasa Cina ---
2026-07-21T07:15:34.587742Z --- GENERATING ADAPTIVE MCQ IN BAHASA MELAYU ---
2026-07-21T07:15:34.659793Z -> OpenRouter error (NotFoundError: Error code: 404 - {'error': {'message': 'This model is unavailable for free. The paid version is available now - use this slug instead: meta-llama/llama-3.3-70b-instruct', 'code': 404}, 'user_id': 'user_3FWg0Y7hFwr9mi6ZEJfwxiglC7C'}), trying next provider…
2026-07-21T07:15:34.659867Z -> LLM Error in Generator: All LLM providers failed (non-rate-limit errors). Check API keys and quotas.
2026-07-21T07:15:35.027752Z   ✓ Q3/5 saved (bank now 3)
2026-07-21T07:15:37.028039Z --- RETRIEVING SYLLABUS & STUDENT HISTORY in parallel: Tatabahasa Cina ---
2026-07-21T07:15:37.224168Z --- GENERATING ADAPTIVE MCQ IN BAHASA MELAYU ---
2026-07-21T07:15:37.246696Z -> OpenRouter error (NotFoundError: Error code: 404 - {'error': {'message': 'This model is unavailable for free. The paid version is available now - use this slug instead: meta-llama/llama-3.3-70b-instruct', 'code': 404}, 'user_id': 'user_3FWg0Y7hFwr9mi6ZEJfwxiglC7C'}), trying next provider…
2026-07-21T07:15:37.246785Z -> LLM Error in Generator: All LLM providers failed (non-rate-limit errors). Check API keys and quotas.
2026-07-21T07:15:37.604464Z   ✓ Q4/5 saved (bank now 4)
2026-07-21T07:15:39.604627Z --- RETRIEVING SYLLABUS & STUDENT HISTORY in parallel: Tatabahasa Cina ---
2026-07-21T07:15:39.783652Z --- GENERATING ADAPTIVE MCQ IN BAHASA MELAYU ---
2026-07-21T07:15:39.834449Z -> OpenRouter error (NotFoundError: Error code: 404 - {'error': {'message': 'This model is unavailable for free. The paid version is available now - use this slug instead: meta-llama/llama-3.3-70b-instruct', 'code': 404}, 'user_id': 'user_3FWg0Y7hFwr9mi6ZEJfwxiglC7C'}), trying next provider…
2026-07-21T07:15:39.834513Z -> LLM Error in Generator: All LLM providers failed (non-rate-limit errors). Check API keys and quotas.
2026-07-21T07:15:40.199568Z   ✓ Q5/5 saved (bank now 5)
2026-07-21T07:15:42.199821Z [227/347] Bahasa Cina — Kosa Kata (English): generating 5 question(s)...
2026-07-21T07:15:42.199902Z --- RETRIEVING SYLLABUS & STUDENT HISTORY in parallel: Kosa Kata ---
2026-07-21T07:15:42.486907Z -> Retrieved 8 textbook chunk(s), 0 DSKP chunk(s)
2026-07-21T07:15:42.487473Z --- GENERATING ADAPTIVE MCQ IN ENGLISH ---
2026-07-21T07:15:42.551066Z -> OpenRouter error (NotFoundError: Error code: 404 - {'error': {'message': 'This model is unavailable for free. The paid version is available now - use this slug instead: meta-llama/llama-3.3-70b-instruct', 'code': 404}, 'user_id': 'user_3FWg0Y7hFwr9mi6ZEJfwxiglC7C'}), trying next provider…
2026-07-21T07:15:42.551136Z -> LLM Error in Generator: All LLM providers failed (non-rate-limit errors). Check API keys and quotas.
2026-07-21T07:15:42.922659Z   ✓ Q1/5 saved (bank now 1)
2026-07-21T07:15:44.922973Z --- RETRIEVING SYLLABUS & STUDENT HISTORY in parallel: Kosa Kata ---
2026-07-21T07:15:45.100250Z --- GENERATING ADAPTIVE MCQ IN ENGLISH ---
2026-07-21T07:15:45.131907Z -> OpenRouter error (NotFoundError: Error code: 404 - {'error': {'message': 'This model is unavailable for free. The paid version is available now - use this slug instead: meta-llama/llama-3.3-70b-instruct', 'code': 404}, 'user_id': 'user_3FWg0Y7hFwr9mi6ZEJfwxiglC7C'}), trying next provider…
2026-07-21T07:15:45.131989Z -> LLM Error in Generator: All LLM providers failed (non-rate-limit errors). Check API keys and quotas.
2026-07-21T07:15:45.511194Z   ✓ Q2/5 saved (bank now 2)
2026-07-21T07:15:47.511418Z --- RETRIEVING SYLLABUS & STUDENT HISTORY in parallel: Kosa Kata ---
2026-07-21T07:15:47.703669Z --- GENERATING ADAPTIVE MCQ IN ENGLISH ---
2026-07-21T07:15:47.731874Z -> OpenRouter error (NotFoundError: Error code: 404 - {'error': {'message': 'This model is unavailable for free. The paid version is available now - use this slug instead: meta-llama/llama-3.3-70b-instruct', 'code': 404}, 'user_id': 'user_3FWg0Y7hFwr9mi6ZEJfwxiglC7C'}), trying next provider…
2026-07-21T07:15:47.731940Z -> LLM Error in Generator: All LLM providers failed (non-rate-limit errors). Check API keys and quotas.
2026-07-21T07:15:48.106236Z   ✓ Q3/5 saved (bank now 3)
2026-07-21T07:15:50.106559Z --- RETRIEVING SYLLABUS & STUDENT HISTORY in parallel: Kosa Kata ---
2026-07-21T07:15:50.298841Z --- GENERATING ADAPTIVE MCQ IN ENGLISH ---
2026-07-21T07:15:50.325661Z -> OpenRouter error (NotFoundError: Error code: 404 - {'error': {'message': 'This model is unavailable for free. The paid version is available now - use this slug instead: meta-llama/llama-3.3-70b-instruct', 'code': 404}, 'user_id': 'user_3FWg0Y7hFwr9mi6ZEJfwxiglC7C'}), trying next provider…
2026-07-21T07:15:50.325726Z -> LLM Error in Generator: All LLM providers failed (non-rate-limit errors). Check API keys and quotas.
2026-07-21T07:15:50.739539Z   ✓ Q4/5 saved (bank now 4)
2026-07-21T07:15:52.739763Z --- RETRIEVING SYLLABUS & STUDENT HISTORY in parallel: Kosa Kata ---
2026-07-21T07:15:52.930643Z --- GENERATING ADAPTIVE MCQ IN ENGLISH ---
2026-07-21T07:15:52.968553Z -> OpenRouter error (NotFoundError: Error code: 404 - {'error': {'message': 'This model is unavailable for free. The paid version is available now - use this slug instead: meta-llama/llama-3.3-70b-instruct', 'code': 404}, 'user_id': 'user_3FWg0Y7hFwr9mi6ZEJfwxiglC7C'}), trying next provider…
2026-07-21T07:15:52.968638Z -> LLM Error in Generator: All LLM providers failed (non-rate-limit errors). Check API keys and quotas.
2026-07-21T07:15:53.334409Z   ✓ Q5/5 saved (bank now 5)
2026-07-21T07:15:55.334561Z [228/347] Bahasa Cina — Kosa Kata (Bahasa Melayu): generating 5 question(s)...
2026-07-21T07:15:55.334656Z --- RETRIEVING SYLLABUS & STUDENT HISTORY in parallel: Kosa Kata ---
2026-07-21T07:15:55.521599Z --- GENERATING ADAPTIVE MCQ IN BAHASA MELAYU ---
2026-07-21T07:15:55.558269Z -> OpenRouter error (NotFoundError: Error code: 404 - {'error': {'message': 'This model is unavailable for free. The paid version is available now - use this slug instead: meta-llama/llama-3.3-70b-instruct', 'code': 404}, 'user_id': 'user_3FWg0Y7hFwr9mi6ZEJfwxiglC7C'}), trying next provider…
2026-07-21T07:15:55.558427Z -> LLM Error in Generator: All LLM providers failed (non-rate-limit errors). Check API keys and quotas.
2026-07-21T07:15:55.941265Z   ✓ Q1/5 saved (bank now 1)
2026-07-21T07:15:57.941479Z --- RETRIEVING SYLLABUS & STUDENT HISTORY in parallel: Kosa Kata ---
2026-07-21T07:15:58.127795Z --- GENERATING ADAPTIVE MCQ IN BAHASA MELAYU ---
2026-07-21T07:15:58.149390Z -> OpenRouter error (NotFoundError: Error code: 404 - {'error': {'message': 'This model is unavailable for free. The paid version is available now - use this slug instead: meta-llama/llama-3.3-70b-instruct', 'code': 404}, 'user_id': 'user_3FWg0Y7hFwr9mi6ZEJfwxiglC7C'}), trying next provider…
2026-07-21T07:15:58.149469Z -> LLM Error in Generator: All LLM providers failed (non-rate-limit errors). Check API keys and quotas.
2026-07-21T07:15:58.523538Z   ✓ Q2/5 saved (bank now 2)
2026-07-21T07:16:00.523770Z --- RETRIEVING SYLLABUS & STUDENT HISTORY in parallel: Kosa Kata ---
2026-07-21T07:16:00.710240Z --- GENERATING ADAPTIVE MCQ IN BAHASA MELAYU ---
2026-07-21T07:16:01.123490Z -> OpenRouter error (NotFoundError: Error code: 404 - {'error': {'message': 'This model is unavailable for free. The paid version is available now - use this slug instead: meta-llama/llama-3.3-70b-instruct', 'code': 404}, 'user_id': 'user_3FWg0Y7hFwr9mi6ZEJfwxiglC7C'}), trying next provider…
2026-07-21T07:16:01.123559Z -> LLM Error in Generator: All LLM providers failed (non-rate-limit errors). Check API keys and quotas.
2026-07-21T07:16:01.485601Z   ✓ Q3/5 saved (bank now 3)
2026-07-21T07:16:03.485757Z --- RETRIEVING SYLLABUS & STUDENT HISTORY in parallel: Kosa Kata ---
2026-07-21T07:16:03.678505Z --- GENERATING ADAPTIVE MCQ IN BAHASA MELAYU ---
2026-07-21T07:16:03.727692Z -> OpenRouter error (NotFoundError: Error code: 404 - {'error': {'message': 'This model is unavailable for free. The paid version is available now - use this slug instead: meta-llama/llama-3.3-70b-instruct', 'code': 404}, 'user_id': 'user_3FWg0Y7hFwr9mi6ZEJfwxiglC7C'}), trying next provider…
2026-07-21T07:16:03.727747Z -> LLM Error in Generator: All LLM providers failed (non-rate-limit errors). Check API keys and quotas.
2026-07-21T07:16:04.124754Z   ✓ Q4/5 saved (bank now 4)
2026-07-21T07:16:06.124993Z --- RETRIEVING SYLLABUS & STUDENT HISTORY in parallel: Kosa Kata ---
2026-07-21T07:16:06.312758Z --- GENERATING ADAPTIVE MCQ IN BAHASA MELAYU ---
2026-07-21T07:16:06.353172Z -> OpenRouter error (NotFoundError: Error code: 404 - {'error': {'message': 'This model is unavailable for free. The paid version is available now - use this slug instead: meta-llama/llama-3.3-70b-instruct', 'code': 404}, 'user_id': 'user_3FWg0Y7hFwr9mi6ZEJfwxiglC7C'}), trying next provider…
2026-07-21T07:16:06.353271Z -> LLM Error in Generator: All LLM providers failed (non-rate-limit errors). Check API keys and quotas.
2026-07-21T07:16:06.725526Z   ✓ Q5/5 saved (bank now 5)
2026-07-21T07:16:08.725845Z [229/347] Bahasa Cina — Pemahaman Teks (English): generating 5 question(s)...
2026-07-21T07:16:08.725928Z --- RETRIEVING SYLLABUS & STUDENT HISTORY in parallel: Pemahaman Teks ---
2026-07-21T07:16:09.029452Z -> Retrieved 7 textbook chunk(s), 1 DSKP chunk(s)
2026-07-21T07:16:09.029964Z --- GENERATING ADAPTIVE MCQ IN ENGLISH ---
2026-07-21T07:16:10.680508Z -> Cerebras: cooling for 65s.
2026-07-21T07:16:10.722302Z -> GroqCloud: cooling for 65s.
2026-07-21T07:16:10.809610Z -> OpenRouter error (NotFoundError: Error code: 404 - {'error': {'message': 'This model is unavailable for free. The paid version is available now - use this slug instead: meta-llama/llama-3.3-70b-instruct', 'code': 404}, 'user_id': 'user_3FWg0Y7hFwr9mi6ZEJfwxiglC7C'}), trying next provider…
2026-07-21T07:16:10.809693Z -> LLM Error in Generator: All LLM providers failed (non-rate-limit errors). Check API keys and quotas.
2026-07-21T07:16:11.188976Z   ✓ Q1/5 saved (bank now 1)
2026-07-21T07:16:13.189254Z --- RETRIEVING SYLLABUS & STUDENT HISTORY in parallel: Pemahaman Teks ---
2026-07-21T07:16:13.686296Z --- GENERATING ADAPTIVE MCQ IN ENGLISH ---
2026-07-21T07:16:13.739100Z -> OpenRouter error (NotFoundError: Error code: 404 - {'error': {'message': 'This model is unavailable for free. The paid version is available now - use this slug instead: meta-llama/llama-3.3-70b-instruct', 'code': 404}, 'user_id': 'user_3FWg0Y7hFwr9mi6ZEJfwxiglC7C'}), trying next provider…
2026-07-21T07:16:13.739182Z -> LLM Error in Generator: All LLM providers failed (non-rate-limit errors). Check API keys and quotas.
2026-07-21T07:16:14.114658Z   ✓ Q2/5 saved (bank now 2)
2026-07-21T07:16:16.114890Z --- RETRIEVING SYLLABUS & STUDENT HISTORY in parallel: Pemahaman Teks ---
2026-07-21T07:16:16.638331Z --- GENERATING ADAPTIVE MCQ IN ENGLISH ---
2026-07-21T07:16:16.706473Z -> OpenRouter error (NotFoundError: Error code: 404 - {'error': {'message': 'This model is unavailable for free. The paid version is available now - use this slug instead: meta-llama/llama-3.3-70b-instruct', 'code': 404}, 'user_id': 'user_3FWg0Y7hFwr9mi6ZEJfwxiglC7C'}), trying next provider…
2026-07-21T07:16:16.706525Z -> LLM Error in Generator: All LLM providers failed (non-rate-limit errors). Check API keys and quotas.
2026-07-21T07:16:17.109740Z   ✓ Q3/5 saved (bank now 3)
2026-07-21T07:16:19.109994Z --- RETRIEVING SYLLABUS & STUDENT HISTORY in parallel: Pemahaman Teks ---
2026-07-21T07:16:19.305889Z --- GENERATING ADAPTIVE MCQ IN ENGLISH ---
2026-07-21T07:16:19.329811Z -> OpenRouter error (NotFoundError: Error code: 404 - {'error': {'message': 'This model is unavailable for free. The paid version is available now - use this slug instead: meta-llama/llama-3.3-70b-instruct', 'code': 404}, 'user_id': 'user_3FWg0Y7hFwr9mi6ZEJfwxiglC7C'}), trying next provider…
2026-07-21T07:16:19.329896Z -> LLM Error in Generator: All LLM providers failed (non-rate-limit errors). Check API keys and quotas.
2026-07-21T07:16:19.715682Z   ✓ Q4/5 saved (bank now 4)
2026-07-21T07:16:21.715839Z --- RETRIEVING SYLLABUS & STUDENT HISTORY in parallel: Pemahaman Teks ---
2026-07-21T07:16:21.903645Z --- GENERATING ADAPTIVE MCQ IN ENGLISH ---
2026-07-21T07:16:21.930647Z -> OpenRouter error (NotFoundError: Error code: 404 - {'error': {'message': 'This model is unavailable for free. The paid version is available now - use this slug instead: meta-llama/llama-3.3-70b-instruct', 'code': 404}, 'user_id': 'user_3FWg0Y7hFwr9mi6ZEJfwxiglC7C'}), trying next provider…
2026-07-21T07:16:21.930720Z -> LLM Error in Generator: All LLM providers failed (non-rate-limit errors). Check API keys and quotas.
2026-07-21T07:16:22.306965Z   ✓ Q5/5 saved (bank now 5)
2026-07-21T07:16:24.307139Z [230/347] Bahasa Cina — Pemahaman Teks (Bahasa Melayu): generating 5 question(s)...
2026-07-21T07:16:24.307220Z --- RETRIEVING SYLLABUS & STUDENT HISTORY in parallel: Pemahaman Teks ---
2026-07-21T07:16:24.488609Z --- GENERATING ADAPTIVE MCQ IN BAHASA MELAYU ---
2026-07-21T07:16:24.559086Z -> OpenRouter error (NotFoundError: Error code: 404 - {'error': {'message': 'This model is unavailable for free. The paid version is available now - use this slug instead: meta-llama/llama-3.3-70b-instruct', 'code': 404}, 'user_id': 'user_3FWg0Y7hFwr9mi6ZEJfwxiglC7C'}), trying next provider…
2026-07-21T07:16:24.559176Z -> LLM Error in Generator: All LLM providers failed (non-rate-limit errors). Check API keys and quotas.
2026-07-21T07:16:24.939705Z   ✓ Q1/5 saved (bank now 1)
2026-07-21T07:16:26.939922Z --- RETRIEVING SYLLABUS & STUDENT HISTORY in parallel: Pemahaman Teks ---
2026-07-21T07:16:27.129955Z --- GENERATING ADAPTIVE MCQ IN BAHASA MELAYU ---
2026-07-21T07:16:27.412442Z -> OpenRouter error (NotFoundError: Error code: 404 - {'error': {'message': 'This model is unavailable for free. The paid version is available now - use this slug instead: meta-llama/llama-3.3-70b-instruct', 'code': 404}, 'user_id': 'user_3FWg0Y7hFwr9mi6ZEJfwxiglC7C'}), trying next provider…
2026-07-21T07:16:27.412549Z -> LLM Error in Generator: All LLM providers failed (non-rate-limit errors). Check API keys and quotas.
2026-07-21T07:16:27.776511Z   ✓ Q2/5 saved (bank now 2)
2026-07-21T07:16:29.776725Z --- RETRIEVING SYLLABUS & STUDENT HISTORY in parallel: Pemahaman Teks ---
2026-07-21T07:16:29.956068Z --- GENERATING ADAPTIVE MCQ IN BAHASA MELAYU ---
2026-07-21T07:16:29.983125Z -> OpenRouter error (NotFoundError: Error code: 404 - {'error': {'message': 'This model is unavailable for free. The paid version is available now - use this slug instead: meta-llama/llama-3.3-70b-instruct', 'code': 404}, 'user_id': 'user_3FWg0Y7hFwr9mi6ZEJfwxiglC7C'}), trying next provider…
2026-07-21T07:16:29.983214Z -> LLM Error in Generator: All LLM providers failed (non-rate-limit errors). Check API keys and quotas.
2026-07-21T07:16:30.360334Z   ✓ Q3/5 saved (bank now 3)
2026-07-21T07:16:32.360574Z --- RETRIEVING SYLLABUS & STUDENT HISTORY in parallel: Pemahaman Teks ---
2026-07-21T07:16:32.551262Z --- GENERATING ADAPTIVE MCQ IN BAHASA MELAYU ---
2026-07-21T07:16:32.578599Z -> OpenRouter error (NotFoundError: Error code: 404 - {'error': {'message': 'This model is unavailable for free. The paid version is available now - use this slug instead: meta-llama/llama-3.3-70b-instruct', 'code': 404}, 'user_id': 'user_3FWg0Y7hFwr9mi6ZEJfwxiglC7C'}), trying next provider…
2026-07-21T07:16:32.578677Z -> LLM Error in Generator: All LLM providers failed (non-rate-limit errors). Check API keys and quotas.
2026-07-21T07:16:32.960759Z   ✓ Q4/5 saved (bank now 4)
2026-07-21T07:16:34.960957Z --- RETRIEVING SYLLABUS & STUDENT HISTORY in parallel: Pemahaman Teks ---
2026-07-21T07:16:35.155586Z --- GENERATING ADAPTIVE MCQ IN BAHASA MELAYU ---
2026-07-21T07:16:35.263085Z -> OpenRouter error (NotFoundError: Error code: 404 - {'error': {'message': 'This model is unavailable for free. The paid version is available now - use this slug instead: meta-llama/llama-3.3-70b-instruct', 'code': 404}, 'user_id': 'user_3FWg0Y7hFwr9mi6ZEJfwxiglC7C'}), trying next provider…
2026-07-21T07:16:35.263158Z -> LLM Error in Generator: All LLM providers failed (non-rate-limit errors). Check API keys and quotas.
2026-07-21T07:16:35.639957Z   ✓ Q5/5 saved (bank now 5)
2026-07-21T07:16:37.640212Z [231/347] Bahasa Cina — Sastera Cina (English): generating 5 question(s)...
2026-07-21T07:16:37.640277Z --- RETRIEVING SYLLABUS & STUDENT HISTORY in parallel: Sastera Cina ---
2026-07-21T07:16:37.902886Z -> Retrieved 8 textbook chunk(s), 0 DSKP chunk(s)
2026-07-21T07:16:37.903137Z --- GENERATING ADAPTIVE MCQ IN ENGLISH ---
2026-07-21T07:16:37.954660Z -> OpenRouter error (NotFoundError: Error code: 404 - {'error': {'message': 'This model is unavailable for free. The paid version is available now - use this slug instead: meta-llama/llama-3.3-70b-instruct', 'code': 404}, 'user_id': 'user_3FWg0Y7hFwr9mi6ZEJfwxiglC7C'}), trying next provider…
2026-07-21T07:16:37.954734Z -> LLM Error in Generator: All LLM providers failed (non-rate-limit errors). Check API keys and quotas.
2026-07-21T07:16:38.331299Z   ✓ Q1/5 saved (bank now 1)
2026-07-21T07:16:40.331504Z --- RETRIEVING SYLLABUS & STUDENT HISTORY in parallel: Sastera Cina ---
2026-07-21T07:16:40.528513Z --- GENERATING ADAPTIVE MCQ IN ENGLISH ---
2026-07-21T07:16:40.550619Z -> OpenRouter error (NotFoundError: Error code: 404 - {'error': {'message': 'This model is unavailable for free. The paid version is available now - use this slug instead: meta-llama/llama-3.3-70b-instruct', 'code': 404}, 'user_id': 'user_3FWg0Y7hFwr9mi6ZEJfwxiglC7C'}), trying next provider…
2026-07-21T07:16:40.550682Z -> LLM Error in Generator: All LLM providers failed (non-rate-limit errors). Check API keys and quotas.
2026-07-21T07:16:40.914920Z   ✓ Q2/5 saved (bank now 2)
2026-07-21T07:16:42.915253Z --- RETRIEVING SYLLABUS & STUDENT HISTORY in parallel: Sastera Cina ---
2026-07-21T07:16:43.108774Z --- GENERATING ADAPTIVE MCQ IN ENGLISH ---
2026-07-21T07:16:43.155830Z -> OpenRouter error (NotFoundError: Error code: 404 - {'error': {'message': 'This model is unavailable for free. The paid version is available now - use this slug instead: meta-llama/llama-3.3-70b-instruct', 'code': 404}, 'user_id': 'user_3FWg0Y7hFwr9mi6ZEJfwxiglC7C'}), trying next provider…
2026-07-21T07:16:43.155940Z -> LLM Error in Generator: All LLM providers failed (non-rate-limit errors). Check API keys and quotas.
2026-07-21T07:16:43.526088Z   ✓ Q3/5 saved (bank now 3)
2026-07-21T07:16:45.526377Z --- RETRIEVING SYLLABUS & STUDENT HISTORY in parallel: Sastera Cina ---
2026-07-21T07:16:45.711083Z --- GENERATING ADAPTIVE MCQ IN ENGLISH ---
2026-07-21T07:16:45.737128Z -> OpenRouter error (NotFoundError: Error code: 404 - {'error': {'message': 'This model is unavailable for free. The paid version is available now - use this slug instead: meta-llama/llama-3.3-70b-instruct', 'code': 404}, 'user_id': 'user_3FWg0Y7hFwr9mi6ZEJfwxiglC7C'}), trying next provider…
2026-07-21T07:16:45.737221Z -> LLM Error in Generator: All LLM providers failed (non-rate-limit errors). Check API keys and quotas.
2026-07-21T07:16:46.125796Z   ✓ Q4/5 saved (bank now 4)
2026-07-21T07:16:48.126041Z --- RETRIEVING SYLLABUS & STUDENT HISTORY in parallel: Sastera Cina ---
2026-07-21T07:16:48.307911Z --- GENERATING ADAPTIVE MCQ IN ENGLISH ---
2026-07-21T07:16:48.329688Z -> OpenRouter error (NotFoundError: Error code: 404 - {'error': {'message': 'This model is unavailable for free. The paid version is available now - use this slug instead: meta-llama/llama-3.3-70b-instruct', 'code': 404}, 'user_id': 'user_3FWg0Y7hFwr9mi6ZEJfwxiglC7C'}), trying next provider…
2026-07-21T07:16:48.329752Z -> LLM Error in Generator: All LLM providers failed (non-rate-limit errors). Check API keys and quotas.
2026-07-21T07:16:48.703715Z   ✓ Q5/5 saved (bank now 5)
2026-07-21T07:16:50.703971Z [232/347] Bahasa Cina — Sastera Cina (Bahasa Melayu): generating 5 question(s)...
2026-07-21T07:16:50.704055Z --- RETRIEVING SYLLABUS & STUDENT HISTORY in parallel: Sastera Cina ---
2026-07-21T07:16:50.889348Z --- GENERATING ADAPTIVE MCQ IN BAHASA MELAYU ---
2026-07-21T07:16:50.921348Z -> OpenRouter error (NotFoundError: Error code: 404 - {'error': {'message': 'This model is unavailable for free. The paid version is available now - use this slug instead: meta-llama/llama-3.3-70b-instruct', 'code': 404}, 'user_id': 'user_3FWg0Y7hFwr9mi6ZEJfwxiglC7C'}), trying next provider…
2026-07-21T07:16:50.921407Z -> LLM Error in Generator: All LLM providers failed (non-rate-limit errors). Check API keys and quotas.
2026-07-21T07:16:51.286755Z   ✓ Q1/5 saved (bank now 1)
2026-07-21T07:16:53.287001Z --- RETRIEVING SYLLABUS & STUDENT HISTORY in parallel: Sastera Cina ---
2026-07-21T07:16:53.480972Z --- GENERATING ADAPTIVE MCQ IN BAHASA MELAYU ---
2026-07-21T07:16:53.514109Z -> OpenRouter error (NotFoundError: Error code: 404 - {'error': {'message': 'This model is unavailable for free. The paid version is available now - use this slug instead: meta-llama/llama-3.3-70b-instruct', 'code': 404}, 'user_id': 'user_3FWg0Y7hFwr9mi6ZEJfwxiglC7C'}), trying next provider…
2026-07-21T07:16:53.514161Z -> LLM Error in Generator: All LLM providers failed (non-rate-limit errors). Check API keys and quotas.
2026-07-21T07:16:53.916160Z   ✓ Q2/5 saved (bank now 2)
2026-07-21T07:16:55.916479Z --- RETRIEVING SYLLABUS & STUDENT HISTORY in parallel: Sastera Cina ---
2026-07-21T07:16:56.111365Z --- GENERATING ADAPTIVE MCQ IN BAHASA MELAYU ---
2026-07-21T07:16:56.131906Z -> OpenRouter error (NotFoundError: Error code: 404 - {'error': {'message': 'This model is unavailable for free. The paid version is available now - use this slug instead: meta-llama/llama-3.3-70b-instruct', 'code': 404}, 'user_id': 'user_3FWg0Y7hFwr9mi6ZEJfwxiglC7C'}), trying next provider…
2026-07-21T07:16:56.131966Z -> LLM Error in Generator: All LLM providers failed (non-rate-limit errors). Check API keys and quotas.
2026-07-21T07:16:56.507883Z   ✓ Q3/5 saved (bank now 3)
2026-07-21T07:16:58.508159Z --- RETRIEVING SYLLABUS & STUDENT HISTORY in parallel: Sastera Cina ---
2026-07-21T07:16:58.688119Z --- GENERATING ADAPTIVE MCQ IN BAHASA MELAYU ---
2026-07-21T07:16:58.710797Z -> OpenRouter error (NotFoundError: Error code: 404 - {'error': {'message': 'This model is unavailable for free. The paid version is available now - use this slug instead: meta-llama/llama-3.3-70b-instruct', 'code': 404}, 'user_id': 'user_3FWg0Y7hFwr9mi6ZEJfwxiglC7C'}), trying next provider…
2026-07-21T07:16:58.710863Z -> LLM Error in Generator: All LLM providers failed (non-rate-limit errors). Check API keys and quotas.
2026-07-21T07:16:59.076500Z   ✓ Q4/5 saved (bank now 4)
2026-07-21T07:17:01.076766Z --- RETRIEVING SYLLABUS & STUDENT HISTORY in parallel: Sastera Cina ---
2026-07-21T07:17:01.253974Z --- GENERATING ADAPTIVE MCQ IN BAHASA MELAYU ---
2026-07-21T07:17:01.432993Z -> OpenRouter error (NotFoundError: Error code: 404 - {'error': {'message': 'This model is unavailable for free. The paid version is available now - use this slug instead: meta-llama/llama-3.3-70b-instruct', 'code': 404}, 'user_id': 'user_3FWg0Y7hFwr9mi6ZEJfwxiglC7C'}), trying next provider…
2026-07-21T07:17:01.433085Z -> LLM Error in Generator: All LLM providers failed (non-rate-limit errors). Check API keys and quotas.
2026-07-21T07:17:01.866085Z   ✓ Q5/5 saved (bank now 5)
2026-07-21T07:17:03.866246Z [233/347] Bahasa Cina — Kosa Kata Lanjutan (English): generating 5 question(s)...
2026-07-21T07:17:03.866328Z --- RETRIEVING SYLLABUS & STUDENT HISTORY in parallel: Kosa Kata Lanjutan ---
2026-07-21T07:17:04.166459Z -> Retrieved 8 textbook chunk(s), 0 DSKP chunk(s)
2026-07-21T07:17:04.167017Z --- GENERATING ADAPTIVE MCQ IN ENGLISH ---
2026-07-21T07:17:04.189419Z -> OpenRouter error (NotFoundError: Error code: 404 - {'error': {'message': 'This model is unavailable for free. The paid version is available now - use this slug instead: meta-llama/llama-3.3-70b-instruct', 'code': 404}, 'user_id': 'user_3FWg0Y7hFwr9mi6ZEJfwxiglC7C'}), trying next provider…
2026-07-21T07:17:04.189508Z -> LLM Error in Generator: All LLM providers failed (non-rate-limit errors). Check API keys and quotas.
2026-07-21T07:17:04.562272Z   ✓ Q1/5 saved (bank now 1)
2026-07-21T07:17:06.562551Z --- RETRIEVING SYLLABUS & STUDENT HISTORY in parallel: Kosa Kata Lanjutan ---
2026-07-21T07:17:06.754928Z --- GENERATING ADAPTIVE MCQ IN ENGLISH ---
2026-07-21T07:17:06.781276Z -> OpenRouter error (NotFoundError: Error code: 404 - {'error': {'message': 'This model is unavailable for free. The paid version is available now - use this slug instead: meta-llama/llama-3.3-70b-instruct', 'code': 404}, 'user_id': 'user_3FWg0Y7hFwr9mi6ZEJfwxiglC7C'}), trying next provider…
2026-07-21T07:17:06.781381Z -> LLM Error in Generator: All LLM providers failed (non-rate-limit errors). Check API keys and quotas.
2026-07-21T07:17:07.139955Z   ✓ Q2/5 saved (bank now 2)
2026-07-21T07:17:09.140226Z --- RETRIEVING SYLLABUS & STUDENT HISTORY in parallel: Kosa Kata Lanjutan ---
2026-07-21T07:17:09.317157Z --- GENERATING ADAPTIVE MCQ IN ENGLISH ---
2026-07-21T07:17:09.347130Z -> OpenRouter error (NotFoundError: Error code: 404 - {'error': {'message': 'This model is unavailable for free. The paid version is available now - use this slug instead: meta-llama/llama-3.3-70b-instruct', 'code': 404}, 'user_id': 'user_3FWg0Y7hFwr9mi6ZEJfwxiglC7C'}), trying next provider…
2026-07-21T07:17:09.347229Z -> LLM Error in Generator: All LLM providers failed (non-rate-limit errors). Check API keys and quotas.
2026-07-21T07:17:09.723252Z   ✓ Q3/5 saved (bank now 3)
2026-07-21T07:17:11.723511Z --- RETRIEVING SYLLABUS & STUDENT HISTORY in parallel: Kosa Kata Lanjutan ---
2026-07-21T07:17:11.907240Z --- GENERATING ADAPTIVE MCQ IN ENGLISH ---
2026-07-21T07:17:11.941717Z -> OpenRouter error (NotFoundError: Error code: 404 - {'error': {'message': 'This model is unavailable for free. The paid version is available now - use this slug instead: meta-llama/llama-3.3-70b-instruct', 'code': 404}, 'user_id': 'user_3FWg0Y7hFwr9mi6ZEJfwxiglC7C'}), trying next provider…
2026-07-21T07:17:11.941799Z -> LLM Error in Generator: All LLM providers failed (non-rate-limit errors). Check API keys and quotas.
2026-07-21T07:17:12.320994Z   ✓ Q4/5 saved (bank now 4)
2026-07-21T07:17:14.321194Z --- RETRIEVING SYLLABUS & STUDENT HISTORY in parallel: Kosa Kata Lanjutan ---
2026-07-21T07:17:14.511855Z --- GENERATING ADAPTIVE MCQ IN ENGLISH ---
2026-07-21T07:17:14.545285Z -> OpenRouter error (NotFoundError: Error code: 404 - {'error': {'message': 'This model is unavailable for free. The paid version is available now - use this slug instead: meta-llama/llama-3.3-70b-instruct', 'code': 404}, 'user_id': 'user_3FWg0Y7hFwr9mi6ZEJfwxiglC7C'}), trying next provider…
2026-07-21T07:17:14.545414Z -> LLM Error in Generator: All LLM providers failed (non-rate-limit errors). Check API keys and quotas.
2026-07-21T07:17:14.913394Z   ✓ Q5/5 saved (bank now 5)
2026-07-21T07:17:16.913634Z [234/347] Bahasa Cina — Kosa Kata Lanjutan (Bahasa Melayu): generating 5 question(s)...
2026-07-21T07:17:16.913750Z --- RETRIEVING SYLLABUS & STUDENT HISTORY in parallel: Kosa Kata Lanjutan ---
2026-07-21T07:17:17.105357Z --- GENERATING ADAPTIVE MCQ IN BAHASA MELAYU ---
2026-07-21T07:17:18.924229Z -> Cerebras: cooling for 65s.
2026-07-21T07:17:18.997817Z -> GroqCloud: cooling for 65s.
2026-07-21T07:17:19.020597Z -> OpenRouter error (NotFoundError: Error code: 404 - {'error': {'message': 'This model is unavailable for free. The paid version is available now - use this slug instead: meta-llama/llama-3.3-70b-instruct', 'code': 404}, 'user_id': 'user_3FWg0Y7hFwr9mi6ZEJfwxiglC7C'}), trying next provider…
2026-07-21T07:17:19.020674Z -> LLM Error in Generator: All LLM providers failed (non-rate-limit errors). Check API keys and quotas.
2026-07-21T07:17:19.387228Z   ✓ Q1/5 saved (bank now 1)
2026-07-21T07:17:21.387526Z --- RETRIEVING SYLLABUS & STUDENT HISTORY in parallel: Kosa Kata Lanjutan ---
2026-07-21T07:17:21.579084Z --- GENERATING ADAPTIVE MCQ IN BAHASA MELAYU ---
2026-07-21T07:17:21.601639Z -> OpenRouter error (NotFoundError: Error code: 404 - {'error': {'message': 'This model is unavailable for free. The paid version is available now - use this slug instead: meta-llama/llama-3.3-70b-instruct', 'code': 404}, 'user_id': 'user_3FWg0Y7hFwr9mi6ZEJfwxiglC7C'}), trying next provider…
2026-07-21T07:17:21.601687Z -> LLM Error in Generator: All LLM providers failed (non-rate-limit errors). Check API keys and quotas.
2026-07-21T07:17:21.970398Z   ✓ Q2/5 saved (bank now 2)
2026-07-21T07:17:23.970448Z --- RETRIEVING SYLLABUS & STUDENT HISTORY in parallel: Kosa Kata Lanjutan ---
2026-07-21T07:17:24.151058Z --- GENERATING ADAPTIVE MCQ IN BAHASA MELAYU ---
2026-07-21T07:17:24.175648Z -> OpenRouter error (NotFoundError: Error code: 404 - {'error': {'message': 'This model is unavailable for free. The paid version is available now - use this slug instead: meta-llama/llama-3.3-70b-instruct', 'code': 404}, 'user_id': 'user_3FWg0Y7hFwr9mi6ZEJfwxiglC7C'}), trying next provider…
2026-07-21T07:17:24.175735Z -> LLM Error in Generator: All LLM providers failed (non-rate-limit errors). Check API keys and quotas.
2026-07-21T07:17:24.549857Z   ✓ Q3/5 saved (bank now 3)
2026-07-21T07:17:26.550154Z --- RETRIEVING SYLLABUS & STUDENT HISTORY in parallel: Kosa Kata Lanjutan ---
2026-07-21T07:17:26.741775Z --- GENERATING ADAPTIVE MCQ IN BAHASA MELAYU ---
2026-07-21T07:17:26.762340Z -> OpenRouter error (NotFoundError: Error code: 404 - {'error': {'message': 'This model is unavailable for free. The paid version is available now - use this slug instead: meta-llama/llama-3.3-70b-instruct', 'code': 404}, 'user_id': 'user_3FWg0Y7hFwr9mi6ZEJfwxiglC7C'}), trying next provider…
2026-07-21T07:17:26.762401Z -> LLM Error in Generator: All LLM providers failed (non-rate-limit errors). Check API keys and quotas.
2026-07-21T07:17:27.135674Z   ✓ Q4/5 saved (bank now 4)
2026-07-21T07:17:29.135919Z --- RETRIEVING SYLLABUS & STUDENT HISTORY in parallel: Kosa Kata Lanjutan ---
2026-07-21T07:17:29.344499Z --- GENERATING ADAPTIVE MCQ IN BAHASA MELAYU ---
2026-07-21T07:17:29.383628Z -> OpenRouter error (NotFoundError: Error code: 404 - {'error': {'message': 'This model is unavailable for free. The paid version is available now - use this slug instead: meta-llama/llama-3.3-70b-instruct', 'code': 404}, 'user_id': 'user_3FWg0Y7hFwr9mi6ZEJfwxiglC7C'}), trying next provider…
2026-07-21T07:17:29.383673Z -> LLM Error in Generator: All LLM providers failed (non-rate-limit errors). Check API keys and quotas.
2026-07-21T07:17:29.763041Z   ✓ Q5/5 saved (bank now 5)
2026-07-21T07:17:31.763286Z [235/347] Bahasa Cina — Pemahaman Teks Lanjutan (English): generating 5 question(s)...
2026-07-21T07:17:31.763397Z --- RETRIEVING SYLLABUS & STUDENT HISTORY in parallel: Pemahaman Teks Lanjutan ---
2026-07-21T07:17:32.040662Z -> Retrieved 8 textbook chunk(s), 0 DSKP chunk(s)
2026-07-21T07:17:32.041277Z --- GENERATING ADAPTIVE MCQ IN ENGLISH ---
2026-07-21T07:17:32.090582Z -> OpenRouter error (NotFoundError: Error code: 404 - {'error': {'message': 'This model is unavailable for free. The paid version is available now - use this slug instead: meta-llama/llama-3.3-70b-instruct', 'code': 404}, 'user_id': 'user_3FWg0Y7hFwr9mi6ZEJfwxiglC7C'}), trying next provider…
2026-07-21T07:17:32.090649Z -> LLM Error in Generator: All LLM providers failed (non-rate-limit errors). Check API keys and quotas.
2026-07-21T07:17:32.480003Z   ✓ Q1/5 saved (bank now 1)
2026-07-21T07:17:34.480205Z --- RETRIEVING SYLLABUS & STUDENT HISTORY in parallel: Pemahaman Teks Lanjutan ---
2026-07-21T07:17:34.671694Z --- GENERATING ADAPTIVE MCQ IN ENGLISH ---
2026-07-21T07:17:34.706181Z -> OpenRouter error (NotFoundError: Error code: 404 - {'error': {'message': 'This model is unavailable for free. The paid version is available now - use this slug instead: meta-llama/llama-3.3-70b-instruct', 'code': 404}, 'user_id': 'user_3FWg0Y7hFwr9mi6ZEJfwxiglC7C'}), trying next provider…
2026-07-21T07:17:34.706269Z -> LLM Error in Generator: All LLM providers failed (non-rate-limit errors). Check API keys and quotas.
2026-07-21T07:17:35.089925Z   ✓ Q2/5 saved (bank now 2)
2026-07-21T07:17:37.090096Z --- RETRIEVING SYLLABUS & STUDENT HISTORY in parallel: Pemahaman Teks Lanjutan ---
2026-07-21T07:17:37.289508Z --- GENERATING ADAPTIVE MCQ IN ENGLISH ---
2026-07-21T07:17:37.311229Z -> OpenRouter error (NotFoundError: Error code: 404 - {'error': {'message': 'This model is unavailable for free. The paid version is available now - use this slug instead: meta-llama/llama-3.3-70b-instruct', 'code': 404}, 'user_id': 'user_3FWg0Y7hFwr9mi6ZEJfwxiglC7C'}), trying next provider…
2026-07-21T07:17:37.311360Z -> LLM Error in Generator: All LLM providers failed (non-rate-limit errors). Check API keys and quotas.
2026-07-21T07:17:37.692977Z   ✓ Q3/5 saved (bank now 3)
2026-07-21T07:17:39.693202Z --- RETRIEVING SYLLABUS & STUDENT HISTORY in parallel: Pemahaman Teks Lanjutan ---
2026-07-21T07:17:39.872300Z --- GENERATING ADAPTIVE MCQ IN ENGLISH ---
2026-07-21T07:17:39.908265Z -> OpenRouter error (NotFoundError: Error code: 404 - {'error': {'message': 'This model is unavailable for free. The paid version is available now - use this slug instead: meta-llama/llama-3.3-70b-instruct', 'code': 404}, 'user_id': 'user_3FWg0Y7hFwr9mi6ZEJfwxiglC7C'}), trying next provider…
2026-07-21T07:17:39.908380Z -> LLM Error in Generator: All LLM providers failed (non-rate-limit errors). Check API keys and quotas.
2026-07-21T07:17:40.298558Z   ✓ Q4/5 saved (bank now 4)
2026-07-21T07:17:42.298862Z --- RETRIEVING SYLLABUS & STUDENT HISTORY in parallel: Pemahaman Teks Lanjutan ---
2026-07-21T07:17:42.491598Z --- GENERATING ADAPTIVE MCQ IN ENGLISH ---
2026-07-21T07:17:42.538242Z -> OpenRouter error (NotFoundError: Error code: 404 - {'error': {'message': 'This model is unavailable for free. The paid version is available now - use this slug instead: meta-llama/llama-3.3-70b-instruct', 'code': 404}, 'user_id': 'user_3FWg0Y7hFwr9mi6ZEJfwxiglC7C'}), trying next provider…
2026-07-21T07:17:42.538297Z -> LLM Error in Generator: All LLM providers failed (non-rate-limit errors). Check API keys and quotas.
2026-07-21T07:17:42.913851Z   ✓ Q5/5 saved (bank now 5)
2026-07-21T07:17:44.914023Z [236/347] Bahasa Cina — Pemahaman Teks Lanjutan (Bahasa Melayu): generating 5 question(s)...
2026-07-21T07:17:44.914109Z --- RETRIEVING SYLLABUS & STUDENT HISTORY in parallel: Pemahaman Teks Lanjutan ---
2026-07-21T07:17:45.118478Z --- GENERATING ADAPTIVE MCQ IN BAHASA MELAYU ---
2026-07-21T07:17:45.153925Z -> OpenRouter error (NotFoundError: Error code: 404 - {'error': {'message': 'This model is unavailable for free. The paid version is available now - use this slug instead: meta-llama/llama-3.3-70b-instruct', 'code': 404}, 'user_id': 'user_3FWg0Y7hFwr9mi6ZEJfwxiglC7C'}), trying next provider…
2026-07-21T07:17:45.153999Z -> LLM Error in Generator: All LLM providers failed (non-rate-limit errors). Check API keys and quotas.
2026-07-21T07:17:45.527281Z   ✓ Q1/5 saved (bank now 1)
2026-07-21T07:17:47.527497Z --- RETRIEVING SYLLABUS & STUDENT HISTORY in parallel: Pemahaman Teks Lanjutan ---
2026-07-21T07:17:47.721276Z --- GENERATING ADAPTIVE MCQ IN BAHASA MELAYU ---
2026-07-21T07:17:47.745695Z -> OpenRouter error (NotFoundError: Error code: 404 - {'error': {'message': 'This model is unavailable for free. The paid version is available now - use this slug instead: meta-llama/llama-3.3-70b-instruct', 'code': 404}, 'user_id': 'user_3FWg0Y7hFwr9mi6ZEJfwxiglC7C'}), trying next provider…
2026-07-21T07:17:47.745764Z -> LLM Error in Generator: All LLM providers failed (non-rate-limit errors). Check API keys and quotas.
2026-07-21T07:17:48.141845Z   ✓ Q2/5 saved (bank now 2)
2026-07-21T07:17:50.142054Z --- RETRIEVING SYLLABUS & STUDENT HISTORY in parallel: Pemahaman Teks Lanjutan ---
2026-07-21T07:17:50.326091Z --- GENERATING ADAPTIVE MCQ IN BAHASA MELAYU ---
2026-07-21T07:17:50.354612Z -> OpenRouter error (NotFoundError: Error code: 404 - {'error': {'message': 'This model is unavailable for free. The paid version is available now - use this slug instead: meta-llama/llama-3.3-70b-instruct', 'code': 404}, 'user_id': 'user_3FWg0Y7hFwr9mi6ZEJfwxiglC7C'}), trying next provider…
2026-07-21T07:17:50.354691Z -> LLM Error in Generator: All LLM providers failed (non-rate-limit errors). Check API keys and quotas.
2026-07-21T07:17:50.720358Z   ✓ Q3/5 saved (bank now 3)
2026-07-21T07:17:52.720580Z --- RETRIEVING SYLLABUS & STUDENT HISTORY in parallel: Pemahaman Teks Lanjutan ---
2026-07-21T07:17:52.897789Z --- GENERATING ADAPTIVE MCQ IN BAHASA MELAYU ---
2026-07-21T07:17:52.926124Z -> OpenRouter error (NotFoundError: Error code: 404 - {'error': {'message': 'This model is unavailable for free. The paid version is available now - use this slug instead: meta-llama/llama-3.3-70b-instruct', 'code': 404}, 'user_id': 'user_3FWg0Y7hFwr9mi6ZEJfwxiglC7C'}), trying next provider…
2026-07-21T07:17:52.926195Z -> LLM Error in Generator: All LLM providers failed (non-rate-limit errors). Check API keys and quotas.
2026-07-21T07:17:53.326963Z   ✓ Q4/5 saved (bank now 4)
2026-07-21T07:17:55.327290Z --- RETRIEVING SYLLABUS & STUDENT HISTORY in parallel: Pemahaman Teks Lanjutan ---
2026-07-21T07:17:55.519151Z --- GENERATING ADAPTIVE MCQ IN BAHASA MELAYU ---
2026-07-21T07:17:55.559060Z -> OpenRouter error (NotFoundError: Error code: 404 - {'error': {'message': 'This model is unavailable for free. The paid version is available now - use this slug instead: meta-llama/llama-3.3-70b-instruct', 'code': 404}, 'user_id': 'user_3FWg0Y7hFwr9mi6ZEJfwxiglC7C'}), trying next provider…
2026-07-21T07:17:55.559110Z -> LLM Error in Generator: All LLM providers failed (non-rate-limit errors). Check API keys and quotas.
2026-07-21T07:17:56.258928Z   ✓ Q5/5 saved (bank now 5)
2026-07-21T07:17:58.259214Z [237/347] Bahasa Cina — Penulisan Karangan Lanjutan (English): generating 5 question(s)...
2026-07-21T07:17:58.259355Z --- RETRIEVING SYLLABUS & STUDENT HISTORY in parallel: Penulisan Karangan Lanjutan ---
2026-07-21T07:17:58.588158Z -> Retrieved 8 textbook chunk(s), 0 DSKP chunk(s)
2026-07-21T07:17:58.588695Z --- GENERATING ADAPTIVE MCQ IN ENGLISH ---
2026-07-21T07:17:58.615970Z -> OpenRouter error (NotFoundError: Error code: 404 - {'error': {'message': 'This model is unavailable for free. The paid version is available now - use this slug instead: meta-llama/llama-3.3-70b-instruct', 'code': 404}, 'user_id': 'user_3FWg0Y7hFwr9mi6ZEJfwxiglC7C'}), trying next provider…
2026-07-21T07:17:58.616029Z -> LLM Error in Generator: All LLM providers failed (non-rate-limit errors). Check API keys and quotas.
2026-07-21T07:17:58.980451Z   ✓ Q1/5 saved (bank now 1)
2026-07-21T07:18:00.980733Z --- RETRIEVING SYLLABUS & STUDENT HISTORY in parallel: Penulisan Karangan Lanjutan ---
2026-07-21T07:18:01.172965Z --- GENERATING ADAPTIVE MCQ IN ENGLISH ---
2026-07-21T07:18:01.191797Z -> OpenRouter error (NotFoundError: Error code: 404 - {'error': {'message': 'This model is unavailable for free. The paid version is available now - use this slug instead: meta-llama/llama-3.3-70b-instruct', 'code': 404}, 'user_id': 'user_3FWg0Y7hFwr9mi6ZEJfwxiglC7C'}), trying next provider…
2026-07-21T07:18:01.191853Z -> LLM Error in Generator: All LLM providers failed (non-rate-limit errors). Check API keys and quotas.
2026-07-21T07:18:01.583127Z   ✓ Q2/5 saved (bank now 2)
2026-07-21T07:18:03.583378Z --- RETRIEVING SYLLABUS & STUDENT HISTORY in parallel: Penulisan Karangan Lanjutan ---
2026-07-21T07:18:03.765812Z --- GENERATING ADAPTIVE MCQ IN ENGLISH ---
2026-07-21T07:18:03.816056Z -> OpenRouter error (NotFoundError: Error code: 404 - {'error': {'message': 'This model is unavailable for free. The paid version is available now - use this slug instead: meta-llama/llama-3.3-70b-instruct', 'code': 404}, 'user_id': 'user_3FWg0Y7hFwr9mi6ZEJfwxiglC7C'}), trying next provider…
2026-07-21T07:18:03.816153Z -> LLM Error in Generator: All LLM providers failed (non-rate-limit errors). Check API keys and quotas.
2026-07-21T07:18:04.195099Z   ✓ Q3/5 saved (bank now 3)
2026-07-21T07:18:06.195252Z --- RETRIEVING SYLLABUS & STUDENT HISTORY in parallel: Penulisan Karangan Lanjutan ---
2026-07-21T07:18:06.388945Z --- GENERATING ADAPTIVE MCQ IN ENGLISH ---
2026-07-21T07:18:06.410650Z -> OpenRouter error (NotFoundError: Error code: 404 - {'error': {'message': 'This model is unavailable for free. The paid version is available now - use this slug instead: meta-llama/llama-3.3-70b-instruct', 'code': 404}, 'user_id': 'user_3FWg0Y7hFwr9mi6ZEJfwxiglC7C'}), trying next provider…
2026-07-21T07:18:06.410710Z -> LLM Error in Generator: All LLM providers failed (non-rate-limit errors). Check API keys and quotas.
2026-07-21T07:18:06.798646Z   ✓ Q4/5 saved (bank now 4)
2026-07-21T07:18:08.798874Z --- RETRIEVING SYLLABUS & STUDENT HISTORY in parallel: Penulisan Karangan Lanjutan ---
2026-07-21T07:18:08.977012Z --- GENERATING ADAPTIVE MCQ IN ENGLISH ---
2026-07-21T07:18:09.001948Z -> OpenRouter error (NotFoundError: Error code: 404 - {'error': {'message': 'This model is unavailable for free. The paid version is available now - use this slug instead: meta-llama/llama-3.3-70b-instruct', 'code': 404}, 'user_id': 'user_3FWg0Y7hFwr9mi6ZEJfwxiglC7C'}), trying next provider…
2026-07-21T07:18:09.002034Z -> LLM Error in Generator: All LLM providers failed (non-rate-limit errors). Check API keys and quotas.
2026-07-21T07:18:09.386847Z   ✓ Q5/5 saved (bank now 5)
2026-07-21T07:18:11.387026Z [238/347] Bahasa Cina — Penulisan Karangan Lanjutan (Bahasa Melayu): generating 5 question(s)...
2026-07-21T07:18:11.387093Z --- RETRIEVING SYLLABUS & STUDENT HISTORY in parallel: Penulisan Karangan Lanjutan ---
2026-07-21T07:18:11.574102Z --- GENERATING ADAPTIVE MCQ IN BAHASA MELAYU ---
2026-07-21T07:18:11.601735Z -> OpenRouter error (NotFoundError: Error code: 404 - {'error': {'message': 'This model is unavailable for free. The paid version is available now - use this slug instead: meta-llama/llama-3.3-70b-instruct', 'code': 404}, 'user_id': 'user_3FWg0Y7hFwr9mi6ZEJfwxiglC7C'}), trying next provider…
2026-07-21T07:18:11.601827Z -> LLM Error in Generator: All LLM providers failed (non-rate-limit errors). Check API keys and quotas.
2026-07-21T07:18:11.980303Z   ✓ Q1/5 saved (bank now 1)
2026-07-21T07:18:13.980540Z --- RETRIEVING SYLLABUS & STUDENT HISTORY in parallel: Penulisan Karangan Lanjutan ---
2026-07-21T07:18:14.171374Z --- GENERATING ADAPTIVE MCQ IN BAHASA MELAYU ---
2026-07-21T07:18:14.198502Z -> OpenRouter error (NotFoundError: Error code: 404 - {'error': {'message': 'This model is unavailable for free. The paid version is available now - use this slug instead: meta-llama/llama-3.3-70b-instruct', 'code': 404}, 'user_id': 'user_3FWg0Y7hFwr9mi6ZEJfwxiglC7C'}), trying next provider…
2026-07-21T07:18:14.198589Z -> LLM Error in Generator: All LLM providers failed (non-rate-limit errors). Check API keys and quotas.
2026-07-21T07:18:14.574402Z   ✓ Q2/5 saved (bank now 2)
2026-07-21T07:18:16.574501Z --- RETRIEVING SYLLABUS & STUDENT HISTORY in parallel: Penulisan Karangan Lanjutan ---
2026-07-21T07:18:16.751110Z --- GENERATING ADAPTIVE MCQ IN BAHASA MELAYU ---
2026-07-21T07:18:16.785773Z -> OpenRouter error (NotFoundError: Error code: 404 - {'error': {'message': 'This model is unavailable for free. The paid version is available now - use this slug instead: meta-llama/llama-3.3-70b-instruct', 'code': 404}, 'user_id': 'user_3FWg0Y7hFwr9mi6ZEJfwxiglC7C'}), trying next provider…
2026-07-21T07:18:16.785869Z -> LLM Error in Generator: All LLM providers failed (non-rate-limit errors). Check API keys and quotas.
2026-07-21T07:18:17.164793Z   ✓ Q3/5 saved (bank now 3)
2026-07-21T07:18:19.165046Z --- RETRIEVING SYLLABUS & STUDENT HISTORY in parallel: Penulisan Karangan Lanjutan ---
2026-07-21T07:18:19.361805Z --- GENERATING ADAPTIVE MCQ IN BAHASA MELAYU ---
2026-07-21T07:18:19.387291Z -> OpenRouter error (NotFoundError: Error code: 404 - {'error': {'message': 'This model is unavailable for free. The paid version is available now - use this slug instead: meta-llama/llama-3.3-70b-instruct', 'code': 404}, 'user_id': 'user_3FWg0Y7hFwr9mi6ZEJfwxiglC7C'}), trying next provider…
2026-07-21T07:18:19.387404Z -> LLM Error in Generator: All LLM providers failed (non-rate-limit errors). Check API keys and quotas.
2026-07-21T07:18:19.753388Z   ✓ Q4/5 saved (bank now 4)
2026-07-21T07:18:21.753585Z --- RETRIEVING SYLLABUS & STUDENT HISTORY in parallel: Penulisan Karangan Lanjutan ---
2026-07-21T07:18:21.939371Z --- GENERATING ADAPTIVE MCQ IN BAHASA MELAYU ---
2026-07-21T07:18:21.965887Z -> OpenRouter error (NotFoundError: Error code: 404 - {'error': {'message': 'This model is unavailable for free. The paid version is available now - use this slug instead: meta-llama/llama-3.3-70b-instruct', 'code': 404}, 'user_id': 'user_3FWg0Y7hFwr9mi6ZEJfwxiglC7C'}), trying next provider…
2026-07-21T07:18:21.965955Z -> LLM Error in Generator: All LLM providers failed (non-rate-limit errors). Check API keys and quotas.
2026-07-21T07:18:22.339242Z   ✓ Q5/5 saved (bank now 5)
2026-07-21T07:18:24.339419Z [239/347] Bahasa Cina — Tatabahasa Lanjutan (English): generating 5 question(s)...
2026-07-21T07:18:24.339483Z --- RETRIEVING SYLLABUS & STUDENT HISTORY in parallel: Tatabahasa Lanjutan ---
2026-07-21T07:18:24.611412Z -> Retrieved 2 textbook chunk(s), 6 DSKP chunk(s)
2026-07-21T07:18:24.611962Z --- GENERATING ADAPTIVE MCQ IN ENGLISH ---
2026-07-21T07:18:25.770579Z   ✓ Q1/5 saved (bank now 1)
2026-07-21T07:18:27.770789Z --- RETRIEVING SYLLABUS & STUDENT HISTORY in parallel: Tatabahasa Lanjutan ---
2026-07-21T07:18:27.961041Z --- GENERATING ADAPTIVE MCQ IN ENGLISH ---
2026-07-21T07:18:29.964854Z -> Cerebras: cooling for 65s.
2026-07-21T07:18:30.003767Z -> GroqCloud: cooling for 65s.
2026-07-21T07:18:30.091906Z -> OpenRouter error (NotFoundError: Error code: 404 - {'error': {'message': 'This model is unavailable for free. The paid version is available now - use this slug instead: meta-llama/llama-3.3-70b-instruct', 'code': 404}, 'user_id': 'user_3FWg0Y7hFwr9mi6ZEJfwxiglC7C'}), trying next provider…
2026-07-21T07:18:30.091961Z -> LLM Error in Generator: All LLM providers failed (non-rate-limit errors). Check API keys and quotas.
2026-07-21T07:18:30.530466Z   ✓ Q2/5 saved (bank now 2)
2026-07-21T07:18:32.530692Z --- RETRIEVING SYLLABUS & STUDENT HISTORY in parallel: Tatabahasa Lanjutan ---
2026-07-21T07:18:32.716001Z --- GENERATING ADAPTIVE MCQ IN ENGLISH ---
2026-07-21T07:18:32.736599Z -> OpenRouter error (NotFoundError: Error code: 404 - {'error': {'message': 'This model is unavailable for free. The paid version is available now - use this slug instead: meta-llama/llama-3.3-70b-instruct', 'code': 404}, 'user_id': 'user_3FWg0Y7hFwr9mi6ZEJfwxiglC7C'}), trying next provider…
2026-07-21T07:18:32.736654Z -> LLM Error in Generator: All LLM providers failed (non-rate-limit errors). Check API keys and quotas.
2026-07-21T07:18:33.128076Z   ✓ Q3/5 saved (bank now 3)
2026-07-21T07:18:35.128415Z --- RETRIEVING SYLLABUS & STUDENT HISTORY in parallel: Tatabahasa Lanjutan ---
2026-07-21T07:18:35.312914Z --- GENERATING ADAPTIVE MCQ IN ENGLISH ---
2026-07-21T07:18:35.332049Z -> OpenRouter error (NotFoundError: Error code: 404 - {'error': {'message': 'This model is unavailable for free. The paid version is available now - use this slug instead: meta-llama/llama-3.3-70b-instruct', 'code': 404}, 'user_id': 'user_3FWg0Y7hFwr9mi6ZEJfwxiglC7C'}), trying next provider…
2026-07-21T07:18:35.332103Z -> LLM Error in Generator: All LLM providers failed (non-rate-limit errors). Check API keys and quotas.
2026-07-21T07:18:35.715371Z   ✓ Q4/5 saved (bank now 4)
2026-07-21T07:18:37.715512Z --- RETRIEVING SYLLABUS & STUDENT HISTORY in parallel: Tatabahasa Lanjutan ---
2026-07-21T07:18:37.896692Z --- GENERATING ADAPTIVE MCQ IN ENGLISH ---
2026-07-21T07:18:37.919739Z -> OpenRouter error (NotFoundError: Error code: 404 - {'error': {'message': 'This model is unavailable for free. The paid version is available now - use this slug instead: meta-llama/llama-3.3-70b-instruct', 'code': 404}, 'user_id': 'user_3FWg0Y7hFwr9mi6ZEJfwxiglC7C'}), trying next provider…
2026-07-21T07:18:37.919817Z -> LLM Error in Generator: All LLM providers failed (non-rate-limit errors). Check API keys and quotas.
2026-07-21T07:18:38.277709Z   ✓ Q5/5 saved (bank now 5)
2026-07-21T07:18:40.277904Z [240/347] Bahasa Cina — Tatabahasa Lanjutan (Bahasa Melayu): generating 5 question(s)...
2026-07-21T07:18:40.277993Z --- RETRIEVING SYLLABUS & STUDENT HISTORY in parallel: Tatabahasa Lanjutan ---
2026-07-21T07:18:40.463225Z --- GENERATING ADAPTIVE MCQ IN BAHASA MELAYU ---
2026-07-21T07:18:40.511960Z -> OpenRouter error (NotFoundError: Error code: 404 - {'error': {'message': 'This model is unavailable for free. The paid version is available now - use this slug instead: meta-llama/llama-3.3-70b-instruct', 'code': 404}, 'user_id': 'user_3FWg0Y7hFwr9mi6ZEJfwxiglC7C'}), trying next provider…
2026-07-21T07:18:40.512029Z -> LLM Error in Generator: All LLM providers failed (non-rate-limit errors). Check API keys and quotas.
2026-07-21T07:18:40.886041Z   ✓ Q1/5 saved (bank now 1)
2026-07-21T07:18:42.886406Z --- RETRIEVING SYLLABUS & STUDENT HISTORY in parallel: Tatabahasa Lanjutan ---
2026-07-21T07:18:43.077287Z --- GENERATING ADAPTIVE MCQ IN BAHASA MELAYU ---
2026-07-21T07:18:43.100997Z -> OpenRouter error (NotFoundError: Error code: 404 - {'error': {'message': 'This model is unavailable for free. The paid version is available now - use this slug instead: meta-llama/llama-3.3-70b-instruct', 'code': 404}, 'user_id': 'user_3FWg0Y7hFwr9mi6ZEJfwxiglC7C'}), trying next provider…
2026-07-21T07:18:43.101063Z -> LLM Error in Generator: All LLM providers failed (non-rate-limit errors). Check API keys and quotas.
2026-07-21T07:18:43.469368Z   ✓ Q2/5 saved (bank now 2)
2026-07-21T07:18:45.469555Z --- RETRIEVING SYLLABUS & STUDENT HISTORY in parallel: Tatabahasa Lanjutan ---
2026-07-21T07:18:45.664729Z --- GENERATING ADAPTIVE MCQ IN BAHASA MELAYU ---
2026-07-21T07:18:45.688006Z -> OpenRouter error (NotFoundError: Error code: 404 - {'error': {'message': 'This model is unavailable for free. The paid version is available now - use this slug instead: meta-llama/llama-3.3-70b-instruct', 'code': 404}, 'user_id': 'user_3FWg0Y7hFwr9mi6ZEJfwxiglC7C'}), trying next provider…
2026-07-21T07:18:45.688085Z -> LLM Error in Generator: All LLM providers failed (non-rate-limit errors). Check API keys and quotas.
2026-07-21T07:18:46.045742Z   ✓ Q3/5 saved (bank now 3)
2026-07-21T07:18:48.045945Z --- RETRIEVING SYLLABUS & STUDENT HISTORY in parallel: Tatabahasa Lanjutan ---
2026-07-21T07:18:48.222290Z --- GENERATING ADAPTIVE MCQ IN BAHASA MELAYU ---
2026-07-21T07:18:48.247100Z -> OpenRouter error (NotFoundError: Error code: 404 - {'error': {'message': 'This model is unavailable for free. The paid version is available now - use this slug instead: meta-llama/llama-3.3-70b-instruct', 'code': 404}, 'user_id': 'user_3FWg0Y7hFwr9mi6ZEJfwxiglC7C'}), trying next provider…
2026-07-21T07:18:48.247183Z -> LLM Error in Generator: All LLM providers failed (non-rate-limit errors). Check API keys and quotas.
2026-07-21T07:18:48.608871Z   ✓ Q4/5 saved (bank now 4)
2026-07-21T07:18:50.609030Z --- RETRIEVING SYLLABUS & STUDENT HISTORY in parallel: Tatabahasa Lanjutan ---
2026-07-21T07:18:50.787530Z --- GENERATING ADAPTIVE MCQ IN BAHASA MELAYU ---
2026-07-21T07:18:50.842307Z -> OpenRouter error (NotFoundError: Error code: 404 - {'error': {'message': 'This model is unavailable for free. The paid version is available now - use this slug instead: meta-llama/llama-3.3-70b-instruct', 'code': 404}, 'user_id': 'user_3FWg0Y7hFwr9mi6ZEJfwxiglC7C'}), trying next provider…
2026-07-21T07:18:50.842439Z -> LLM Error in Generator: All LLM providers failed (non-rate-limit errors). Check API keys and quotas.
2026-07-21T07:18:51.235790Z   ✓ Q5/5 saved (bank now 5)
2026-07-21T07:18:53.236032Z [241/347] Sejarah — Warisan Negara Bangsa (English): generating 3 question(s)...
2026-07-21T07:18:53.236126Z --- RETRIEVING SYLLABUS & STUDENT HISTORY in parallel: Warisan Negara Bangsa ---
2026-07-21T07:18:53.837622Z -> Retrieved 0 textbook chunk(s), 8 DSKP chunk(s)
2026-07-21T07:18:53.838004Z --- GENERATING ADAPTIVE MCQ IN ENGLISH ---
2026-07-21T07:18:53.861659Z -> OpenRouter error (NotFoundError: Error code: 404 - {'error': {'message': 'This model is unavailable for free. The paid version is available now - use this slug instead: meta-llama/llama-3.3-70b-instruct', 'code': 404}, 'user_id': 'user_3FWg0Y7hFwr9mi6ZEJfwxiglC7C'}), trying next provider…
2026-07-21T07:18:53.861732Z -> LLM Error in Generator: All LLM providers failed (non-rate-limit errors). Check API keys and quotas.
2026-07-21T07:18:54.236737Z   ✓ Q1/3 saved (bank now 3)
2026-07-21T07:18:56.236925Z --- RETRIEVING SYLLABUS & STUDENT HISTORY in parallel: Warisan Negara Bangsa ---
2026-07-21T07:18:56.473783Z --- GENERATING ADAPTIVE MCQ IN ENGLISH ---
2026-07-21T07:18:56.499352Z -> OpenRouter error (NotFoundError: Error code: 404 - {'error': {'message': 'This model is unavailable for free. The paid version is available now - use this slug instead: meta-llama/llama-3.3-70b-instruct', 'code': 404}, 'user_id': 'user_3FWg0Y7hFwr9mi6ZEJfwxiglC7C'}), trying next provider…
2026-07-21T07:18:56.499403Z -> LLM Error in Generator: All LLM providers failed (non-rate-limit errors). Check API keys and quotas.
2026-07-21T07:18:56.869102Z   ✓ Q2/3 saved (bank now 4)
2026-07-21T07:18:58.869334Z --- RETRIEVING SYLLABUS & STUDENT HISTORY in parallel: Warisan Negara Bangsa ---
2026-07-21T07:18:59.062128Z --- GENERATING ADAPTIVE MCQ IN ENGLISH ---
2026-07-21T07:18:59.096953Z -> OpenRouter error (NotFoundError: Error code: 404 - {'error': {'message': 'This model is unavailable for free. The paid version is available now - use this slug instead: meta-llama/llama-3.3-70b-instruct', 'code': 404}, 'user_id': 'user_3FWg0Y7hFwr9mi6ZEJfwxiglC7C'}), trying next provider…
2026-07-21T07:18:59.097032Z -> LLM Error in Generator: All LLM providers failed (non-rate-limit errors). Check API keys and quotas.
2026-07-21T07:18:59.483004Z   ✓ Q3/3 saved (bank now 5)
2026-07-21T07:19:01.483184Z [242/347] Sejarah — Warisan Negara Bangsa (Bahasa Melayu): generating 5 question(s)...
2026-07-21T07:19:01.483291Z --- RETRIEVING SYLLABUS & STUDENT HISTORY in parallel: Warisan Negara Bangsa ---
2026-07-21T07:19:01.667388Z --- GENERATING ADAPTIVE MCQ IN BAHASA MELAYU ---
2026-07-21T07:19:01.754647Z -> OpenRouter error (NotFoundError: Error code: 404 - {'error': {'message': 'This model is unavailable for free. The paid version is available now - use this slug instead: meta-llama/llama-3.3-70b-instruct', 'code': 404}, 'user_id': 'user_3FWg0Y7hFwr9mi6ZEJfwxiglC7C'}), trying next provider…
2026-07-21T07:19:01.754731Z -> LLM Error in Generator: All LLM providers failed (non-rate-limit errors). Check API keys and quotas.
2026-07-21T07:19:02.114219Z   ✓ Q1/5 saved (bank now 1)
2026-07-21T07:19:04.114516Z --- RETRIEVING SYLLABUS & STUDENT HISTORY in parallel: Warisan Negara Bangsa ---
2026-07-21T07:19:04.304697Z --- GENERATING ADAPTIVE MCQ IN BAHASA MELAYU ---
2026-07-21T07:19:04.331997Z -> OpenRouter error (NotFoundError: Error code: 404 - {'error': {'message': 'This model is unavailable for free. The paid version is available now - use this slug instead: meta-llama/llama-3.3-70b-instruct', 'code': 404}, 'user_id': 'user_3FWg0Y7hFwr9mi6ZEJfwxiglC7C'}), trying next provider…
2026-07-21T07:19:04.332067Z -> LLM Error in Generator: All LLM providers failed (non-rate-limit errors). Check API keys and quotas.
2026-07-21T07:19:04.739860Z   ✓ Q2/5 saved (bank now 2)
2026-07-21T07:19:06.740076Z --- RETRIEVING SYLLABUS & STUDENT HISTORY in parallel: Warisan Negara Bangsa ---
2026-07-21T07:19:06.919646Z --- GENERATING ADAPTIVE MCQ IN BAHASA MELAYU ---
2026-07-21T07:19:06.942453Z -> OpenRouter error (NotFoundError: Error code: 404 - {'error': {'message': 'This model is unavailable for free. The paid version is available now - use this slug instead: meta-llama/llama-3.3-70b-instruct', 'code': 404}, 'user_id': 'user_3FWg0Y7hFwr9mi6ZEJfwxiglC7C'}), trying next provider…
2026-07-21T07:19:06.942510Z -> LLM Error in Generator: All LLM providers failed (non-rate-limit errors). Check API keys and quotas.
2026-07-21T07:19:07.317377Z   ✓ Q3/5 saved (bank now 3)
2026-07-21T07:19:09.317559Z --- RETRIEVING SYLLABUS & STUDENT HISTORY in parallel: Warisan Negara Bangsa ---
2026-07-21T07:19:09.517748Z --- GENERATING ADAPTIVE MCQ IN BAHASA MELAYU ---
2026-07-21T07:19:09.542601Z -> OpenRouter error (NotFoundError: Error code: 404 - {'error': {'message': 'This model is unavailable for free. The paid version is available now - use this slug instead: meta-llama/llama-3.3-70b-instruct', 'code': 404}, 'user_id': 'user_3FWg0Y7hFwr9mi6ZEJfwxiglC7C'}), trying next provider…
2026-07-21T07:19:09.542683Z -> LLM Error in Generator: All LLM providers failed (non-rate-limit errors). Check API keys and quotas.
2026-07-21T07:19:09.935532Z   ✓ Q4/5 saved (bank now 4)
2026-07-21T07:19:11.935747Z --- RETRIEVING SYLLABUS & STUDENT HISTORY in parallel: Warisan Negara Bangsa ---
2026-07-21T07:19:12.122668Z --- GENERATING ADAPTIVE MCQ IN BAHASA MELAYU ---
2026-07-21T07:19:12.173042Z -> OpenRouter error (NotFoundError: Error code: 404 - {'error': {'message': 'This model is unavailable for free. The paid version is available now - use this slug instead: meta-llama/llama-3.3-70b-instruct', 'code': 404}, 'user_id': 'user_3FWg0Y7hFwr9mi6ZEJfwxiglC7C'}), trying next provider…
2026-07-21T07:19:12.173100Z -> LLM Error in Generator: All LLM providers failed (non-rate-limit errors). Check API keys and quotas.
2026-07-21T07:19:12.548403Z   ✓ Q5/5 saved (bank now 5)
2026-07-21T07:19:14.548544Z [243/347] Sejarah — Kebangkitan Nasionalisme (English): generating 2 question(s)...
2026-07-21T07:19:14.548595Z --- RETRIEVING SYLLABUS & STUDENT HISTORY in parallel: Kebangkitan Nasionalisme ---
2026-07-21T07:19:14.888375Z -> Retrieved 7 textbook chunk(s), 1 DSKP chunk(s)
2026-07-21T07:19:14.889399Z --- GENERATING ADAPTIVE MCQ IN ENGLISH ---
2026-07-21T07:19:14.916401Z -> OpenRouter error (NotFoundError: Error code: 404 - {'error': {'message': 'This model is unavailable for free. The paid version is available now - use this slug instead: meta-llama/llama-3.3-70b-instruct', 'code': 404}, 'user_id': 'user_3FWg0Y7hFwr9mi6ZEJfwxiglC7C'}), trying next provider…
2026-07-21T07:19:14.916479Z -> LLM Error in Generator: All LLM providers failed (non-rate-limit errors). Check API keys and quotas.
2026-07-21T07:19:15.312374Z   ✓ Q1/2 saved (bank now 4)
2026-07-21T07:19:17.312607Z --- RETRIEVING SYLLABUS & STUDENT HISTORY in parallel: Kebangkitan Nasionalisme ---
2026-07-21T07:19:17.499629Z --- GENERATING ADAPTIVE MCQ IN ENGLISH ---
2026-07-21T07:19:17.527281Z -> OpenRouter error (NotFoundError: Error code: 404 - {'error': {'message': 'This model is unavailable for free. The paid version is available now - use this slug instead: meta-llama/llama-3.3-70b-instruct', 'code': 404}, 'user_id': 'user_3FWg0Y7hFwr9mi6ZEJfwxiglC7C'}), trying next provider…
2026-07-21T07:19:17.527382Z -> LLM Error in Generator: All LLM providers failed (non-rate-limit errors). Check API keys and quotas.
2026-07-21T07:19:17.909058Z   ✓ Q2/2 saved (bank now 5)
2026-07-21T07:19:19.909229Z [244/347] Sejarah — Kebangkitan Nasionalisme (Bahasa Melayu): generating 5 question(s)...
2026-07-21T07:19:19.909345Z --- RETRIEVING SYLLABUS & STUDENT HISTORY in parallel: Kebangkitan Nasionalisme ---
2026-07-21T07:19:20.099527Z --- GENERATING ADAPTIVE MCQ IN BAHASA MELAYU ---
2026-07-21T07:19:20.123614Z -> OpenRouter error (NotFoundError: Error code: 404 - {'error': {'message': 'This model is unavailable for free. The paid version is available now - use this slug instead: meta-llama/llama-3.3-70b-instruct', 'code': 404}, 'user_id': 'user_3FWg0Y7hFwr9mi6ZEJfwxiglC7C'}), trying next provider…
2026-07-21T07:19:20.123669Z -> LLM Error in Generator: All LLM providers failed (non-rate-limit errors). Check API keys and quotas.
2026-07-21T07:19:20.480825Z   ✓ Q1/5 saved (bank now 1)
2026-07-21T07:19:22.481023Z --- RETRIEVING SYLLABUS & STUDENT HISTORY in parallel: Kebangkitan Nasionalisme ---
2026-07-21T07:19:22.679613Z --- GENERATING ADAPTIVE MCQ IN BAHASA MELAYU ---
2026-07-21T07:19:22.739328Z -> OpenRouter error (NotFoundError: Error code: 404 - {'error': {'message': 'This model is unavailable for free. The paid version is available now - use this slug instead: meta-llama/llama-3.3-70b-instruct', 'code': 404}, 'user_id': 'user_3FWg0Y7hFwr9mi6ZEJfwxiglC7C'}), trying next provider…
2026-07-21T07:19:22.739399Z -> LLM Error in Generator: All LLM providers failed (non-rate-limit errors). Check API keys and quotas.
2026-07-21T07:19:23.121076Z   ✓ Q2/5 saved (bank now 2)
2026-07-21T07:19:25.121282Z --- RETRIEVING SYLLABUS & STUDENT HISTORY in parallel: Kebangkitan Nasionalisme ---
2026-07-21T07:19:25.315000Z --- GENERATING ADAPTIVE MCQ IN BAHASA MELAYU ---
2026-07-21T07:19:25.335390Z -> OpenRouter error (NotFoundError: Error code: 404 - {'error': {'message': 'This model is unavailable for free. The paid version is available now - use this slug instead: meta-llama/llama-3.3-70b-instruct', 'code': 404}, 'user_id': 'user_3FWg0Y7hFwr9mi6ZEJfwxiglC7C'}), trying next provider…
2026-07-21T07:19:25.335476Z -> LLM Error in Generator: All LLM providers failed (non-rate-limit errors). Check API keys and quotas.
2026-07-21T07:19:25.711127Z   ✓ Q3/5 saved (bank now 3)
2026-07-21T07:19:27.711393Z --- RETRIEVING SYLLABUS & STUDENT HISTORY in parallel: Kebangkitan Nasionalisme ---
2026-07-21T07:19:27.902764Z --- GENERATING ADAPTIVE MCQ IN BAHASA MELAYU ---
2026-07-21T07:19:27.924837Z -> OpenRouter error (NotFoundError: Error code: 404 - {'error': {'message': 'This model is unavailable for free. The paid version is available now - use this slug instead: meta-llama/llama-3.3-70b-instruct', 'code': 404}, 'user_id': 'user_3FWg0Y7hFwr9mi6ZEJfwxiglC7C'}), trying next provider…
2026-07-21T07:19:27.924925Z -> LLM Error in Generator: All LLM providers failed (non-rate-limit errors). Check API keys and quotas.
2026-07-21T07:19:28.300114Z   ✓ Q4/5 saved (bank now 4)
2026-07-21T07:19:30.300380Z --- RETRIEVING SYLLABUS & STUDENT HISTORY in parallel: Kebangkitan Nasionalisme ---
2026-07-21T07:19:30.484028Z --- GENERATING ADAPTIVE MCQ IN BAHASA MELAYU ---
2026-07-21T07:19:30.513658Z -> OpenRouter error (NotFoundError: Error code: 404 - {'error': {'message': 'This model is unavailable for free. The paid version is available now - use this slug instead: meta-llama/llama-3.3-70b-instruct', 'code': 404}, 'user_id': 'user_3FWg0Y7hFwr9mi6ZEJfwxiglC7C'}), trying next provider…
2026-07-21T07:19:30.513706Z -> LLM Error in Generator: All LLM providers failed (non-rate-limit errors). Check API keys and quotas.
2026-07-21T07:19:30.904552Z   ✓ Q5/5 saved (bank now 5)
2026-07-21T07:19:32.904757Z [245/347] Sejarah — Gerakan Nasionalisme di Asia Tenggara (English): generating 5 question(s)...
2026-07-21T07:19:32.904811Z --- RETRIEVING SYLLABUS & STUDENT HISTORY in parallel: Gerakan Nasionalisme di Asia Tenggara ---
2026-07-21T07:19:33.236498Z -> Retrieved 7 textbook chunk(s), 1 DSKP chunk(s)
2026-07-21T07:19:33.236864Z --- GENERATING ADAPTIVE MCQ IN ENGLISH ---
2026-07-21T07:19:33.301924Z -> OpenRouter error (NotFoundError: Error code: 404 - {'error': {'message': 'This model is unavailable for free. The paid version is available now - use this slug instead: meta-llama/llama-3.3-70b-instruct', 'code': 404}, 'user_id': 'user_3FWg0Y7hFwr9mi6ZEJfwxiglC7C'}), trying next provider…
2026-07-21T07:19:33.302001Z -> LLM Error in Generator: All LLM providers failed (non-rate-limit errors). Check API keys and quotas.
2026-07-21T07:19:33.693434Z   ✓ Q1/5 saved (bank now 1)
2026-07-21T07:19:35.693761Z --- RETRIEVING SYLLABUS & STUDENT HISTORY in parallel: Gerakan Nasionalisme di Asia Tenggara ---
2026-07-21T07:19:35.874302Z --- GENERATING ADAPTIVE MCQ IN ENGLISH ---
2026-07-21T07:19:37.511949Z -> Cerebras: cooling for 65s.
2026-07-21T07:19:37.553542Z -> GroqCloud: cooling for 65s.
2026-07-21T07:19:37.573805Z -> OpenRouter error (NotFoundError: Error code: 404 - {'error': {'message': 'This model is unavailable for free. The paid version is available now - use this slug instead: meta-llama/llama-3.3-70b-instruct', 'code': 404}, 'user_id': 'user_3FWg0Y7hFwr9mi6ZEJfwxiglC7C'}), trying next provider…
2026-07-21T07:19:37.573880Z -> LLM Error in Generator: All LLM providers failed (non-rate-limit errors). Check API keys and quotas.
2026-07-21T07:19:37.942824Z   ✓ Q2/5 saved (bank now 2)
2026-07-21T07:19:39.943064Z --- RETRIEVING SYLLABUS & STUDENT HISTORY in parallel: Gerakan Nasionalisme di Asia Tenggara ---
2026-07-21T07:19:40.142892Z --- GENERATING ADAPTIVE MCQ IN ENGLISH ---
2026-07-21T07:19:40.166080Z -> OpenRouter error (NotFoundError: Error code: 404 - {'error': {'message': 'This model is unavailable for free. The paid version is available now - use this slug instead: meta-llama/llama-3.3-70b-instruct', 'code': 404}, 'user_id': 'user_3FWg0Y7hFwr9mi6ZEJfwxiglC7C'}), trying next provider…
2026-07-21T07:19:40.166149Z -> LLM Error in Generator: All LLM providers failed (non-rate-limit errors). Check API keys and quotas.
2026-07-21T07:19:40.540823Z   ✓ Q3/5 saved (bank now 3)
2026-07-21T07:19:42.540981Z --- RETRIEVING SYLLABUS & STUDENT HISTORY in parallel: Gerakan Nasionalisme di Asia Tenggara ---
2026-07-21T07:19:42.729561Z --- GENERATING ADAPTIVE MCQ IN ENGLISH ---
2026-07-21T07:19:42.752678Z -> OpenRouter error (NotFoundError: Error code: 404 - {'error': {'message': 'This model is unavailable for free. The paid version is available now - use this slug instead: meta-llama/llama-3.3-70b-instruct', 'code': 404}, 'user_id': 'user_3FWg0Y7hFwr9mi6ZEJfwxiglC7C'}), trying next provider…
2026-07-21T07:19:42.752757Z -> LLM Error in Generator: All LLM providers failed (non-rate-limit errors). Check API keys and quotas.
2026-07-21T07:19:43.124178Z   ✓ Q4/5 saved (bank now 4)
2026-07-21T07:19:45.124514Z --- RETRIEVING SYLLABUS & STUDENT HISTORY in parallel: Gerakan Nasionalisme di Asia Tenggara ---
2026-07-21T07:19:45.309965Z --- GENERATING ADAPTIVE MCQ IN ENGLISH ---
2026-07-21T07:19:45.338772Z -> OpenRouter error (NotFoundError: Error code: 404 - {'error': {'message': 'This model is unavailable for free. The paid version is available now - use this slug instead: meta-llama/llama-3.3-70b-instruct', 'code': 404}, 'user_id': 'user_3FWg0Y7hFwr9mi6ZEJfwxiglC7C'}), trying next provider…
2026-07-21T07:19:45.338860Z -> LLM Error in Generator: All LLM providers failed (non-rate-limit errors). Check API keys and quotas.
2026-07-21T07:19:45.706040Z   ✓ Q5/5 saved (bank now 5)
2026-07-21T07:19:47.706289Z [246/347] Sejarah — Gerakan Nasionalisme di Asia Tenggara (Bahasa Melayu): generating 5 question(s)...
2026-07-21T07:19:47.706422Z --- RETRIEVING SYLLABUS & STUDENT HISTORY in parallel: Gerakan Nasionalisme di Asia Tenggara ---
2026-07-21T07:19:47.896645Z --- GENERATING ADAPTIVE MCQ IN BAHASA MELAYU ---
2026-07-21T07:19:47.922997Z -> OpenRouter error (NotFoundError: Error code: 404 - {'error': {'message': 'This model is unavailable for free. The paid version is available now - use this slug instead: meta-llama/llama-3.3-70b-instruct', 'code': 404}, 'user_id': 'user_3FWg0Y7hFwr9mi6ZEJfwxiglC7C'}), trying next provider…
2026-07-21T07:19:47.923059Z -> LLM Error in Generator: All LLM providers failed (non-rate-limit errors). Check API keys and quotas.
2026-07-21T07:19:48.337546Z   ✓ Q1/5 saved (bank now 1)
2026-07-21T07:19:50.337795Z --- RETRIEVING SYLLABUS & STUDENT HISTORY in parallel: Gerakan Nasionalisme di Asia Tenggara ---
2026-07-21T07:19:50.526371Z --- GENERATING ADAPTIVE MCQ IN BAHASA MELAYU ---
2026-07-21T07:19:50.554826Z -> OpenRouter error (NotFoundError: Error code: 404 - {'error': {'message': 'This model is unavailable for free. The paid version is available now - use this slug instead: meta-llama/llama-3.3-70b-instruct', 'code': 404}, 'user_id': 'user_3FWg0Y7hFwr9mi6ZEJfwxiglC7C'}), trying next provider…
2026-07-21T07:19:50.554895Z -> LLM Error in Generator: All LLM providers failed (non-rate-limit errors). Check API keys and quotas.
2026-07-21T07:19:50.919578Z   ✓ Q2/5 saved (bank now 2)
2026-07-21T07:19:52.919769Z --- RETRIEVING SYLLABUS & STUDENT HISTORY in parallel: Gerakan Nasionalisme di Asia Tenggara ---
2026-07-21T07:19:53.103527Z --- GENERATING ADAPTIVE MCQ IN BAHASA MELAYU ---
2026-07-21T07:19:53.126011Z -> OpenRouter error (NotFoundError: Error code: 404 - {'error': {'message': 'This model is unavailable for free. The paid version is available now - use this slug instead: meta-llama/llama-3.3-70b-instruct', 'code': 404}, 'user_id': 'user_3FWg0Y7hFwr9mi6ZEJfwxiglC7C'}), trying next provider…
2026-07-21T07:19:53.126080Z -> LLM Error in Generator: All LLM providers failed (non-rate-limit errors). Check API keys and quotas.
2026-07-21T07:19:53.500321Z   ✓ Q3/5 saved (bank now 3)
2026-07-21T07:19:55.500596Z --- RETRIEVING SYLLABUS & STUDENT HISTORY in parallel: Gerakan Nasionalisme di Asia Tenggara ---
2026-07-21T07:19:55.678894Z --- GENERATING ADAPTIVE MCQ IN BAHASA MELAYU ---
2026-07-21T07:19:55.713243Z -> OpenRouter error (NotFoundError: Error code: 404 - {'error': {'message': 'This model is unavailable for free. The paid version is available now - use this slug instead: meta-llama/llama-3.3-70b-instruct', 'code': 404}, 'user_id': 'user_3FWg0Y7hFwr9mi6ZEJfwxiglC7C'}), trying next provider…
2026-07-21T07:19:55.713337Z -> LLM Error in Generator: All LLM providers failed (non-rate-limit errors). Check API keys and quotas.
2026-07-21T07:19:56.085289Z   ✓ Q4/5 saved (bank now 4)
2026-07-21T07:19:58.085435Z --- RETRIEVING SYLLABUS & STUDENT HISTORY in parallel: Gerakan Nasionalisme di Asia Tenggara ---
2026-07-21T07:19:58.270976Z --- GENERATING ADAPTIVE MCQ IN BAHASA MELAYU ---
2026-07-21T07:19:58.294390Z -> OpenRouter error (NotFoundError: Error code: 404 - {'error': {'message': 'This model is unavailable for free. The paid version is available now - use this slug instead: meta-llama/llama-3.3-70b-instruct', 'code': 404}, 'user_id': 'user_3FWg0Y7hFwr9mi6ZEJfwxiglC7C'}), trying next provider…
2026-07-21T07:19:58.294476Z -> LLM Error in Generator: All LLM providers failed (non-rate-limit errors). Check API keys and quotas.
2026-07-21T07:19:58.647728Z   ✓ Q5/5 saved (bank now 5)
2026-07-21T07:20:00.648468Z [Checkpoint] 70% written to logs/question_bank_seed_progress.md
2026-07-21T07:20:00.648525Z [247/347] Sejarah — Nasionalisme di Malaysia (English): generating 5 question(s)...
2026-07-21T07:20:00.648535Z --- RETRIEVING SYLLABUS & STUDENT HISTORY in parallel: Nasionalisme di Malaysia ---
2026-07-21T07:20:01.072996Z -> Retrieved 6 textbook chunk(s), 2 DSKP chunk(s)
2026-07-21T07:20:01.073470Z --- GENERATING ADAPTIVE MCQ IN ENGLISH ---
2026-07-21T07:20:01.128146Z -> OpenRouter error (NotFoundError: Error code: 404 - {'error': {'message': 'This model is unavailable for free. The paid version is available now - use this slug instead: meta-llama/llama-3.3-70b-instruct', 'code': 404}, 'user_id': 'user_3FWg0Y7hFwr9mi6ZEJfwxiglC7C'}), trying next provider…
2026-07-21T07:20:01.128236Z -> LLM Error in Generator: All LLM providers failed (non-rate-limit errors). Check API keys and quotas.
2026-07-21T07:20:01.486857Z   ✓ Q1/5 saved (bank now 1)
2026-07-21T07:20:03.487001Z --- RETRIEVING SYLLABUS & STUDENT HISTORY in parallel: Nasionalisme di Malaysia ---
2026-07-21T07:20:03.668101Z --- GENERATING ADAPTIVE MCQ IN ENGLISH ---
2026-07-21T07:20:03.714686Z -> OpenRouter error (NotFoundError: Error code: 404 - {'error': {'message': 'This model is unavailable for free. The paid version is available now - use this slug instead: meta-llama/llama-3.3-70b-instruct', 'code': 404}, 'user_id': 'user_3FWg0Y7hFwr9mi6ZEJfwxiglC7C'}), trying next provider…
2026-07-21T07:20:03.714778Z -> LLM Error in Generator: All LLM providers failed (non-rate-limit errors). Check API keys and quotas.
2026-07-21T07:20:04.084542Z   ✓ Q2/5 saved (bank now 2)
2026-07-21T07:20:06.084810Z --- RETRIEVING SYLLABUS & STUDENT HISTORY in parallel: Nasionalisme di Malaysia ---
2026-07-21T07:20:06.274613Z --- GENERATING ADAPTIVE MCQ IN ENGLISH ---
2026-07-21T07:20:06.319966Z -> OpenRouter error (NotFoundError: Error code: 404 - {'error': {'message': 'This model is unavailable for free. The paid version is available now - use this slug instead: meta-llama/llama-3.3-70b-instruct', 'code': 404}, 'user_id': 'user_3FWg0Y7hFwr9mi6ZEJfwxiglC7C'}), trying next provider…
2026-07-21T07:20:06.320071Z -> LLM Error in Generator: All LLM providers failed (non-rate-limit errors). Check API keys and quotas.
2026-07-21T07:20:06.701861Z   ✓ Q3/5 saved (bank now 3)
2026-07-21T07:20:08.702096Z --- RETRIEVING SYLLABUS & STUDENT HISTORY in parallel: Nasionalisme di Malaysia ---
2026-07-21T07:20:08.881600Z --- GENERATING ADAPTIVE MCQ IN ENGLISH ---
2026-07-21T07:20:08.904568Z -> OpenRouter error (NotFoundError: Error code: 404 - {'error': {'message': 'This model is unavailable for free. The paid version is available now - use this slug instead: meta-llama/llama-3.3-70b-instruct', 'code': 404}, 'user_id': 'user_3FWg0Y7hFwr9mi6ZEJfwxiglC7C'}), trying next provider…
2026-07-21T07:20:08.904636Z -> LLM Error in Generator: All LLM providers failed (non-rate-limit errors). Check API keys and quotas.
2026-07-21T07:20:09.280386Z   ✓ Q4/5 saved (bank now 4)
2026-07-21T07:20:11.280523Z --- RETRIEVING SYLLABUS & STUDENT HISTORY in parallel: Nasionalisme di Malaysia ---
2026-07-21T07:20:11.460705Z --- GENERATING ADAPTIVE MCQ IN ENGLISH ---
2026-07-21T07:20:11.515912Z -> OpenRouter error (NotFoundError: Error code: 404 - {'error': {'message': 'This model is unavailable for free. The paid version is available now - use this slug instead: meta-llama/llama-3.3-70b-instruct', 'code': 404}, 'user_id': 'user_3FWg0Y7hFwr9mi6ZEJfwxiglC7C'}), trying next provider…
2026-07-21T07:20:11.515986Z -> LLM Error in Generator: All LLM providers failed (non-rate-limit errors). Check API keys and quotas.
2026-07-21T07:20:11.884379Z   ✓ Q5/5 saved (bank now 5)
2026-07-21T07:20:13.884482Z [248/347] Sejarah — Nasionalisme di Malaysia (Bahasa Melayu): generating 5 question(s)...
2026-07-21T07:20:13.884546Z --- RETRIEVING SYLLABUS & STUDENT HISTORY in parallel: Nasionalisme di Malaysia ---
2026-07-21T07:20:14.077679Z --- GENERATING ADAPTIVE MCQ IN BAHASA MELAYU ---
2026-07-21T07:20:14.108009Z -> OpenRouter error (NotFoundError: Error code: 404 - {'error': {'message': 'This model is unavailable for free. The paid version is available now - use this slug instead: meta-llama/llama-3.3-70b-instruct', 'code': 404}, 'user_id': 'user_3FWg0Y7hFwr9mi6ZEJfwxiglC7C'}), trying next provider…
2026-07-21T07:20:14.108061Z -> LLM Error in Generator: All LLM providers failed (non-rate-limit errors). Check API keys and quotas.
2026-07-21T07:20:14.479170Z   ✓ Q1/5 saved (bank now 1)
2026-07-21T07:20:16.479467Z --- RETRIEVING SYLLABUS & STUDENT HISTORY in parallel: Nasionalisme di Malaysia ---
2026-07-21T07:20:16.660062Z --- GENERATING ADAPTIVE MCQ IN BAHASA MELAYU ---
2026-07-21T07:20:16.685777Z -> OpenRouter error (NotFoundError: Error code: 404 - {'error': {'message': 'This model is unavailable for free. The paid version is available now - use this slug instead: meta-llama/llama-3.3-70b-instruct', 'code': 404}, 'user_id': 'user_3FWg0Y7hFwr9mi6ZEJfwxiglC7C'}), trying next provider…
2026-07-21T07:20:16.685850Z -> LLM Error in Generator: All LLM providers failed (non-rate-limit errors). Check API keys and quotas.
2026-07-21T07:20:17.090220Z   ✓ Q2/5 saved (bank now 2)
2026-07-21T07:20:19.090557Z --- RETRIEVING SYLLABUS & STUDENT HISTORY in parallel: Nasionalisme di Malaysia ---
2026-07-21T07:20:19.274278Z --- GENERATING ADAPTIVE MCQ IN BAHASA MELAYU ---
2026-07-21T07:20:19.301702Z -> OpenRouter error (NotFoundError: Error code: 404 - {'error': {'message': 'This model is unavailable for free. The paid version is available now - use this slug instead: meta-llama/llama-3.3-70b-instruct', 'code': 404}, 'user_id': 'user_3FWg0Y7hFwr9mi6ZEJfwxiglC7C'}), trying next provider…
2026-07-21T07:20:19.301770Z -> LLM Error in Generator: All LLM providers failed (non-rate-limit errors). Check API keys and quotas.
2026-07-21T07:20:19.707357Z   ✓ Q3/5 saved (bank now 3)
2026-07-21T07:20:21.707542Z --- RETRIEVING SYLLABUS & STUDENT HISTORY in parallel: Nasionalisme di Malaysia ---
2026-07-21T07:20:21.903792Z --- GENERATING ADAPTIVE MCQ IN BAHASA MELAYU ---
2026-07-21T07:20:21.944618Z -> OpenRouter error (NotFoundError: Error code: 404 - {'error': {'message': 'This model is unavailable for free. The paid version is available now - use this slug instead: meta-llama/llama-3.3-70b-instruct', 'code': 404}, 'user_id': 'user_3FWg0Y7hFwr9mi6ZEJfwxiglC7C'}), trying next provider…
2026-07-21T07:20:21.944697Z -> LLM Error in Generator: All LLM providers failed (non-rate-limit errors). Check API keys and quotas.
2026-07-21T07:20:22.306006Z   ✓ Q4/5 saved (bank now 4)
2026-07-21T07:20:24.306207Z --- RETRIEVING SYLLABUS & STUDENT HISTORY in parallel: Nasionalisme di Malaysia ---
2026-07-21T07:20:24.488155Z --- GENERATING ADAPTIVE MCQ IN BAHASA MELAYU ---
2026-07-21T07:20:25.141353Z -> OpenRouter error (NotFoundError: Error code: 404 - {'error': {'message': 'This model is unavailable for free. The paid version is available now - use this slug instead: meta-llama/llama-3.3-70b-instruct', 'code': 404}, 'user_id': 'user_3FWg0Y7hFwr9mi6ZEJfwxiglC7C'}), trying next provider…
2026-07-21T07:20:25.141412Z -> LLM Error in Generator: All LLM providers failed (non-rate-limit errors). Check API keys and quotas.
2026-07-21T07:20:25.525180Z   ✓ Q5/5 saved (bank now 5)
2026-07-21T07:20:27.525438Z [249/347] Sejarah — Malaysia Merdeka (Bahasa Melayu): generating 5 question(s)...
2026-07-21T07:20:27.525513Z --- RETRIEVING SYLLABUS & STUDENT HISTORY in parallel: Malaysia Merdeka ---
2026-07-21T07:20:27.937100Z -> Retrieved 3 textbook chunk(s), 5 DSKP chunk(s)
2026-07-21T07:20:27.937834Z --- GENERATING ADAPTIVE MCQ IN BAHASA MELAYU ---
2026-07-21T07:20:27.967388Z -> OpenRouter error (NotFoundError: Error code: 404 - {'error': {'message': 'This model is unavailable for free. The paid version is available now - use this slug instead: meta-llama/llama-3.3-70b-instruct', 'code': 404}, 'user_id': 'user_3FWg0Y7hFwr9mi6ZEJfwxiglC7C'}), trying next provider…
2026-07-21T07:20:27.967453Z -> LLM Error in Generator: All LLM providers failed (non-rate-limit errors). Check API keys and quotas.
2026-07-21T07:20:28.346530Z   ✓ Q1/5 saved (bank now 1)
2026-07-21T07:20:30.346701Z --- RETRIEVING SYLLABUS & STUDENT HISTORY in parallel: Malaysia Merdeka ---
2026-07-21T07:20:30.538097Z --- GENERATING ADAPTIVE MCQ IN BAHASA MELAYU ---
2026-07-21T07:20:30.577982Z -> OpenRouter error (NotFoundError: Error code: 404 - {'error': {'message': 'This model is unavailable for free. The paid version is available now - use this slug instead: meta-llama/llama-3.3-70b-instruct', 'code': 404}, 'user_id': 'user_3FWg0Y7hFwr9mi6ZEJfwxiglC7C'}), trying next provider…
2026-07-21T07:20:30.578051Z -> LLM Error in Generator: All LLM providers failed (non-rate-limit errors). Check API keys and quotas.
2026-07-21T07:20:30.960545Z   ✓ Q2/5 saved (bank now 2)
2026-07-21T07:20:32.960781Z --- RETRIEVING SYLLABUS & STUDENT HISTORY in parallel: Malaysia Merdeka ---
2026-07-21T07:20:33.159115Z --- GENERATING ADAPTIVE MCQ IN BAHASA MELAYU ---
2026-07-21T07:20:33.185736Z -> OpenRouter error (NotFoundError: Error code: 404 - {'error': {'message': 'This model is unavailable for free. The paid version is available now - use this slug instead: meta-llama/llama-3.3-70b-instruct', 'code': 404}, 'user_id': 'user_3FWg0Y7hFwr9mi6ZEJfwxiglC7C'}), trying next provider…
2026-07-21T07:20:33.185802Z -> LLM Error in Generator: All LLM providers failed (non-rate-limit errors). Check API keys and quotas.
2026-07-21T07:20:33.563243Z   ✓ Q3/5 saved (bank now 3)
2026-07-21T07:20:35.563601Z --- RETRIEVING SYLLABUS & STUDENT HISTORY in parallel: Malaysia Merdeka ---
2026-07-21T07:20:35.747851Z --- GENERATING ADAPTIVE MCQ IN BAHASA MELAYU ---
2026-07-21T07:20:35.790606Z -> OpenRouter error (NotFoundError: Error code: 404 - {'error': {'message': 'This model is unavailable for free. The paid version is available now - use this slug instead: meta-llama/llama-3.3-70b-instruct', 'code': 404}, 'user_id': 'user_3FWg0Y7hFwr9mi6ZEJfwxiglC7C'}), trying next provider…
2026-07-21T07:20:35.790659Z -> LLM Error in Generator: All LLM providers failed (non-rate-limit errors). Check API keys and quotas.
2026-07-21T07:20:36.168246Z   ✓ Q4/5 saved (bank now 4)
2026-07-21T07:20:38.168533Z --- RETRIEVING SYLLABUS & STUDENT HISTORY in parallel: Malaysia Merdeka ---
2026-07-21T07:20:38.363556Z --- GENERATING ADAPTIVE MCQ IN BAHASA MELAYU ---
2026-07-21T07:20:38.391635Z -> OpenRouter error (NotFoundError: Error code: 404 - {'error': {'message': 'This model is unavailable for free. The paid version is available now - use this slug instead: meta-llama/llama-3.3-70b-instruct', 'code': 404}, 'user_id': 'user_3FWg0Y7hFwr9mi6ZEJfwxiglC7C'}), trying next provider…
2026-07-21T07:20:38.391708Z -> LLM Error in Generator: All LLM providers failed (non-rate-limit errors). Check API keys and quotas.
2026-07-21T07:20:38.777209Z   ✓ Q5/5 saved (bank now 5)
2026-07-21T07:20:40.777394Z [250/347] Sejarah — Pembangunan Negara Bangsa (English): generating 5 question(s)...
2026-07-21T07:20:40.777477Z --- RETRIEVING SYLLABUS & STUDENT HISTORY in parallel: Pembangunan Negara Bangsa ---
2026-07-21T07:20:41.080940Z -> Retrieved 3 textbook chunk(s), 5 DSKP chunk(s)
2026-07-21T07:20:41.081505Z --- GENERATING ADAPTIVE MCQ IN ENGLISH ---
2026-07-21T07:20:41.111493Z -> OpenRouter error (NotFoundError: Error code: 404 - {'error': {'message': 'This model is unavailable for free. The paid version is available now - use this slug instead: meta-llama/llama-3.3-70b-instruct', 'code': 404}, 'user_id': 'user_3FWg0Y7hFwr9mi6ZEJfwxiglC7C'}), trying next provider…
2026-07-21T07:20:41.111556Z -> LLM Error in Generator: All LLM providers failed (non-rate-limit errors). Check API keys and quotas.
2026-07-21T07:20:41.482555Z   ✓ Q1/5 saved (bank now 1)
2026-07-21T07:20:43.482768Z --- RETRIEVING SYLLABUS & STUDENT HISTORY in parallel: Pembangunan Negara Bangsa ---
2026-07-21T07:20:43.680400Z --- GENERATING ADAPTIVE MCQ IN ENGLISH ---
2026-07-21T07:20:45.518624Z -> Cerebras: cooling for 65s.
2026-07-21T07:20:45.559557Z -> GroqCloud: cooling for 65s.
2026-07-21T07:20:45.583027Z -> OpenRouter error (NotFoundError: Error code: 404 - {'error': {'message': 'This model is unavailable for free. The paid version is available now - use this slug instead: meta-llama/llama-3.3-70b-instruct', 'code': 404}, 'user_id': 'user_3FWg0Y7hFwr9mi6ZEJfwxiglC7C'}), trying next provider…
2026-07-21T07:20:45.583083Z -> LLM Error in Generator: All LLM providers failed (non-rate-limit errors). Check API keys and quotas.
2026-07-21T07:20:45.954422Z   ✓ Q2/5 saved (bank now 2)
2026-07-21T07:20:47.954594Z --- RETRIEVING SYLLABUS & STUDENT HISTORY in parallel: Pembangunan Negara Bangsa ---
2026-07-21T07:20:48.135392Z --- GENERATING ADAPTIVE MCQ IN ENGLISH ---
2026-07-21T07:20:48.175121Z -> OpenRouter error (NotFoundError: Error code: 404 - {'error': {'message': 'This model is unavailable for free. The paid version is available now - use this slug instead: meta-llama/llama-3.3-70b-instruct', 'code': 404}, 'user_id': 'user_3FWg0Y7hFwr9mi6ZEJfwxiglC7C'}), trying next provider…
2026-07-21T07:20:48.175204Z -> LLM Error in Generator: All LLM providers failed (non-rate-limit errors). Check API keys and quotas.
2026-07-21T07:20:48.542054Z   ✓ Q3/5 saved (bank now 3)
2026-07-21T07:20:50.542344Z --- RETRIEVING SYLLABUS & STUDENT HISTORY in parallel: Pembangunan Negara Bangsa ---
2026-07-21T07:20:50.724445Z --- GENERATING ADAPTIVE MCQ IN ENGLISH ---
2026-07-21T07:20:50.748583Z -> OpenRouter error (NotFoundError: Error code: 404 - {'error': {'message': 'This model is unavailable for free. The paid version is available now - use this slug instead: meta-llama/llama-3.3-70b-instruct', 'code': 404}, 'user_id': 'user_3FWg0Y7hFwr9mi6ZEJfwxiglC7C'}), trying next provider…
2026-07-21T07:20:50.748672Z -> LLM Error in Generator: All LLM providers failed (non-rate-limit errors). Check API keys and quotas.
2026-07-21T07:20:51.125860Z   ✓ Q4/5 saved (bank now 4)
2026-07-21T07:20:53.126123Z --- RETRIEVING SYLLABUS & STUDENT HISTORY in parallel: Pembangunan Negara Bangsa ---
2026-07-21T07:20:53.312093Z --- GENERATING ADAPTIVE MCQ IN ENGLISH ---
2026-07-21T07:20:53.369628Z -> OpenRouter error (NotFoundError: Error code: 404 - {'error': {'message': 'This model is unavailable for free. The paid version is available now - use this slug instead: meta-llama/llama-3.3-70b-instruct', 'code': 404}, 'user_id': 'user_3FWg0Y7hFwr9mi6ZEJfwxiglC7C'}), trying next provider…
2026-07-21T07:20:53.369710Z -> LLM Error in Generator: All LLM providers failed (non-rate-limit errors). Check API keys and quotas.
2026-07-21T07:20:53.741371Z   ✓ Q5/5 saved (bank now 5)
2026-07-21T07:20:55.741577Z [251/347] Sejarah — Pembangunan Negara Bangsa (Bahasa Melayu): generating 5 question(s)...
2026-07-21T07:20:55.741668Z --- RETRIEVING SYLLABUS & STUDENT HISTORY in parallel: Pembangunan Negara Bangsa ---
2026-07-21T07:20:56.203532Z --- GENERATING ADAPTIVE MCQ IN BAHASA MELAYU ---
2026-07-21T07:20:56.227616Z -> OpenRouter error (NotFoundError: Error code: 404 - {'error': {'message': 'This model is unavailable for free. The paid version is available now - use this slug instead: meta-llama/llama-3.3-70b-instruct', 'code': 404}, 'user_id': 'user_3FWg0Y7hFwr9mi6ZEJfwxiglC7C'}), trying next provider…
2026-07-21T07:20:56.227685Z -> LLM Error in Generator: All LLM providers failed (non-rate-limit errors). Check API keys and quotas.
2026-07-21T07:20:56.625988Z   ✓ Q1/5 saved (bank now 1)
2026-07-21T07:20:58.626289Z --- RETRIEVING SYLLABUS & STUDENT HISTORY in parallel: Pembangunan Negara Bangsa ---
2026-07-21T07:20:58.819059Z --- GENERATING ADAPTIVE MCQ IN BAHASA MELAYU ---
2026-07-21T07:20:58.844172Z -> OpenRouter error (NotFoundError: Error code: 404 - {'error': {'message': 'This model is unavailable for free. The paid version is available now - use this slug instead: meta-llama/llama-3.3-70b-instruct', 'code': 404}, 'user_id': 'user_3FWg0Y7hFwr9mi6ZEJfwxiglC7C'}), trying next provider…
2026-07-21T07:20:58.844245Z -> LLM Error in Generator: All LLM providers failed (non-rate-limit errors). Check API keys and quotas.
2026-07-21T07:20:59.228785Z   ✓ Q2/5 saved (bank now 2)
2026-07-21T07:21:01.229024Z --- RETRIEVING SYLLABUS & STUDENT HISTORY in parallel: Pembangunan Negara Bangsa ---
2026-07-21T07:21:01.465806Z --- GENERATING ADAPTIVE MCQ IN BAHASA MELAYU ---
2026-07-21T07:21:01.491895Z -> OpenRouter error (NotFoundError: Error code: 404 - {'error': {'message': 'This model is unavailable for free. The paid version is available now - use this slug instead: meta-llama/llama-3.3-70b-instruct', 'code': 404}, 'user_id': 'user_3FWg0Y7hFwr9mi6ZEJfwxiglC7C'}), trying next provider…
2026-07-21T07:21:01.491967Z -> LLM Error in Generator: All LLM providers failed (non-rate-limit errors). Check API keys and quotas.
2026-07-21T07:21:01.878205Z   ✓ Q3/5 saved (bank now 3)
2026-07-21T07:21:03.878563Z --- RETRIEVING SYLLABUS & STUDENT HISTORY in parallel: Pembangunan Negara Bangsa ---
2026-07-21T07:21:04.094086Z --- GENERATING ADAPTIVE MCQ IN BAHASA MELAYU ---
2026-07-21T07:21:04.125870Z -> OpenRouter error (NotFoundError: Error code: 404 - {'error': {'message': 'This model is unavailable for free. The paid version is available now - use this slug instead: meta-llama/llama-3.3-70b-instruct', 'code': 404}, 'user_id': 'user_3FWg0Y7hFwr9mi6ZEJfwxiglC7C'}), trying next provider…
2026-07-21T07:21:04.125943Z -> LLM Error in Generator: All LLM providers failed (non-rate-limit errors). Check API keys and quotas.
2026-07-21T07:21:04.536222Z   ✓ Q4/5 saved (bank now 4)
2026-07-21T07:21:06.536543Z --- RETRIEVING SYLLABUS & STUDENT HISTORY in parallel: Pembangunan Negara Bangsa ---
2026-07-21T07:21:06.723038Z --- GENERATING ADAPTIVE MCQ IN BAHASA MELAYU ---
2026-07-21T07:21:06.772917Z -> OpenRouter error (NotFoundError: Error code: 404 - {'error': {'message': 'This model is unavailable for free. The paid version is available now - use this slug instead: meta-llama/llama-3.3-70b-instruct', 'code': 404}, 'user_id': 'user_3FWg0Y7hFwr9mi6ZEJfwxiglC7C'}), trying next provider…
2026-07-21T07:21:06.773009Z -> LLM Error in Generator: All LLM providers failed (non-rate-limit errors). Check API keys and quotas.
2026-07-21T07:21:07.198622Z   ✓ Q5/5 saved (bank now 5)
2026-07-21T07:21:09.198831Z [252/347] Sejarah — Tamadun Awal Dunia (English): generating 5 question(s)...
2026-07-21T07:21:09.198909Z --- RETRIEVING SYLLABUS & STUDENT HISTORY in parallel: Tamadun Awal Dunia ---
2026-07-21T07:21:09.912252Z -> Retrieved 6 textbook chunk(s), 2 DSKP chunk(s)
2026-07-21T07:21:09.912856Z --- GENERATING ADAPTIVE MCQ IN ENGLISH ---
2026-07-21T07:21:09.933943Z -> OpenRouter error (NotFoundError: Error code: 404 - {'error': {'message': 'This model is unavailable for free. The paid version is available now - use this slug instead: meta-llama/llama-3.3-70b-instruct', 'code': 404}, 'user_id': 'user_3FWg0Y7hFwr9mi6ZEJfwxiglC7C'}), trying next provider…
2026-07-21T07:21:09.934022Z -> LLM Error in Generator: All LLM providers failed (non-rate-limit errors). Check API keys and quotas.
2026-07-21T07:21:10.328583Z   ✓ Q1/5 saved (bank now 1)
2026-07-21T07:21:12.328835Z --- RETRIEVING SYLLABUS & STUDENT HISTORY in parallel: Tamadun Awal Dunia ---
2026-07-21T07:21:12.506938Z --- GENERATING ADAPTIVE MCQ IN ENGLISH ---
2026-07-21T07:21:12.539296Z -> OpenRouter error (NotFoundError: Error code: 404 - {'error': {'message': 'This model is unavailable for free. The paid version is available now - use this slug instead: meta-llama/llama-3.3-70b-instruct', 'code': 404}, 'user_id': 'user_3FWg0Y7hFwr9mi6ZEJfwxiglC7C'}), trying next provider…
2026-07-21T07:21:12.539437Z -> LLM Error in Generator: All LLM providers failed (non-rate-limit errors). Check API keys and quotas.
2026-07-21T07:21:12.933077Z   ✓ Q2/5 saved (bank now 2)
2026-07-21T07:21:14.933223Z --- RETRIEVING SYLLABUS & STUDENT HISTORY in parallel: Tamadun Awal Dunia ---
2026-07-21T07:21:15.113785Z --- GENERATING ADAPTIVE MCQ IN ENGLISH ---
2026-07-21T07:21:15.141860Z -> OpenRouter error (NotFoundError: Error code: 404 - {'error': {'message': 'This model is unavailable for free. The paid version is available now - use this slug instead: meta-llama/llama-3.3-70b-instruct', 'code': 404}, 'user_id': 'user_3FWg0Y7hFwr9mi6ZEJfwxiglC7C'}), trying next provider…
2026-07-21T07:21:15.141931Z -> LLM Error in Generator: All LLM providers failed (non-rate-limit errors). Check API keys and quotas.
2026-07-21T07:21:15.536085Z   ✓ Q3/5 saved (bank now 3)
2026-07-21T07:21:17.536380Z --- RETRIEVING SYLLABUS & STUDENT HISTORY in parallel: Tamadun Awal Dunia ---
2026-07-21T07:21:17.743848Z --- GENERATING ADAPTIVE MCQ IN ENGLISH ---
2026-07-21T07:21:17.778746Z -> OpenRouter error (NotFoundError: Error code: 404 - {'error': {'message': 'This model is unavailable for free. The paid version is available now - use this slug instead: meta-llama/llama-3.3-70b-instruct', 'code': 404}, 'user_id': 'user_3FWg0Y7hFwr9mi6ZEJfwxiglC7C'}), trying next provider…
2026-07-21T07:21:17.778844Z -> LLM Error in Generator: All LLM providers failed (non-rate-limit errors). Check API keys and quotas.
2026-07-21T07:21:18.163541Z   ✓ Q4/5 saved (bank now 4)
2026-07-21T07:21:20.163720Z --- RETRIEVING SYLLABUS & STUDENT HISTORY in parallel: Tamadun Awal Dunia ---
2026-07-21T07:21:20.357392Z --- GENERATING ADAPTIVE MCQ IN ENGLISH ---
2026-07-21T07:21:20.379665Z -> OpenRouter error (NotFoundError: Error code: 404 - {'error': {'message': 'This model is unavailable for free. The paid version is available now - use this slug instead: meta-llama/llama-3.3-70b-instruct', 'code': 404}, 'user_id': 'user_3FWg0Y7hFwr9mi6ZEJfwxiglC7C'}), trying next provider…
2026-07-21T07:21:20.379736Z -> LLM Error in Generator: All LLM providers failed (non-rate-limit errors). Check API keys and quotas.
2026-07-21T07:21:20.757392Z   ✓ Q5/5 saved (bank now 5)
2026-07-21T07:21:22.757575Z [253/347] Sejarah — Tamadun Awal Dunia (Bahasa Melayu): generating 5 question(s)...
2026-07-21T07:21:22.757667Z --- RETRIEVING SYLLABUS & STUDENT HISTORY in parallel: Tamadun Awal Dunia ---
2026-07-21T07:21:22.938949Z --- GENERATING ADAPTIVE MCQ IN BAHASA MELAYU ---
2026-07-21T07:21:22.975540Z -> OpenRouter error (NotFoundError: Error code: 404 - {'error': {'message': 'This model is unavailable for free. The paid version is available now - use this slug instead: meta-llama/llama-3.3-70b-instruct', 'code': 404}, 'user_id': 'user_3FWg0Y7hFwr9mi6ZEJfwxiglC7C'}), trying next provider…
2026-07-21T07:21:22.975608Z -> LLM Error in Generator: All LLM providers failed (non-rate-limit errors). Check API keys and quotas.
2026-07-21T07:21:23.367445Z   ✓ Q1/5 saved (bank now 1)
2026-07-21T07:21:25.367648Z --- RETRIEVING SYLLABUS & STUDENT HISTORY in parallel: Tamadun Awal Dunia ---
2026-07-21T07:21:25.549018Z --- GENERATING ADAPTIVE MCQ IN BAHASA MELAYU ---
2026-07-21T07:21:25.572017Z -> OpenRouter error (NotFoundError: Error code: 404 - {'error': {'message': 'This model is unavailable for free. The paid version is available now - use this slug instead: meta-llama/llama-3.3-70b-instruct', 'code': 404}, 'user_id': 'user_3FWg0Y7hFwr9mi6ZEJfwxiglC7C'}), trying next provider…
2026-07-21T07:21:25.572093Z -> LLM Error in Generator: All LLM providers failed (non-rate-limit errors). Check API keys and quotas.
2026-07-21T07:21:25.936612Z   ✓ Q2/5 saved (bank now 2)
2026-07-21T07:21:27.936898Z --- RETRIEVING SYLLABUS & STUDENT HISTORY in parallel: Tamadun Awal Dunia ---
2026-07-21T07:21:28.138033Z --- GENERATING ADAPTIVE MCQ IN BAHASA MELAYU ---
2026-07-21T07:21:28.169530Z -> OpenRouter error (NotFoundError: Error code: 404 - {'error': {'message': 'This model is unavailable for free. The paid version is available now - use this slug instead: meta-llama/llama-3.3-70b-instruct', 'code': 404}, 'user_id': 'user_3FWg0Y7hFwr9mi6ZEJfwxiglC7C'}), trying next provider…
2026-07-21T07:21:28.169626Z -> LLM Error in Generator: All LLM providers failed (non-rate-limit errors). Check API keys and quotas.
2026-07-21T07:21:28.547620Z   ✓ Q3/5 saved (bank now 3)
2026-07-21T07:21:30.547773Z --- RETRIEVING SYLLABUS & STUDENT HISTORY in parallel: Tamadun Awal Dunia ---
2026-07-21T07:21:30.727596Z --- GENERATING ADAPTIVE MCQ IN BAHASA MELAYU ---
2026-07-21T07:21:30.747406Z -> OpenRouter error (NotFoundError: Error code: 404 - {'error': {'message': 'This model is unavailable for free. The paid version is available now - use this slug instead: meta-llama/llama-3.3-70b-instruct', 'code': 404}, 'user_id': 'user_3FWg0Y7hFwr9mi6ZEJfwxiglC7C'}), trying next provider…
2026-07-21T07:21:30.747467Z -> LLM Error in Generator: All LLM providers failed (non-rate-limit errors). Check API keys and quotas.
2026-07-21T07:21:31.108519Z   ✓ Q4/5 saved (bank now 4)
2026-07-21T07:21:33.108691Z --- RETRIEVING SYLLABUS & STUDENT HISTORY in parallel: Tamadun Awal Dunia ---
2026-07-21T07:21:33.310583Z --- GENERATING ADAPTIVE MCQ IN BAHASA MELAYU ---
2026-07-21T07:21:33.339834Z -> OpenRouter error (NotFoundError: Error code: 404 - {'error': {'message': 'This model is unavailable for free. The paid version is available now - use this slug instead: meta-llama/llama-3.3-70b-instruct', 'code': 404}, 'user_id': 'user_3FWg0Y7hFwr9mi6ZEJfwxiglC7C'}), trying next provider…
2026-07-21T07:21:33.339949Z -> LLM Error in Generator: All LLM providers failed (non-rate-limit errors). Check API keys and quotas.
2026-07-21T07:21:33.705368Z   ✓ Q5/5 saved (bank now 5)
2026-07-21T07:21:35.705571Z [254/347] Sejarah — Tamadun Islam (English): generating 5 question(s)...
2026-07-21T07:21:35.705662Z --- RETRIEVING SYLLABUS & STUDENT HISTORY in parallel: Tamadun Islam ---
2026-07-21T07:21:36.318032Z -> Retrieved 8 textbook chunk(s), 0 DSKP chunk(s)
2026-07-21T07:21:36.318873Z --- GENERATING ADAPTIVE MCQ IN ENGLISH ---
2026-07-21T07:21:36.350807Z -> OpenRouter error (NotFoundError: Error code: 404 - {'error': {'message': 'This model is unavailable for free. The paid version is available now - use this slug instead: meta-llama/llama-3.3-70b-instruct', 'code': 404}, 'user_id': 'user_3FWg0Y7hFwr9mi6ZEJfwxiglC7C'}), trying next provider…
2026-07-21T07:21:36.350907Z -> LLM Error in Generator: All LLM providers failed (non-rate-limit errors). Check API keys and quotas.
2026-07-21T07:21:36.722725Z   ✓ Q1/5 saved (bank now 1)
2026-07-21T07:21:38.723074Z --- RETRIEVING SYLLABUS & STUDENT HISTORY in parallel: Tamadun Islam ---
2026-07-21T07:21:38.913053Z --- GENERATING ADAPTIVE MCQ IN ENGLISH ---
2026-07-21T07:21:38.942763Z -> OpenRouter error (NotFoundError: Error code: 404 - {'error': {'message': 'This model is unavailable for free. The paid version is available now - use this slug instead: meta-llama/llama-3.3-70b-instruct', 'code': 404}, 'user_id': 'user_3FWg0Y7hFwr9mi6ZEJfwxiglC7C'}), trying next provider…
2026-07-21T07:21:38.942834Z -> LLM Error in Generator: All LLM providers failed (non-rate-limit errors). Check API keys and quotas.
2026-07-21T07:21:39.315806Z   ✓ Q2/5 saved (bank now 2)
2026-07-21T07:21:41.316133Z --- RETRIEVING SYLLABUS & STUDENT HISTORY in parallel: Tamadun Islam ---
2026-07-21T07:21:41.504545Z --- GENERATING ADAPTIVE MCQ IN ENGLISH ---
2026-07-21T07:21:41.529352Z -> OpenRouter error (NotFoundError: Error code: 404 - {'error': {'message': 'This model is unavailable for free. The paid version is available now - use this slug instead: meta-llama/llama-3.3-70b-instruct', 'code': 404}, 'user_id': 'user_3FWg0Y7hFwr9mi6ZEJfwxiglC7C'}), trying next provider…
2026-07-21T07:21:41.529412Z -> LLM Error in Generator: All LLM providers failed (non-rate-limit errors). Check API keys and quotas.
2026-07-21T07:21:41.905946Z   ✓ Q3/5 saved (bank now 3)
2026-07-21T07:21:43.906202Z --- RETRIEVING SYLLABUS & STUDENT HISTORY in parallel: Tamadun Islam ---
2026-07-21T07:21:44.090400Z --- GENERATING ADAPTIVE MCQ IN ENGLISH ---
2026-07-21T07:21:44.124192Z -> OpenRouter error (NotFoundError: Error code: 404 - {'error': {'message': 'This model is unavailable for free. The paid version is available now - use this slug instead: meta-llama/llama-3.3-70b-instruct', 'code': 404}, 'user_id': 'user_3FWg0Y7hFwr9mi6ZEJfwxiglC7C'}), trying next provider…
2026-07-21T07:21:44.124366Z -> LLM Error in Generator: All LLM providers failed (non-rate-limit errors). Check API keys and quotas.
2026-07-21T07:21:44.503890Z   ✓ Q4/5 saved (bank now 4)
2026-07-21T07:21:46.504126Z --- RETRIEVING SYLLABUS & STUDENT HISTORY in parallel: Tamadun Islam ---
2026-07-21T07:21:46.700948Z --- GENERATING ADAPTIVE MCQ IN ENGLISH ---
2026-07-21T07:21:46.742801Z -> OpenRouter error (NotFoundError: Error code: 404 - {'error': {'message': 'This model is unavailable for free. The paid version is available now - use this slug instead: meta-llama/llama-3.3-70b-instruct', 'code': 404}, 'user_id': 'user_3FWg0Y7hFwr9mi6ZEJfwxiglC7C'}), trying next provider…
2026-07-21T07:21:46.742862Z -> LLM Error in Generator: All LLM providers failed (non-rate-limit errors). Check API keys and quotas.
2026-07-21T07:21:47.114411Z   ✓ Q5/5 saved (bank now 5)
2026-07-21T07:21:49.114632Z [255/347] Sejarah — Tamadun Islam (Bahasa Melayu): generating 5 question(s)...
2026-07-21T07:21:49.114723Z --- RETRIEVING SYLLABUS & STUDENT HISTORY in parallel: Tamadun Islam ---
2026-07-21T07:21:49.302404Z --- GENERATING ADAPTIVE MCQ IN BAHASA MELAYU ---
2026-07-21T07:21:49.326879Z -> OpenRouter error (NotFoundError: Error code: 404 - {'error': {'message': 'This model is unavailable for free. The paid version is available now - use this slug instead: meta-llama/llama-3.3-70b-instruct', 'code': 404}, 'user_id': 'user_3FWg0Y7hFwr9mi6ZEJfwxiglC7C'}), trying next provider…
2026-07-21T07:21:49.326951Z -> LLM Error in Generator: All LLM providers failed (non-rate-limit errors). Check API keys and quotas.
2026-07-21T07:21:49.719336Z   ✓ Q1/5 saved (bank now 1)
2026-07-21T07:21:51.719529Z --- RETRIEVING SYLLABUS & STUDENT HISTORY in parallel: Tamadun Islam ---
2026-07-21T07:21:51.899751Z --- GENERATING ADAPTIVE MCQ IN BAHASA MELAYU ---
2026-07-21T07:21:53.405248Z   ✓ Q2/5 saved (bank now 2)
2026-07-21T07:21:55.405531Z --- RETRIEVING SYLLABUS & STUDENT HISTORY in parallel: Tamadun Islam ---
2026-07-21T07:21:55.589682Z --- GENERATING ADAPTIVE MCQ IN BAHASA MELAYU ---
2026-07-21T07:21:57.342375Z -> Cerebras: cooling for 65s.
2026-07-21T07:21:57.381584Z -> GroqCloud: cooling for 65s.
2026-07-21T07:21:57.424142Z -> OpenRouter error (NotFoundError: Error code: 404 - {'error': {'message': 'This model is unavailable for free. The paid version is available now - use this slug instead: meta-llama/llama-3.3-70b-instruct', 'code': 404}, 'user_id': 'user_3FWg0Y7hFwr9mi6ZEJfwxiglC7C'}), trying next provider…
2026-07-21T07:21:57.424220Z -> LLM Error in Generator: All LLM providers failed (non-rate-limit errors). Check API keys and quotas.
2026-07-21T07:21:57.808304Z   ✓ Q3/5 saved (bank now 3)
2026-07-21T07:21:59.808488Z --- RETRIEVING SYLLABUS & STUDENT HISTORY in parallel: Tamadun Islam ---
2026-07-21T07:22:00.005395Z --- GENERATING ADAPTIVE MCQ IN BAHASA MELAYU ---
2026-07-21T07:22:00.026398Z -> OpenRouter error (NotFoundError: Error code: 404 - {'error': {'message': 'This model is unavailable for free. The paid version is available now - use this slug instead: meta-llama/llama-3.3-70b-instruct', 'code': 404}, 'user_id': 'user_3FWg0Y7hFwr9mi6ZEJfwxiglC7C'}), trying next provider…
2026-07-21T07:22:00.026472Z -> LLM Error in Generator: All LLM providers failed (non-rate-limit errors). Check API keys and quotas.
2026-07-21T07:22:00.404641Z   ✓ Q4/5 saved (bank now 4)
2026-07-21T07:22:02.404844Z --- RETRIEVING SYLLABUS & STUDENT HISTORY in parallel: Tamadun Islam ---
2026-07-21T07:22:02.589665Z --- GENERATING ADAPTIVE MCQ IN BAHASA MELAYU ---
2026-07-21T07:22:02.618353Z -> OpenRouter error (NotFoundError: Error code: 404 - {'error': {'message': 'This model is unavailable for free. The paid version is available now - use this slug instead: meta-llama/llama-3.3-70b-instruct', 'code': 404}, 'user_id': 'user_3FWg0Y7hFwr9mi6ZEJfwxiglC7C'}), trying next provider…
2026-07-21T07:22:02.618423Z -> LLM Error in Generator: All LLM providers failed (non-rate-limit errors). Check API keys and quotas.
2026-07-21T07:22:03.017972Z   ✓ Q5/5 saved (bank now 5)
2026-07-21T07:22:05.018209Z [256/347] Sejarah — Kesultanan Melayu Melaka (English): generating 5 question(s)...
2026-07-21T07:22:05.018285Z --- RETRIEVING SYLLABUS & STUDENT HISTORY in parallel: Kesultanan Melayu Melaka ---
2026-07-21T07:22:05.476468Z -> Retrieved 5 textbook chunk(s), 3 DSKP chunk(s)
2026-07-21T07:22:05.477342Z --- GENERATING ADAPTIVE MCQ IN ENGLISH ---
2026-07-21T07:22:05.502709Z -> OpenRouter error (NotFoundError: Error code: 404 - {'error': {'message': 'This model is unavailable for free. The paid version is available now - use this slug instead: meta-llama/llama-3.3-70b-instruct', 'code': 404}, 'user_id': 'user_3FWg0Y7hFwr9mi6ZEJfwxiglC7C'}), trying next provider…
2026-07-21T07:22:05.502774Z -> LLM Error in Generator: All LLM providers failed (non-rate-limit errors). Check API keys and quotas.
2026-07-21T07:22:05.875411Z   ✓ Q1/5 saved (bank now 1)
2026-07-21T07:22:07.875668Z --- RETRIEVING SYLLABUS & STUDENT HISTORY in parallel: Kesultanan Melayu Melaka ---
2026-07-21T07:22:08.065975Z --- GENERATING ADAPTIVE MCQ IN ENGLISH ---
2026-07-21T07:22:08.107185Z -> OpenRouter error (NotFoundError: Error code: 404 - {'error': {'message': 'This model is unavailable for free. The paid version is available now - use this slug instead: meta-llama/llama-3.3-70b-instruct', 'code': 404}, 'user_id': 'user_3FWg0Y7hFwr9mi6ZEJfwxiglC7C'}), trying next provider…
2026-07-21T07:22:08.107287Z -> LLM Error in Generator: All LLM providers failed (non-rate-limit errors). Check API keys and quotas.
2026-07-21T07:22:08.486794Z   ✓ Q2/5 saved (bank now 2)
2026-07-21T07:22:10.487082Z --- RETRIEVING SYLLABUS & STUDENT HISTORY in parallel: Kesultanan Melayu Melaka ---
2026-07-21T07:22:10.670007Z --- GENERATING ADAPTIVE MCQ IN ENGLISH ---
2026-07-21T07:22:10.873656Z -> OpenRouter error (NotFoundError: Error code: 404 - {'error': {'message': 'This model is unavailable for free. The paid version is available now - use this slug instead: meta-llama/llama-3.3-70b-instruct', 'code': 404}, 'user_id': 'user_3FWg0Y7hFwr9mi6ZEJfwxiglC7C'}), trying next provider…
2026-07-21T07:22:10.873740Z -> LLM Error in Generator: All LLM providers failed (non-rate-limit errors). Check API keys and quotas.
2026-07-21T07:22:11.249853Z   ✓ Q3/5 saved (bank now 3)
2026-07-21T07:22:13.250013Z --- RETRIEVING SYLLABUS & STUDENT HISTORY in parallel: Kesultanan Melayu Melaka ---
2026-07-21T07:22:13.429372Z --- GENERATING ADAPTIVE MCQ IN ENGLISH ---
2026-07-21T07:22:13.452169Z -> OpenRouter error (NotFoundError: Error code: 404 - {'error': {'message': 'This model is unavailable for free. The paid version is available now - use this slug instead: meta-llama/llama-3.3-70b-instruct', 'code': 404}, 'user_id': 'user_3FWg0Y7hFwr9mi6ZEJfwxiglC7C'}), trying next provider…
2026-07-21T07:22:13.452240Z -> LLM Error in Generator: All LLM providers failed (non-rate-limit errors). Check API keys and quotas.
2026-07-21T07:22:13.814627Z   ✓ Q4/5 saved (bank now 4)
2026-07-21T07:22:15.814887Z --- RETRIEVING SYLLABUS & STUDENT HISTORY in parallel: Kesultanan Melayu Melaka ---
2026-07-21T07:22:15.991660Z --- GENERATING ADAPTIVE MCQ IN ENGLISH ---
2026-07-21T07:22:16.035355Z -> OpenRouter error (NotFoundError: Error code: 404 - {'error': {'message': 'This model is unavailable for free. The paid version is available now - use this slug instead: meta-llama/llama-3.3-70b-instruct', 'code': 404}, 'user_id': 'user_3FWg0Y7hFwr9mi6ZEJfwxiglC7C'}), trying next provider…
2026-07-21T07:22:16.035417Z -> LLM Error in Generator: All LLM providers failed (non-rate-limit errors). Check API keys and quotas.
2026-07-21T07:22:16.407477Z   ✓ Q5/5 saved (bank now 5)
2026-07-21T07:22:18.407775Z [257/347] Sejarah — Kesultanan Melayu Melaka (Bahasa Melayu): generating 5 question(s)...
2026-07-21T07:22:18.407873Z --- RETRIEVING SYLLABUS & STUDENT HISTORY in parallel: Kesultanan Melayu Melaka ---
2026-07-21T07:22:18.590511Z --- GENERATING ADAPTIVE MCQ IN BAHASA MELAYU ---
2026-07-21T07:22:18.687090Z -> OpenRouter error (NotFoundError: Error code: 404 - {'error': {'message': 'This model is unavailable for free. The paid version is available now - use this slug instead: meta-llama/llama-3.3-70b-instruct', 'code': 404}, 'user_id': 'user_3FWg0Y7hFwr9mi6ZEJfwxiglC7C'}), trying next provider…
2026-07-21T07:22:18.687175Z -> LLM Error in Generator: All LLM providers failed (non-rate-limit errors). Check API keys and quotas.
2026-07-21T07:22:19.049145Z   ✓ Q1/5 saved (bank now 1)
2026-07-21T07:22:21.049449Z --- RETRIEVING SYLLABUS & STUDENT HISTORY in parallel: Kesultanan Melayu Melaka ---
2026-07-21T07:22:21.229389Z --- GENERATING ADAPTIVE MCQ IN BAHASA MELAYU ---
2026-07-21T07:22:21.254804Z -> OpenRouter error (NotFoundError: Error code: 404 - {'error': {'message': 'This model is unavailable for free. The paid version is available now - use this slug instead: meta-llama/llama-3.3-70b-instruct', 'code': 404}, 'user_id': 'user_3FWg0Y7hFwr9mi6ZEJfwxiglC7C'}), trying next provider…
2026-07-21T07:22:21.254876Z -> LLM Error in Generator: All LLM providers failed (non-rate-limit errors). Check API keys and quotas.
2026-07-21T07:22:21.612595Z   ✓ Q2/5 saved (bank now 2)
2026-07-21T07:22:23.612892Z --- RETRIEVING SYLLABUS & STUDENT HISTORY in parallel: Kesultanan Melayu Melaka ---
2026-07-21T07:22:23.799721Z --- GENERATING ADAPTIVE MCQ IN BAHASA MELAYU ---
2026-07-21T07:22:23.822515Z -> OpenRouter error (NotFoundError: Error code: 404 - {'error': {'message': 'This model is unavailable for free. The paid version is available now - use this slug instead: meta-llama/llama-3.3-70b-instruct', 'code': 404}, 'user_id': 'user_3FWg0Y7hFwr9mi6ZEJfwxiglC7C'}), trying next provider…
2026-07-21T07:22:23.822594Z -> LLM Error in Generator: All LLM providers failed (non-rate-limit errors). Check API keys and quotas.
2026-07-21T07:22:24.192432Z   ✓ Q3/5 saved (bank now 3)
2026-07-21T07:22:26.192605Z --- RETRIEVING SYLLABUS & STUDENT HISTORY in parallel: Kesultanan Melayu Melaka ---
2026-07-21T07:22:26.386673Z --- GENERATING ADAPTIVE MCQ IN BAHASA MELAYU ---
2026-07-21T07:22:26.408806Z -> OpenRouter error (NotFoundError: Error code: 404 - {'error': {'message': 'This model is unavailable for free. The paid version is available now - use this slug instead: meta-llama/llama-3.3-70b-instruct', 'code': 404}, 'user_id': 'user_3FWg0Y7hFwr9mi6ZEJfwxiglC7C'}), trying next provider…
2026-07-21T07:22:26.408879Z -> LLM Error in Generator: All LLM providers failed (non-rate-limit errors). Check API keys and quotas.
2026-07-21T07:22:26.803882Z   ✓ Q4/5 saved (bank now 4)
2026-07-21T07:22:28.804118Z --- RETRIEVING SYLLABUS & STUDENT HISTORY in parallel: Kesultanan Melayu Melaka ---
2026-07-21T07:22:28.998667Z --- GENERATING ADAPTIVE MCQ IN BAHASA MELAYU ---
2026-07-21T07:22:29.045792Z -> OpenRouter error (NotFoundError: Error code: 404 - {'error': {'message': 'This model is unavailable for free. The paid version is available now - use this slug instead: meta-llama/llama-3.3-70b-instruct', 'code': 404}, 'user_id': 'user_3FWg0Y7hFwr9mi6ZEJfwxiglC7C'}), trying next provider…
2026-07-21T07:22:29.045867Z -> LLM Error in Generator: All LLM providers failed (non-rate-limit errors). Check API keys and quotas.
2026-07-21T07:22:29.403895Z   ✓ Q5/5 saved (bank now 5)
2026-07-21T07:22:31.404125Z [258/347] Sejarah — Perkembangan di Eropah (English): generating 5 question(s)...
2026-07-21T07:22:31.404203Z --- RETRIEVING SYLLABUS & STUDENT HISTORY in parallel: Perkembangan di Eropah ---
2026-07-21T07:22:31.757172Z -> Retrieved 4 textbook chunk(s), 4 DSKP chunk(s)
2026-07-21T07:22:31.757750Z --- GENERATING ADAPTIVE MCQ IN ENGLISH ---
2026-07-21T07:22:31.794157Z -> OpenRouter error (NotFoundError: Error code: 404 - {'error': {'message': 'This model is unavailable for free. The paid version is available now - use this slug instead: meta-llama/llama-3.3-70b-instruct', 'code': 404}, 'user_id': 'user_3FWg0Y7hFwr9mi6ZEJfwxiglC7C'}), trying next provider…
2026-07-21T07:22:31.794230Z -> LLM Error in Generator: All LLM providers failed (non-rate-limit errors). Check API keys and quotas.
2026-07-21T07:22:32.167822Z   ✓ Q1/5 saved (bank now 1)
2026-07-21T07:22:34.168002Z --- RETRIEVING SYLLABUS & STUDENT HISTORY in parallel: Perkembangan di Eropah ---
2026-07-21T07:22:34.367358Z --- GENERATING ADAPTIVE MCQ IN ENGLISH ---
2026-07-21T07:22:34.393214Z -> OpenRouter error (NotFoundError: Error code: 404 - {'error': {'message': 'This model is unavailable for free. The paid version is available now - use this slug instead: meta-llama/llama-3.3-70b-instruct', 'code': 404}, 'user_id': 'user_3FWg0Y7hFwr9mi6ZEJfwxiglC7C'}), trying next provider…
2026-07-21T07:22:34.393270Z -> LLM Error in Generator: All LLM providers failed (non-rate-limit errors). Check API keys and quotas.
2026-07-21T07:22:34.761681Z   ✓ Q2/5 saved (bank now 2)
2026-07-21T07:22:36.761939Z --- RETRIEVING SYLLABUS & STUDENT HISTORY in parallel: Perkembangan di Eropah ---
2026-07-21T07:22:36.942705Z --- GENERATING ADAPTIVE MCQ IN ENGLISH ---
2026-07-21T07:22:36.970786Z -> OpenRouter error (NotFoundError: Error code: 404 - {'error': {'message': 'This model is unavailable for free. The paid version is available now - use this slug instead: meta-llama/llama-3.3-70b-instruct', 'code': 404}, 'user_id': 'user_3FWg0Y7hFwr9mi6ZEJfwxiglC7C'}), trying next provider…
2026-07-21T07:22:36.970870Z -> LLM Error in Generator: All LLM providers failed (non-rate-limit errors). Check API keys and quotas.
2026-07-21T07:22:37.361221Z   ✓ Q3/5 saved (bank now 3)
2026-07-21T07:22:39.361546Z --- RETRIEVING SYLLABUS & STUDENT HISTORY in parallel: Perkembangan di Eropah ---
2026-07-21T07:22:39.559501Z --- GENERATING ADAPTIVE MCQ IN ENGLISH ---
2026-07-21T07:22:39.596939Z -> OpenRouter error (NotFoundError: Error code: 404 - {'error': {'message': 'This model is unavailable for free. The paid version is available now - use this slug instead: meta-llama/llama-3.3-70b-instruct', 'code': 404}, 'user_id': 'user_3FWg0Y7hFwr9mi6ZEJfwxiglC7C'}), trying next provider…
2026-07-21T07:22:39.597010Z -> LLM Error in Generator: All LLM providers failed (non-rate-limit errors). Check API keys and quotas.
2026-07-21T07:22:39.957061Z   ✓ Q4/5 saved (bank now 4)
2026-07-21T07:22:41.957302Z --- RETRIEVING SYLLABUS & STUDENT HISTORY in parallel: Perkembangan di Eropah ---
2026-07-21T07:22:42.139919Z --- GENERATING ADAPTIVE MCQ IN ENGLISH ---
2026-07-21T07:22:42.173581Z -> OpenRouter error (NotFoundError: Error code: 404 - {'error': {'message': 'This model is unavailable for free. The paid version is available now - use this slug instead: meta-llama/llama-3.3-70b-instruct', 'code': 404}, 'user_id': 'user_3FWg0Y7hFwr9mi6ZEJfwxiglC7C'}), trying next provider…
2026-07-21T07:22:42.173671Z -> LLM Error in Generator: All LLM providers failed (non-rate-limit errors). Check API keys and quotas.
2026-07-21T07:22:42.562414Z   ✓ Q5/5 saved (bank now 5)
2026-07-21T07:22:44.562586Z [259/347] Sejarah — Perkembangan di Eropah (Bahasa Melayu): generating 5 question(s)...
2026-07-21T07:22:44.562682Z --- RETRIEVING SYLLABUS & STUDENT HISTORY in parallel: Perkembangan di Eropah ---
2026-07-21T07:22:44.759693Z --- GENERATING ADAPTIVE MCQ IN BAHASA MELAYU ---
2026-07-21T07:22:44.781752Z -> OpenRouter error (NotFoundError: Error code: 404 - {'error': {'message': 'This model is unavailable for free. The paid version is available now - use this slug instead: meta-llama/llama-3.3-70b-instruct', 'code': 404}, 'user_id': 'user_3FWg0Y7hFwr9mi6ZEJfwxiglC7C'}), trying next provider…
2026-07-21T07:22:44.781832Z -> LLM Error in Generator: All LLM providers failed (non-rate-limit errors). Check API keys and quotas.
2026-07-21T07:22:45.157884Z   ✓ Q1/5 saved (bank now 1)
2026-07-21T07:22:47.158108Z --- RETRIEVING SYLLABUS & STUDENT HISTORY in parallel: Perkembangan di Eropah ---
2026-07-21T07:22:47.336417Z --- GENERATING ADAPTIVE MCQ IN BAHASA MELAYU ---
2026-07-21T07:22:47.361747Z -> OpenRouter error (NotFoundError: Error code: 404 - {'error': {'message': 'This model is unavailable for free. The paid version is available now - use this slug instead: meta-llama/llama-3.3-70b-instruct', 'code': 404}, 'user_id': 'user_3FWg0Y7hFwr9mi6ZEJfwxiglC7C'}), trying next provider…
2026-07-21T07:22:47.361826Z -> LLM Error in Generator: All LLM providers failed (non-rate-limit errors). Check API keys and quotas.
2026-07-21T07:22:47.739672Z   ✓ Q2/5 saved (bank now 2)
2026-07-21T07:22:49.739896Z --- RETRIEVING SYLLABUS & STUDENT HISTORY in parallel: Perkembangan di Eropah ---
2026-07-21T07:22:49.930077Z --- GENERATING ADAPTIVE MCQ IN BAHASA MELAYU ---
2026-07-21T07:22:49.965402Z -> OpenRouter error (NotFoundError: Error code: 404 - {'error': {'message': 'This model is unavailable for free. The paid version is available now - use this slug instead: meta-llama/llama-3.3-70b-instruct', 'code': 404}, 'user_id': 'user_3FWg0Y7hFwr9mi6ZEJfwxiglC7C'}), trying next provider…
2026-07-21T07:22:49.965475Z -> LLM Error in Generator: All LLM providers failed (non-rate-limit errors). Check API keys and quotas.
2026-07-21T07:22:50.325738Z   ✓ Q3/5 saved (bank now 3)
2026-07-21T07:22:52.325981Z --- RETRIEVING SYLLABUS & STUDENT HISTORY in parallel: Perkembangan di Eropah ---
2026-07-21T07:22:52.521877Z --- GENERATING ADAPTIVE MCQ IN BAHASA MELAYU ---
2026-07-21T07:22:52.551525Z -> OpenRouter error (NotFoundError: Error code: 404 - {'error': {'message': 'This model is unavailable for free. The paid version is available now - use this slug instead: meta-llama/llama-3.3-70b-instruct', 'code': 404}, 'user_id': 'user_3FWg0Y7hFwr9mi6ZEJfwxiglC7C'}), trying next provider…
2026-07-21T07:22:52.551600Z -> LLM Error in Generator: All LLM providers failed (non-rate-limit errors). Check API keys and quotas.
2026-07-21T07:22:52.922904Z   ✓ Q4/5 saved (bank now 4)
2026-07-21T07:22:54.923193Z --- RETRIEVING SYLLABUS & STUDENT HISTORY in parallel: Perkembangan di Eropah ---
2026-07-21T07:22:55.121224Z --- GENERATING ADAPTIVE MCQ IN BAHASA MELAYU ---
2026-07-21T07:22:55.160173Z -> OpenRouter error (NotFoundError: Error code: 404 - {'error': {'message': 'This model is unavailable for free. The paid version is available now - use this slug instead: meta-llama/llama-3.3-70b-instruct', 'code': 404}, 'user_id': 'user_3FWg0Y7hFwr9mi6ZEJfwxiglC7C'}), trying next provider…
2026-07-21T07:22:55.160272Z -> LLM Error in Generator: All LLM providers failed (non-rate-limit errors). Check API keys and quotas.
2026-07-21T07:22:55.539650Z   ✓ Q5/5 saved (bank now 5)
2026-07-21T07:22:57.539878Z [260/347] Geografi — Bentuk Muka Bumi (English): generating 3 question(s)...
2026-07-21T07:22:57.539964Z --- RETRIEVING SYLLABUS & STUDENT HISTORY in parallel: Bentuk Muka Bumi ---
2026-07-21T07:22:58.179057Z -> Retrieved 5 textbook chunk(s), 3 DSKP chunk(s)
2026-07-21T07:22:58.179505Z --- GENERATING ADAPTIVE MCQ IN ENGLISH ---
2026-07-21T07:22:58.204526Z -> OpenRouter error (NotFoundError: Error code: 404 - {'error': {'message': 'This model is unavailable for free. The paid version is available now - use this slug instead: meta-llama/llama-3.3-70b-instruct', 'code': 404}, 'user_id': 'user_3FWg0Y7hFwr9mi6ZEJfwxiglC7C'}), trying next provider…
2026-07-21T07:22:58.204577Z -> LLM Error in Generator: All LLM providers failed (non-rate-limit errors). Check API keys and quotas.
2026-07-21T07:22:58.600442Z   ✓ Q1/3 saved (bank now 3)
2026-07-21T07:23:00.600662Z --- RETRIEVING SYLLABUS & STUDENT HISTORY in parallel: Bentuk Muka Bumi ---
2026-07-21T07:23:00.794161Z --- GENERATING ADAPTIVE MCQ IN ENGLISH ---
2026-07-21T07:23:00.863521Z -> OpenRouter error (NotFoundError: Error code: 404 - {'error': {'message': 'This model is unavailable for free. The paid version is available now - use this slug instead: meta-llama/llama-3.3-70b-instruct', 'code': 404}, 'user_id': 'user_3FWg0Y7hFwr9mi6ZEJfwxiglC7C'}), trying next provider…
2026-07-21T07:23:00.863587Z -> LLM Error in Generator: All LLM providers failed (non-rate-limit errors). Check API keys and quotas.
2026-07-21T07:23:01.236216Z   ✓ Q2/3 saved (bank now 4)
2026-07-21T07:23:03.236509Z --- RETRIEVING SYLLABUS & STUDENT HISTORY in parallel: Bentuk Muka Bumi ---
2026-07-21T07:23:03.427915Z --- GENERATING ADAPTIVE MCQ IN ENGLISH ---
2026-07-21T07:23:05.188341Z -> Cerebras: cooling for 65s.
2026-07-21T07:23:05.233859Z -> GroqCloud: cooling for 65s.
2026-07-21T07:23:05.335609Z -> OpenRouter error (NotFoundError: Error code: 404 - {'error': {'message': 'This model is unavailable for free. The paid version is available now - use this slug instead: meta-llama/llama-3.3-70b-instruct', 'code': 404}, 'user_id': 'user_3FWg0Y7hFwr9mi6ZEJfwxiglC7C'}), trying next provider…
2026-07-21T07:23:05.335692Z -> LLM Error in Generator: All LLM providers failed (non-rate-limit errors). Check API keys and quotas.
2026-07-21T07:23:05.731147Z   ✓ Q3/3 saved (bank now 5)
2026-07-21T07:23:07.731376Z [261/347] Geografi — Bentuk Muka Bumi (Bahasa Melayu): generating 5 question(s)...
2026-07-21T07:23:07.731432Z --- RETRIEVING SYLLABUS & STUDENT HISTORY in parallel: Bentuk Muka Bumi ---
2026-07-21T07:23:07.936158Z --- GENERATING ADAPTIVE MCQ IN BAHASA MELAYU ---
2026-07-21T07:23:07.956745Z -> OpenRouter error (NotFoundError: Error code: 404 - {'error': {'message': 'This model is unavailable for free. The paid version is available now - use this slug instead: meta-llama/llama-3.3-70b-instruct', 'code': 404}, 'user_id': 'user_3FWg0Y7hFwr9mi6ZEJfwxiglC7C'}), trying next provider…
2026-07-21T07:23:07.956834Z -> LLM Error in Generator: All LLM providers failed (non-rate-limit errors). Check API keys and quotas.
2026-07-21T07:23:08.337642Z   ✓ Q1/5 saved (bank now 1)
2026-07-21T07:23:10.337846Z --- RETRIEVING SYLLABUS & STUDENT HISTORY in parallel: Bentuk Muka Bumi ---
2026-07-21T07:23:10.519641Z --- GENERATING ADAPTIVE MCQ IN BAHASA MELAYU ---
2026-07-21T07:23:10.542489Z -> OpenRouter error (NotFoundError: Error code: 404 - {'error': {'message': 'This model is unavailable for free. The paid version is available now - use this slug instead: meta-llama/llama-3.3-70b-instruct', 'code': 404}, 'user_id': 'user_3FWg0Y7hFwr9mi6ZEJfwxiglC7C'}), trying next provider…
2026-07-21T07:23:10.542522Z -> LLM Error in Generator: All LLM providers failed (non-rate-limit errors). Check API keys and quotas.
2026-07-21T07:23:10.926304Z   ✓ Q2/5 saved (bank now 2)
2026-07-21T07:23:12.926592Z --- RETRIEVING SYLLABUS & STUDENT HISTORY in parallel: Bentuk Muka Bumi ---
2026-07-21T07:23:13.112452Z --- GENERATING ADAPTIVE MCQ IN BAHASA MELAYU ---
2026-07-21T07:23:13.146393Z -> OpenRouter error (NotFoundError: Error code: 404 - {'error': {'message': 'This model is unavailable for free. The paid version is available now - use this slug instead: meta-llama/llama-3.3-70b-instruct', 'code': 404}, 'user_id': 'user_3FWg0Y7hFwr9mi6ZEJfwxiglC7C'}), trying next provider…
2026-07-21T07:23:13.146455Z -> LLM Error in Generator: All LLM providers failed (non-rate-limit errors). Check API keys and quotas.
2026-07-21T07:23:13.520218Z   ✓ Q3/5 saved (bank now 3)
2026-07-21T07:23:15.520419Z --- RETRIEVING SYLLABUS & STUDENT HISTORY in parallel: Bentuk Muka Bumi ---
2026-07-21T07:23:15.714797Z --- GENERATING ADAPTIVE MCQ IN BAHASA MELAYU ---
2026-07-21T07:23:15.750807Z -> OpenRouter error (NotFoundError: Error code: 404 - {'error': {'message': 'This model is unavailable for free. The paid version is available now - use this slug instead: meta-llama/llama-3.3-70b-instruct', 'code': 404}, 'user_id': 'user_3FWg0Y7hFwr9mi6ZEJfwxiglC7C'}), trying next provider…
2026-07-21T07:23:15.750868Z -> LLM Error in Generator: All LLM providers failed (non-rate-limit errors). Check API keys and quotas.
2026-07-21T07:23:16.119375Z   ✓ Q4/5 saved (bank now 4)
2026-07-21T07:23:18.119674Z --- RETRIEVING SYLLABUS & STUDENT HISTORY in parallel: Bentuk Muka Bumi ---
2026-07-21T07:23:18.329874Z --- GENERATING ADAPTIVE MCQ IN BAHASA MELAYU ---
2026-07-21T07:23:18.353144Z -> OpenRouter error (NotFoundError: Error code: 404 - {'error': {'message': 'This model is unavailable for free. The paid version is available now - use this slug instead: meta-llama/llama-3.3-70b-instruct', 'code': 404}, 'user_id': 'user_3FWg0Y7hFwr9mi6ZEJfwxiglC7C'}), trying next provider…
2026-07-21T07:23:18.353206Z -> LLM Error in Generator: All LLM providers failed (non-rate-limit errors). Check API keys and quotas.
2026-07-21T07:23:18.771805Z   ✓ Q5/5 saved (bank now 5)
2026-07-21T07:23:20.772070Z [262/347] Geografi — Cuaca dan Iklim (English): generating 3 question(s)...
2026-07-21T07:23:20.772147Z --- RETRIEVING SYLLABUS & STUDENT HISTORY in parallel: Cuaca dan Iklim ---
2026-07-21T07:23:21.223047Z -> Retrieved 2 textbook chunk(s), 6 DSKP chunk(s)
2026-07-21T07:23:21.224375Z --- GENERATING ADAPTIVE MCQ IN ENGLISH ---
2026-07-21T07:23:21.254850Z -> OpenRouter error (NotFoundError: Error code: 404 - {'error': {'message': 'This model is unavailable for free. The paid version is available now - use this slug instead: meta-llama/llama-3.3-70b-instruct', 'code': 404}, 'user_id': 'user_3FWg0Y7hFwr9mi6ZEJfwxiglC7C'}), trying next provider…
2026-07-21T07:23:21.254929Z -> LLM Error in Generator: All LLM providers failed (non-rate-limit errors). Check API keys and quotas.
2026-07-21T07:23:21.641058Z   ✓ Q1/3 saved (bank now 3)
2026-07-21T07:23:23.641257Z --- RETRIEVING SYLLABUS & STUDENT HISTORY in parallel: Cuaca dan Iklim ---
2026-07-21T07:23:23.831624Z --- GENERATING ADAPTIVE MCQ IN ENGLISH ---
2026-07-21T07:23:23.877816Z -> OpenRouter error (NotFoundError: Error code: 404 - {'error': {'message': 'This model is unavailable for free. The paid version is available now - use this slug instead: meta-llama/llama-3.3-70b-instruct', 'code': 404}, 'user_id': 'user_3FWg0Y7hFwr9mi6ZEJfwxiglC7C'}), trying next provider…
2026-07-21T07:23:23.877916Z -> LLM Error in Generator: All LLM providers failed (non-rate-limit errors). Check API keys and quotas.
2026-07-21T07:23:24.265491Z   ✓ Q2/3 saved (bank now 4)
2026-07-21T07:23:26.265736Z --- RETRIEVING SYLLABUS & STUDENT HISTORY in parallel: Cuaca dan Iklim ---
2026-07-21T07:23:26.456969Z --- GENERATING ADAPTIVE MCQ IN ENGLISH ---
2026-07-21T07:23:26.488969Z -> OpenRouter error (NotFoundError: Error code: 404 - {'error': {'message': 'This model is unavailable for free. The paid version is available now - use this slug instead: meta-llama/llama-3.3-70b-instruct', 'code': 404}, 'user_id': 'user_3FWg0Y7hFwr9mi6ZEJfwxiglC7C'}), trying next provider…
2026-07-21T07:23:26.489079Z -> LLM Error in Generator: All LLM providers failed (non-rate-limit errors). Check API keys and quotas.
2026-07-21T07:23:26.866956Z   ✓ Q3/3 saved (bank now 5)
2026-07-21T07:23:28.867204Z [263/347] Geografi — Cuaca dan Iklim (Bahasa Melayu): generating 5 question(s)...
2026-07-21T07:23:28.867288Z --- RETRIEVING SYLLABUS & STUDENT HISTORY in parallel: Cuaca dan Iklim ---
2026-07-21T07:23:29.059714Z --- GENERATING ADAPTIVE MCQ IN BAHASA MELAYU ---
2026-07-21T07:23:29.083568Z -> OpenRouter error (NotFoundError: Error code: 404 - {'error': {'message': 'This model is unavailable for free. The paid version is available now - use this slug instead: meta-llama/llama-3.3-70b-instruct', 'code': 404}, 'user_id': 'user_3FWg0Y7hFwr9mi6ZEJfwxiglC7C'}), trying next provider…
2026-07-21T07:23:29.083645Z -> LLM Error in Generator: All LLM providers failed (non-rate-limit errors). Check API keys and quotas.
2026-07-21T07:23:29.454069Z   ✓ Q1/5 saved (bank now 1)
2026-07-21T07:23:31.454436Z --- RETRIEVING SYLLABUS & STUDENT HISTORY in parallel: Cuaca dan Iklim ---
2026-07-21T07:23:31.639034Z --- GENERATING ADAPTIVE MCQ IN BAHASA MELAYU ---
2026-07-21T07:23:31.709668Z -> OpenRouter error (NotFoundError: Error code: 404 - {'error': {'message': 'This model is unavailable for free. The paid version is available now - use this slug instead: meta-llama/llama-3.3-70b-instruct', 'code': 404}, 'user_id': 'user_3FWg0Y7hFwr9mi6ZEJfwxiglC7C'}), trying next provider…
2026-07-21T07:23:31.709761Z -> LLM Error in Generator: All LLM providers failed (non-rate-limit errors). Check API keys and quotas.
2026-07-21T07:23:32.070267Z   ✓ Q2/5 saved (bank now 2)
2026-07-21T07:23:34.070511Z --- RETRIEVING SYLLABUS & STUDENT HISTORY in parallel: Cuaca dan Iklim ---
2026-07-21T07:23:34.266694Z --- GENERATING ADAPTIVE MCQ IN BAHASA MELAYU ---
2026-07-21T07:23:34.349866Z -> OpenRouter error (NotFoundError: Error code: 404 - {'error': {'message': 'This model is unavailable for free. The paid version is available now - use this slug instead: meta-llama/llama-3.3-70b-instruct', 'code': 404}, 'user_id': 'user_3FWg0Y7hFwr9mi6ZEJfwxiglC7C'}), trying next provider…
2026-07-21T07:23:34.349922Z -> LLM Error in Generator: All LLM providers failed (non-rate-limit errors). Check API keys and quotas.
2026-07-21T07:23:34.717893Z   ✓ Q3/5 saved (bank now 3)
2026-07-21T07:23:36.718173Z --- RETRIEVING SYLLABUS & STUDENT HISTORY in parallel: Cuaca dan Iklim ---
2026-07-21T07:23:36.923377Z --- GENERATING ADAPTIVE MCQ IN BAHASA MELAYU ---
2026-07-21T07:23:36.969766Z -> OpenRouter error (NotFoundError: Error code: 404 - {'error': {'message': 'This model is unavailable for free. The paid version is available now - use this slug instead: meta-llama/llama-3.3-70b-instruct', 'code': 404}, 'user_id': 'user_3FWg0Y7hFwr9mi6ZEJfwxiglC7C'}), trying next provider…
2026-07-21T07:23:36.969845Z -> LLM Error in Generator: All LLM providers failed (non-rate-limit errors). Check API keys and quotas.
2026-07-21T07:23:37.355297Z   ✓ Q4/5 saved (bank now 4)
2026-07-21T07:23:39.355582Z --- RETRIEVING SYLLABUS & STUDENT HISTORY in parallel: Cuaca dan Iklim ---
2026-07-21T07:23:39.559958Z --- GENERATING ADAPTIVE MCQ IN BAHASA MELAYU ---
2026-07-21T07:23:39.582060Z -> OpenRouter error (NotFoundError: Error code: 404 - {'error': {'message': 'This model is unavailable for free. The paid version is available now - use this slug instead: meta-llama/llama-3.3-70b-instruct', 'code': 404}, 'user_id': 'user_3FWg0Y7hFwr9mi6ZEJfwxiglC7C'}), trying next provider…
2026-07-21T07:23:39.582144Z -> LLM Error in Generator: All LLM providers failed (non-rate-limit errors). Check API keys and quotas.
2026-07-21T07:23:39.960719Z   ✓ Q5/5 saved (bank now 5)
2026-07-21T07:23:41.960922Z [264/347] Geografi — Penduduk (English): generating 4 question(s)...
2026-07-21T07:23:41.961011Z --- RETRIEVING SYLLABUS & STUDENT HISTORY in parallel: Penduduk ---
2026-07-21T07:23:42.318799Z -> Retrieved 2 textbook chunk(s), 6 DSKP chunk(s)
2026-07-21T07:23:42.319387Z --- GENERATING ADAPTIVE MCQ IN ENGLISH ---
2026-07-21T07:23:42.351424Z -> OpenRouter error (NotFoundError: Error code: 404 - {'error': {'message': 'This model is unavailable for free. The paid version is available now - use this slug instead: meta-llama/llama-3.3-70b-instruct', 'code': 404}, 'user_id': 'user_3FWg0Y7hFwr9mi6ZEJfwxiglC7C'}), trying next provider…
2026-07-21T07:23:42.351498Z -> LLM Error in Generator: All LLM providers failed (non-rate-limit errors). Check API keys and quotas.
2026-07-21T07:23:42.733609Z   ✓ Q1/4 saved (bank now 2)
2026-07-21T07:23:44.733867Z --- RETRIEVING SYLLABUS & STUDENT HISTORY in parallel: Penduduk ---
2026-07-21T07:23:44.928135Z --- GENERATING ADAPTIVE MCQ IN ENGLISH ---
2026-07-21T07:23:44.962091Z -> OpenRouter error (NotFoundError: Error code: 404 - {'error': {'message': 'This model is unavailable for free. The paid version is available now - use this slug instead: meta-llama/llama-3.3-70b-instruct', 'code': 404}, 'user_id': 'user_3FWg0Y7hFwr9mi6ZEJfwxiglC7C'}), trying next provider…
2026-07-21T07:23:44.962159Z -> LLM Error in Generator: All LLM providers failed (non-rate-limit errors). Check API keys and quotas.
2026-07-21T07:23:45.330627Z   ✓ Q2/4 saved (bank now 3)
2026-07-21T07:23:47.330873Z --- RETRIEVING SYLLABUS & STUDENT HISTORY in parallel: Penduduk ---
2026-07-21T07:23:47.513685Z --- GENERATING ADAPTIVE MCQ IN ENGLISH ---
2026-07-21T07:23:47.555721Z -> OpenRouter error (NotFoundError: Error code: 404 - {'error': {'message': 'This model is unavailable for free. The paid version is available now - use this slug instead: meta-llama/llama-3.3-70b-instruct', 'code': 404}, 'user_id': 'user_3FWg0Y7hFwr9mi6ZEJfwxiglC7C'}), trying next provider…
2026-07-21T07:23:47.555804Z -> LLM Error in Generator: All LLM providers failed (non-rate-limit errors). Check API keys and quotas.
2026-07-21T07:23:47.930293Z   ✓ Q3/4 saved (bank now 4)
2026-07-21T07:23:49.930530Z --- RETRIEVING SYLLABUS & STUDENT HISTORY in parallel: Penduduk ---
2026-07-21T07:23:50.123354Z --- GENERATING ADAPTIVE MCQ IN ENGLISH ---
2026-07-21T07:23:50.169141Z -> OpenRouter error (NotFoundError: Error code: 404 - {'error': {'message': 'This model is unavailable for free. The paid version is available now - use this slug instead: meta-llama/llama-3.3-70b-instruct', 'code': 404}, 'user_id': 'user_3FWg0Y7hFwr9mi6ZEJfwxiglC7C'}), trying next provider…
2026-07-21T07:23:50.169244Z -> LLM Error in Generator: All LLM providers failed (non-rate-limit errors). Check API keys and quotas.
2026-07-21T07:23:50.536128Z   ✓ Q4/4 saved (bank now 5)
2026-07-21T07:23:52.536384Z [265/347] Geografi — Penduduk (Bahasa Melayu): generating 5 question(s)...
2026-07-21T07:23:52.536490Z --- RETRIEVING SYLLABUS & STUDENT HISTORY in parallel: Penduduk ---
2026-07-21T07:23:52.719948Z --- GENERATING ADAPTIVE MCQ IN BAHASA MELAYU ---
2026-07-21T07:23:52.751159Z -> OpenRouter error (NotFoundError: Error code: 404 - {'error': {'message': 'This model is unavailable for free. The paid version is available now - use this slug instead: meta-llama/llama-3.3-70b-instruct', 'code': 404}, 'user_id': 'user_3FWg0Y7hFwr9mi6ZEJfwxiglC7C'}), trying next provider…
2026-07-21T07:23:52.751231Z -> LLM Error in Generator: All LLM providers failed (non-rate-limit errors). Check API keys and quotas.
2026-07-21T07:23:53.127780Z   ✓ Q1/5 saved (bank now 1)
2026-07-21T07:23:55.128000Z --- RETRIEVING SYLLABUS & STUDENT HISTORY in parallel: Penduduk ---
2026-07-21T07:23:55.313367Z --- GENERATING ADAPTIVE MCQ IN BAHASA MELAYU ---
2026-07-21T07:23:55.344480Z -> OpenRouter error (NotFoundError: Error code: 404 - {'error': {'message': 'This model is unavailable for free. The paid version is available now - use this slug instead: meta-llama/llama-3.3-70b-instruct', 'code': 404}, 'user_id': 'user_3FWg0Y7hFwr9mi6ZEJfwxiglC7C'}), trying next provider…
2026-07-21T07:23:55.344553Z -> LLM Error in Generator: All LLM providers failed (non-rate-limit errors). Check API keys and quotas.
2026-07-21T07:23:55.730548Z   ✓ Q2/5 saved (bank now 2)
2026-07-21T07:23:57.730731Z --- RETRIEVING SYLLABUS & STUDENT HISTORY in parallel: Penduduk ---
2026-07-21T07:23:57.906668Z --- GENERATING ADAPTIVE MCQ IN BAHASA MELAYU ---
2026-07-21T07:23:58.157997Z -> OpenRouter error (NotFoundError: Error code: 404 - {'error': {'message': 'This model is unavailable for free. The paid version is available now - use this slug instead: meta-llama/llama-3.3-70b-instruct', 'code': 404}, 'user_id': 'user_3FWg0Y7hFwr9mi6ZEJfwxiglC7C'}), trying next provider…
2026-07-21T07:23:58.158079Z -> LLM Error in Generator: All LLM providers failed (non-rate-limit errors). Check API keys and quotas.
2026-07-21T07:23:58.596556Z   ✓ Q3/5 saved (bank now 3)
2026-07-21T07:24:00.596801Z --- RETRIEVING SYLLABUS & STUDENT HISTORY in parallel: Penduduk ---
2026-07-21T07:24:00.779121Z --- GENERATING ADAPTIVE MCQ IN BAHASA MELAYU ---
2026-07-21T07:24:00.803054Z -> OpenRouter error (NotFoundError: Error code: 404 - {'error': {'message': 'This model is unavailable for free. The paid version is available now - use this slug instead: meta-llama/llama-3.3-70b-instruct', 'code': 404}, 'user_id': 'user_3FWg0Y7hFwr9mi6ZEJfwxiglC7C'}), trying next provider…
2026-07-21T07:24:00.803136Z -> LLM Error in Generator: All LLM providers failed (non-rate-limit errors). Check API keys and quotas.
2026-07-21T07:24:01.184504Z   ✓ Q4/5 saved (bank now 4)
2026-07-21T07:24:03.184701Z --- RETRIEVING SYLLABUS & STUDENT HISTORY in parallel: Penduduk ---
2026-07-21T07:24:03.370272Z --- GENERATING ADAPTIVE MCQ IN BAHASA MELAYU ---
2026-07-21T07:24:03.434279Z -> OpenRouter error (NotFoundError: Error code: 404 - {'error': {'message': 'This model is unavailable for free. The paid version is available now - use this slug instead: meta-llama/llama-3.3-70b-instruct', 'code': 404}, 'user_id': 'user_3FWg0Y7hFwr9mi6ZEJfwxiglC7C'}), trying next provider…
2026-07-21T07:24:03.434396Z -> LLM Error in Generator: All LLM providers failed (non-rate-limit errors). Check API keys and quotas.
2026-07-21T07:24:03.807385Z   ✓ Q5/5 saved (bank now 5)
2026-07-21T07:24:05.807767Z [266/347] Geografi — Petempatan (English): generating 5 question(s)...
2026-07-21T07:24:05.807862Z --- RETRIEVING SYLLABUS & STUDENT HISTORY in parallel: Petempatan ---
2026-07-21T07:24:06.146641Z -> Retrieved 0 textbook chunk(s), 8 DSKP chunk(s)
2026-07-21T07:24:06.147203Z --- GENERATING ADAPTIVE MCQ IN ENGLISH ---
2026-07-21T07:24:06.520397Z -> OpenRouter error (NotFoundError: Error code: 404 - {'error': {'message': 'This model is unavailable for free. The paid version is available now - use this slug instead: meta-llama/llama-3.3-70b-instruct', 'code': 404}, 'user_id': 'user_3FWg0Y7hFwr9mi6ZEJfwxiglC7C'}), trying next provider…
2026-07-21T07:24:06.520509Z -> LLM Error in Generator: All LLM providers failed (non-rate-limit errors). Check API keys and quotas.
2026-07-21T07:24:06.897718Z   ✓ Q1/5 saved (bank now 1)
2026-07-21T07:24:08.897980Z --- RETRIEVING SYLLABUS & STUDENT HISTORY in parallel: Petempatan ---
2026-07-21T07:24:09.079916Z --- GENERATING ADAPTIVE MCQ IN ENGLISH ---
2026-07-21T07:24:09.100253Z -> OpenRouter error (NotFoundError: Error code: 404 - {'error': {'message': 'This model is unavailable for free. The paid version is available now - use this slug instead: meta-llama/llama-3.3-70b-instruct', 'code': 404}, 'user_id': 'user_3FWg0Y7hFwr9mi6ZEJfwxiglC7C'}), trying next provider…
2026-07-21T07:24:09.100363Z -> LLM Error in Generator: All LLM providers failed (non-rate-limit errors). Check API keys and quotas.
2026-07-21T07:24:09.469941Z   ✓ Q2/5 saved (bank now 2)
2026-07-21T07:24:11.470165Z --- RETRIEVING SYLLABUS & STUDENT HISTORY in parallel: Petempatan ---
2026-07-21T07:24:11.657395Z --- GENERATING ADAPTIVE MCQ IN ENGLISH ---
2026-07-21T07:24:13.456184Z -> Cerebras: cooling for 65s.
2026-07-21T07:24:15.221299Z   ✓ Q3/5 saved (bank now 3)
2026-07-21T07:24:17.221465Z --- RETRIEVING SYLLABUS & STUDENT HISTORY in parallel: Petempatan ---
2026-07-21T07:24:17.411056Z --- GENERATING ADAPTIVE MCQ IN ENGLISH ---
2026-07-21T07:24:17.427877Z -> GroqCloud: cooling for 65s.
2026-07-21T07:24:17.464213Z -> OpenRouter error (NotFoundError: Error code: 404 - {'error': {'message': 'This model is unavailable for free. The paid version is available now - use this slug instead: meta-llama/llama-3.3-70b-instruct', 'code': 404}, 'user_id': 'user_3FWg0Y7hFwr9mi6ZEJfwxiglC7C'}), trying next provider…
2026-07-21T07:24:17.464286Z -> LLM Error in Generator: All LLM providers failed (non-rate-limit errors). Check API keys and quotas.
2026-07-21T07:24:17.839386Z   ✓ Q4/5 saved (bank now 4)
2026-07-21T07:24:19.839565Z --- RETRIEVING SYLLABUS & STUDENT HISTORY in parallel: Petempatan ---
2026-07-21T07:24:20.035374Z --- GENERATING ADAPTIVE MCQ IN ENGLISH ---
2026-07-21T07:24:20.052913Z -> OpenRouter error (NotFoundError: Error code: 404 - {'error': {'message': 'This model is unavailable for free. The paid version is available now - use this slug instead: meta-llama/llama-3.3-70b-instruct', 'code': 404}, 'user_id': 'user_3FWg0Y7hFwr9mi6ZEJfwxiglC7C'}), trying next provider…
2026-07-21T07:24:20.052989Z -> LLM Error in Generator: All LLM providers failed (non-rate-limit errors). Check API keys and quotas.
2026-07-21T07:24:20.422159Z   ✓ Q5/5 saved (bank now 5)
2026-07-21T07:24:22.422410Z [267/347] Geografi — Petempatan (Bahasa Melayu): generating 5 question(s)...
2026-07-21T07:24:22.422550Z --- RETRIEVING SYLLABUS & STUDENT HISTORY in parallel: Petempatan ---
2026-07-21T07:24:22.618196Z --- GENERATING ADAPTIVE MCQ IN BAHASA MELAYU ---
2026-07-21T07:24:22.634375Z -> OpenRouter error (NotFoundError: Error code: 404 - {'error': {'message': 'This model is unavailable for free. The paid version is available now - use this slug instead: meta-llama/llama-3.3-70b-instruct', 'code': 404}, 'user_id': 'user_3FWg0Y7hFwr9mi6ZEJfwxiglC7C'}), trying next provider…
2026-07-21T07:24:22.634460Z -> LLM Error in Generator: All LLM providers failed (non-rate-limit errors). Check API keys and quotas.
2026-07-21T07:24:23.010280Z   ✓ Q1/5 saved (bank now 1)
2026-07-21T07:24:25.010471Z --- RETRIEVING SYLLABUS & STUDENT HISTORY in parallel: Petempatan ---
2026-07-21T07:24:25.202340Z --- GENERATING ADAPTIVE MCQ IN BAHASA MELAYU ---
2026-07-21T07:24:25.222189Z -> OpenRouter error (NotFoundError: Error code: 404 - {'error': {'message': 'This model is unavailable for free. The paid version is available now - use this slug instead: meta-llama/llama-3.3-70b-instruct', 'code': 404}, 'user_id': 'user_3FWg0Y7hFwr9mi6ZEJfwxiglC7C'}), trying next provider…
2026-07-21T07:24:25.222271Z -> LLM Error in Generator: All LLM providers failed (non-rate-limit errors). Check API keys and quotas.
2026-07-21T07:24:25.601844Z   ✓ Q2/5 saved (bank now 2)
2026-07-21T07:24:27.602134Z --- RETRIEVING SYLLABUS & STUDENT HISTORY in parallel: Petempatan ---
2026-07-21T07:24:27.804783Z --- GENERATING ADAPTIVE MCQ IN BAHASA MELAYU ---
2026-07-21T07:24:27.830164Z -> OpenRouter error (NotFoundError: Error code: 404 - {'error': {'message': 'This model is unavailable for free. The paid version is available now - use this slug instead: meta-llama/llama-3.3-70b-instruct', 'code': 404}, 'user_id': 'user_3FWg0Y7hFwr9mi6ZEJfwxiglC7C'}), trying next provider…
2026-07-21T07:24:27.830249Z -> LLM Error in Generator: All LLM providers failed (non-rate-limit errors). Check API keys and quotas.
2026-07-21T07:24:28.198298Z   ✓ Q3/5 saved (bank now 3)
2026-07-21T07:24:30.198576Z --- RETRIEVING SYLLABUS & STUDENT HISTORY in parallel: Petempatan ---
2026-07-21T07:24:30.396793Z --- GENERATING ADAPTIVE MCQ IN BAHASA MELAYU ---
2026-07-21T07:24:30.416382Z -> OpenRouter error (NotFoundError: Error code: 404 - {'error': {'message': 'This model is unavailable for free. The paid version is available now - use this slug instead: meta-llama/llama-3.3-70b-instruct', 'code': 404}, 'user_id': 'user_3FWg0Y7hFwr9mi6ZEJfwxiglC7C'}), trying next provider…
2026-07-21T07:24:30.416469Z -> LLM Error in Generator: All LLM providers failed (non-rate-limit errors). Check API keys and quotas.
2026-07-21T07:24:30.801400Z   ✓ Q4/5 saved (bank now 4)
2026-07-21T07:24:32.801606Z --- RETRIEVING SYLLABUS & STUDENT HISTORY in parallel: Petempatan ---
2026-07-21T07:24:32.997091Z --- GENERATING ADAPTIVE MCQ IN BAHASA MELAYU ---
2026-07-21T07:24:33.015614Z -> OpenRouter error (NotFoundError: Error code: 404 - {'error': {'message': 'This model is unavailable for free. The paid version is available now - use this slug instead: meta-llama/llama-3.3-70b-instruct', 'code': 404}, 'user_id': 'user_3FWg0Y7hFwr9mi6ZEJfwxiglC7C'}), trying next provider…
2026-07-21T07:24:33.015694Z -> LLM Error in Generator: All LLM providers failed (non-rate-limit errors). Check API keys and quotas.
2026-07-21T07:24:33.387947Z   ✓ Q5/5 saved (bank now 5)
2026-07-21T07:24:35.388195Z [268/347] Geografi — Sumber dan Aktiviti Ekonomi (English): generating 5 question(s)...
2026-07-21T07:24:35.388266Z --- RETRIEVING SYLLABUS & STUDENT HISTORY in parallel: Sumber dan Aktiviti Ekonomi ---
2026-07-21T07:24:35.710972Z -> Retrieved 1 textbook chunk(s), 7 DSKP chunk(s)
2026-07-21T07:24:35.711495Z --- GENERATING ADAPTIVE MCQ IN ENGLISH ---
2026-07-21T07:24:35.738492Z -> OpenRouter error (NotFoundError: Error code: 404 - {'error': {'message': 'This model is unavailable for free. The paid version is available now - use this slug instead: meta-llama/llama-3.3-70b-instruct', 'code': 404}, 'user_id': 'user_3FWg0Y7hFwr9mi6ZEJfwxiglC7C'}), trying next provider…
2026-07-21T07:24:35.738557Z -> LLM Error in Generator: All LLM providers failed (non-rate-limit errors). Check API keys and quotas.
2026-07-21T07:24:36.124909Z   ✓ Q1/5 saved (bank now 1)
2026-07-21T07:24:38.125246Z --- RETRIEVING SYLLABUS & STUDENT HISTORY in parallel: Sumber dan Aktiviti Ekonomi ---
2026-07-21T07:24:38.306259Z --- GENERATING ADAPTIVE MCQ IN ENGLISH ---
2026-07-21T07:24:38.323773Z -> OpenRouter error (NotFoundError: Error code: 404 - {'error': {'message': 'This model is unavailable for free. The paid version is available now - use this slug instead: meta-llama/llama-3.3-70b-instruct', 'code': 404}, 'user_id': 'user_3FWg0Y7hFwr9mi6ZEJfwxiglC7C'}), trying next provider…
2026-07-21T07:24:38.323850Z -> LLM Error in Generator: All LLM providers failed (non-rate-limit errors). Check API keys and quotas.
2026-07-21T07:24:38.701673Z   ✓ Q2/5 saved (bank now 2)
2026-07-21T07:24:40.701872Z --- RETRIEVING SYLLABUS & STUDENT HISTORY in parallel: Sumber dan Aktiviti Ekonomi ---
2026-07-21T07:24:40.885779Z --- GENERATING ADAPTIVE MCQ IN ENGLISH ---
2026-07-21T07:24:40.907937Z -> OpenRouter error (NotFoundError: Error code: 404 - {'error': {'message': 'This model is unavailable for free. The paid version is available now - use this slug instead: meta-llama/llama-3.3-70b-instruct', 'code': 404}, 'user_id': 'user_3FWg0Y7hFwr9mi6ZEJfwxiglC7C'}), trying next provider…
2026-07-21T07:24:40.908017Z -> LLM Error in Generator: All LLM providers failed (non-rate-limit errors). Check API keys and quotas.
2026-07-21T07:24:41.288378Z   ✓ Q3/5 saved (bank now 3)
2026-07-21T07:24:43.288637Z --- RETRIEVING SYLLABUS & STUDENT HISTORY in parallel: Sumber dan Aktiviti Ekonomi ---
2026-07-21T07:24:43.481257Z --- GENERATING ADAPTIVE MCQ IN ENGLISH ---
2026-07-21T07:24:43.502289Z -> OpenRouter error (NotFoundError: Error code: 404 - {'error': {'message': 'This model is unavailable for free. The paid version is available now - use this slug instead: meta-llama/llama-3.3-70b-instruct', 'code': 404}, 'user_id': 'user_3FWg0Y7hFwr9mi6ZEJfwxiglC7C'}), trying next provider…
2026-07-21T07:24:43.502401Z -> LLM Error in Generator: All LLM providers failed (non-rate-limit errors). Check API keys and quotas.
2026-07-21T07:24:43.890205Z   ✓ Q4/5 saved (bank now 4)
2026-07-21T07:24:45.890505Z --- RETRIEVING SYLLABUS & STUDENT HISTORY in parallel: Sumber dan Aktiviti Ekonomi ---
2026-07-21T07:24:46.069546Z --- GENERATING ADAPTIVE MCQ IN ENGLISH ---
2026-07-21T07:24:46.092793Z -> OpenRouter error (NotFoundError: Error code: 404 - {'error': {'message': 'This model is unavailable for free. The paid version is available now - use this slug instead: meta-llama/llama-3.3-70b-instruct', 'code': 404}, 'user_id': 'user_3FWg0Y7hFwr9mi6ZEJfwxiglC7C'}), trying next provider…
2026-07-21T07:24:46.092847Z -> LLM Error in Generator: All LLM providers failed (non-rate-limit errors). Check API keys and quotas.
2026-07-21T07:24:46.458694Z   ✓ Q5/5 saved (bank now 5)
2026-07-21T07:24:48.458866Z [269/347] Geografi — Sumber dan Aktiviti Ekonomi (Bahasa Melayu): generating 5 question(s)...
2026-07-21T07:24:48.458934Z --- RETRIEVING SYLLABUS & STUDENT HISTORY in parallel: Sumber dan Aktiviti Ekonomi ---
2026-07-21T07:24:48.635333Z --- GENERATING ADAPTIVE MCQ IN BAHASA MELAYU ---
2026-07-21T07:24:48.871008Z -> OpenRouter error (NotFoundError: Error code: 404 - {'error': {'message': 'This model is unavailable for free. The paid version is available now - use this slug instead: meta-llama/llama-3.3-70b-instruct', 'code': 404}, 'user_id': 'user_3FWg0Y7hFwr9mi6ZEJfwxiglC7C'}), trying next provider…
2026-07-21T07:24:48.871106Z -> LLM Error in Generator: All LLM providers failed (non-rate-limit errors). Check API keys and quotas.
2026-07-21T07:24:49.287902Z   ✓ Q1/5 saved (bank now 1)
2026-07-21T07:24:51.288074Z --- RETRIEVING SYLLABUS & STUDENT HISTORY in parallel: Sumber dan Aktiviti Ekonomi ---
2026-07-21T07:24:51.475117Z --- GENERATING ADAPTIVE MCQ IN BAHASA MELAYU ---
2026-07-21T07:24:51.496518Z -> OpenRouter error (NotFoundError: Error code: 404 - {'error': {'message': 'This model is unavailable for free. The paid version is available now - use this slug instead: meta-llama/llama-3.3-70b-instruct', 'code': 404}, 'user_id': 'user_3FWg0Y7hFwr9mi6ZEJfwxiglC7C'}), trying next provider…
2026-07-21T07:24:51.496578Z -> LLM Error in Generator: All LLM providers failed (non-rate-limit errors). Check API keys and quotas.
2026-07-21T07:24:51.858657Z   ✓ Q2/5 saved (bank now 2)
2026-07-21T07:24:53.858910Z --- RETRIEVING SYLLABUS & STUDENT HISTORY in parallel: Sumber dan Aktiviti Ekonomi ---
2026-07-21T07:24:54.049348Z --- GENERATING ADAPTIVE MCQ IN BAHASA MELAYU ---
2026-07-21T07:24:54.079263Z -> OpenRouter error (NotFoundError: Error code: 404 - {'error': {'message': 'This model is unavailable for free. The paid version is available now - use this slug instead: meta-llama/llama-3.3-70b-instruct', 'code': 404}, 'user_id': 'user_3FWg0Y7hFwr9mi6ZEJfwxiglC7C'}), trying next provider…
2026-07-21T07:24:54.079383Z -> LLM Error in Generator: All LLM providers failed (non-rate-limit errors). Check API keys and quotas.
2026-07-21T07:24:54.443942Z   ✓ Q3/5 saved (bank now 3)
2026-07-21T07:24:56.444237Z --- RETRIEVING SYLLABUS & STUDENT HISTORY in parallel: Sumber dan Aktiviti Ekonomi ---
2026-07-21T07:24:56.650395Z --- GENERATING ADAPTIVE MCQ IN BAHASA MELAYU ---
2026-07-21T07:24:56.681575Z -> OpenRouter error (NotFoundError: Error code: 404 - {'error': {'message': 'This model is unavailable for free. The paid version is available now - use this slug instead: meta-llama/llama-3.3-70b-instruct', 'code': 404}, 'user_id': 'user_3FWg0Y7hFwr9mi6ZEJfwxiglC7C'}), trying next provider…
2026-07-21T07:24:56.681662Z -> LLM Error in Generator: All LLM providers failed (non-rate-limit errors). Check API keys and quotas.
2026-07-21T07:24:57.070728Z   ✓ Q4/5 saved (bank now 4)
2026-07-21T07:24:59.071066Z --- RETRIEVING SYLLABUS & STUDENT HISTORY in parallel: Sumber dan Aktiviti Ekonomi ---
2026-07-21T07:24:59.254048Z --- GENERATING ADAPTIVE MCQ IN BAHASA MELAYU ---
2026-07-21T07:24:59.280786Z -> OpenRouter error (NotFoundError: Error code: 404 - {'error': {'message': 'This model is unavailable for free. The paid version is available now - use this slug instead: meta-llama/llama-3.3-70b-instruct', 'code': 404}, 'user_id': 'user_3FWg0Y7hFwr9mi6ZEJfwxiglC7C'}), trying next provider…
2026-07-21T07:24:59.280882Z -> LLM Error in Generator: All LLM providers failed (non-rate-limit errors). Check API keys and quotas.
2026-07-21T07:24:59.664146Z   ✓ Q5/5 saved (bank now 5)
2026-07-21T07:25:01.664414Z [270/347] Geografi — Pembangunan Wilayah (English): generating 5 question(s)...
2026-07-21T07:25:01.664515Z --- RETRIEVING SYLLABUS & STUDENT HISTORY in parallel: Pembangunan Wilayah ---
2026-07-21T07:25:01.949296Z -> Retrieved 0 textbook chunk(s), 8 DSKP chunk(s)
2026-07-21T07:25:01.950033Z --- GENERATING ADAPTIVE MCQ IN ENGLISH ---
2026-07-21T07:25:01.976273Z -> OpenRouter error (NotFoundError: Error code: 404 - {'error': {'message': 'This model is unavailable for free. The paid version is available now - use this slug instead: meta-llama/llama-3.3-70b-instruct', 'code': 404}, 'user_id': 'user_3FWg0Y7hFwr9mi6ZEJfwxiglC7C'}), trying next provider…
2026-07-21T07:25:01.976401Z -> LLM Error in Generator: All LLM providers failed (non-rate-limit errors). Check API keys and quotas.
2026-07-21T07:25:02.390597Z   ✓ Q1/5 saved (bank now 1)
2026-07-21T07:25:04.390753Z --- RETRIEVING SYLLABUS & STUDENT HISTORY in parallel: Pembangunan Wilayah ---
2026-07-21T07:25:04.581383Z --- GENERATING ADAPTIVE MCQ IN ENGLISH ---
2026-07-21T07:25:04.671922Z -> OpenRouter error (NotFoundError: Error code: 404 - {'error': {'message': 'This model is unavailable for free. The paid version is available now - use this slug instead: meta-llama/llama-3.3-70b-instruct', 'code': 404}, 'user_id': 'user_3FWg0Y7hFwr9mi6ZEJfwxiglC7C'}), trying next provider…
2026-07-21T07:25:04.671977Z -> LLM Error in Generator: All LLM providers failed (non-rate-limit errors). Check API keys and quotas.
2026-07-21T07:25:05.064765Z   ✓ Q2/5 saved (bank now 2)
2026-07-21T07:25:07.064980Z --- RETRIEVING SYLLABUS & STUDENT HISTORY in parallel: Pembangunan Wilayah ---
2026-07-21T07:25:07.252273Z --- GENERATING ADAPTIVE MCQ IN ENGLISH ---
2026-07-21T07:25:07.284167Z -> OpenRouter error (NotFoundError: Error code: 404 - {'error': {'message': 'This model is unavailable for free. The paid version is available now - use this slug instead: meta-llama/llama-3.3-70b-instruct', 'code': 404}, 'user_id': 'user_3FWg0Y7hFwr9mi6ZEJfwxiglC7C'}), trying next provider…
2026-07-21T07:25:07.284242Z -> LLM Error in Generator: All LLM providers failed (non-rate-limit errors). Check API keys and quotas.
2026-07-21T07:25:07.650180Z   ✓ Q3/5 saved (bank now 3)
2026-07-21T07:25:09.650392Z --- RETRIEVING SYLLABUS & STUDENT HISTORY in parallel: Pembangunan Wilayah ---
2026-07-21T07:25:09.830031Z --- GENERATING ADAPTIVE MCQ IN ENGLISH ---
2026-07-21T07:25:09.850171Z -> OpenRouter error (NotFoundError: Error code: 404 - {'error': {'message': 'This model is unavailable for free. The paid version is available now - use this slug instead: meta-llama/llama-3.3-70b-instruct', 'code': 404}, 'user_id': 'user_3FWg0Y7hFwr9mi6ZEJfwxiglC7C'}), trying next provider…
2026-07-21T07:25:09.850241Z -> LLM Error in Generator: All LLM providers failed (non-rate-limit errors). Check API keys and quotas.
2026-07-21T07:25:10.236121Z   ✓ Q4/5 saved (bank now 4)
2026-07-21T07:25:12.236378Z --- RETRIEVING SYLLABUS & STUDENT HISTORY in parallel: Pembangunan Wilayah ---
2026-07-21T07:25:12.429890Z --- GENERATING ADAPTIVE MCQ IN ENGLISH ---
2026-07-21T07:25:12.450824Z -> OpenRouter error (NotFoundError: Error code: 404 - {'error': {'message': 'This model is unavailable for free. The paid version is available now - use this slug instead: meta-llama/llama-3.3-70b-instruct', 'code': 404}, 'user_id': 'user_3FWg0Y7hFwr9mi6ZEJfwxiglC7C'}), trying next provider…
2026-07-21T07:25:12.450901Z -> LLM Error in Generator: All LLM providers failed (non-rate-limit errors). Check API keys and quotas.
2026-07-21T07:25:12.812965Z   ✓ Q5/5 saved (bank now 5)
2026-07-21T07:25:14.813116Z [271/347] Geografi — Pembangunan Wilayah (Bahasa Melayu): generating 5 question(s)...
2026-07-21T07:25:14.813207Z --- RETRIEVING SYLLABUS & STUDENT HISTORY in parallel: Pembangunan Wilayah ---
2026-07-21T07:25:15.007177Z --- GENERATING ADAPTIVE MCQ IN BAHASA MELAYU ---
2026-07-21T07:25:15.031132Z -> OpenRouter error (NotFoundError: Error code: 404 - {'error': {'message': 'This model is unavailable for free. The paid version is available now - use this slug instead: meta-llama/llama-3.3-70b-instruct', 'code': 404}, 'user_id': 'user_3FWg0Y7hFwr9mi6ZEJfwxiglC7C'}), trying next provider…
2026-07-21T07:25:15.031210Z -> LLM Error in Generator: All LLM providers failed (non-rate-limit errors). Check API keys and quotas.
2026-07-21T07:25:15.407548Z   ✓ Q1/5 saved (bank now 1)
2026-07-21T07:25:17.407744Z --- RETRIEVING SYLLABUS & STUDENT HISTORY in parallel: Pembangunan Wilayah ---
2026-07-21T07:25:17.586695Z --- GENERATING ADAPTIVE MCQ IN BAHASA MELAYU ---
2026-07-21T07:25:18.022079Z -> OpenRouter error (NotFoundError: Error code: 404 - {'error': {'message': 'This model is unavailable for free. The paid version is available now - use this slug instead: meta-llama/llama-3.3-70b-instruct', 'code': 404}, 'user_id': 'user_3FWg0Y7hFwr9mi6ZEJfwxiglC7C'}), trying next provider…
2026-07-21T07:25:18.022161Z -> LLM Error in Generator: All LLM providers failed (non-rate-limit errors). Check API keys and quotas.
2026-07-21T07:25:18.400356Z   ✓ Q2/5 saved (bank now 2)
2026-07-21T07:25:20.400597Z --- RETRIEVING SYLLABUS & STUDENT HISTORY in parallel: Pembangunan Wilayah ---
2026-07-21T07:25:20.587101Z --- GENERATING ADAPTIVE MCQ IN BAHASA MELAYU ---
2026-07-21T07:25:22.324681Z -> Cerebras: cooling for 65s.
2026-07-21T07:25:22.351103Z -> OpenRouter error (NotFoundError: Error code: 404 - {'error': {'message': 'This model is unavailable for free. The paid version is available now - use this slug instead: meta-llama/llama-3.3-70b-instruct', 'code': 404}, 'user_id': 'user_3FWg0Y7hFwr9mi6ZEJfwxiglC7C'}), trying next provider…
2026-07-21T07:25:22.351185Z -> LLM Error in Generator: All LLM providers failed (non-rate-limit errors). Check API keys and quotas.
2026-07-21T07:25:22.726865Z   ✓ Q3/5 saved (bank now 3)
2026-07-21T07:25:24.727164Z --- RETRIEVING SYLLABUS & STUDENT HISTORY in parallel: Pembangunan Wilayah ---
2026-07-21T07:25:24.909232Z --- GENERATING ADAPTIVE MCQ IN BAHASA MELAYU ---
2026-07-21T07:25:24.948540Z -> GroqCloud: cooling for 65s.
2026-07-21T07:25:24.975811Z -> OpenRouter error (NotFoundError: Error code: 404 - {'error': {'message': 'This model is unavailable for free. The paid version is available now - use this slug instead: meta-llama/llama-3.3-70b-instruct', 'code': 404}, 'user_id': 'user_3FWg0Y7hFwr9mi6ZEJfwxiglC7C'}), trying next provider…
2026-07-21T07:25:24.975877Z -> LLM Error in Generator: All LLM providers failed (non-rate-limit errors). Check API keys and quotas.
2026-07-21T07:25:25.349365Z   ✓ Q4/5 saved (bank now 4)
2026-07-21T07:25:27.349622Z --- RETRIEVING SYLLABUS & STUDENT HISTORY in parallel: Pembangunan Wilayah ---
2026-07-21T07:25:27.532146Z --- GENERATING ADAPTIVE MCQ IN BAHASA MELAYU ---
2026-07-21T07:25:27.549096Z -> OpenRouter error (NotFoundError: Error code: 404 - {'error': {'message': 'This model is unavailable for free. The paid version is available now - use this slug instead: meta-llama/llama-3.3-70b-instruct', 'code': 404}, 'user_id': 'user_3FWg0Y7hFwr9mi6ZEJfwxiglC7C'}), trying next provider…
2026-07-21T07:25:27.549169Z -> LLM Error in Generator: All LLM providers failed (non-rate-limit errors). Check API keys and quotas.
2026-07-21T07:25:27.929901Z   ✓ Q5/5 saved (bank now 5)
2026-07-21T07:25:29.930123Z [272/347] Geografi — Alam Sekitar dan Kelestarian (English): generating 5 question(s)...
2026-07-21T07:25:29.930186Z --- RETRIEVING SYLLABUS & STUDENT HISTORY in parallel: Alam Sekitar dan Kelestarian ---
2026-07-21T07:25:30.295192Z -> Retrieved 6 textbook chunk(s), 2 DSKP chunk(s)
2026-07-21T07:25:30.295897Z --- GENERATING ADAPTIVE MCQ IN ENGLISH ---
2026-07-21T07:25:30.314888Z -> OpenRouter error (NotFoundError: Error code: 404 - {'error': {'message': 'This model is unavailable for free. The paid version is available now - use this slug instead: meta-llama/llama-3.3-70b-instruct', 'code': 404}, 'user_id': 'user_3FWg0Y7hFwr9mi6ZEJfwxiglC7C'}), trying next provider…
2026-07-21T07:25:30.314964Z -> LLM Error in Generator: All LLM providers failed (non-rate-limit errors). Check API keys and quotas.
2026-07-21T07:25:30.699124Z   ✓ Q1/5 saved (bank now 1)
2026-07-21T07:25:32.699270Z --- RETRIEVING SYLLABUS & STUDENT HISTORY in parallel: Alam Sekitar dan Kelestarian ---
2026-07-21T07:25:32.888943Z --- GENERATING ADAPTIVE MCQ IN ENGLISH ---
2026-07-21T07:25:33.042741Z -> OpenRouter error (NotFoundError: Error code: 404 - {'error': {'message': 'This model is unavailable for free. The paid version is available now - use this slug instead: meta-llama/llama-3.3-70b-instruct', 'code': 404}, 'user_id': 'user_3FWg0Y7hFwr9mi6ZEJfwxiglC7C'}), trying next provider…
2026-07-21T07:25:33.042821Z -> LLM Error in Generator: All LLM providers failed (non-rate-limit errors). Check API keys and quotas.
2026-07-21T07:25:33.421601Z   ✓ Q2/5 saved (bank now 2)
2026-07-21T07:25:35.421773Z --- RETRIEVING SYLLABUS & STUDENT HISTORY in parallel: Alam Sekitar dan Kelestarian ---
2026-07-21T07:25:35.607135Z --- GENERATING ADAPTIVE MCQ IN ENGLISH ---
2026-07-21T07:25:35.625935Z -> OpenRouter error (NotFoundError: Error code: 404 - {'error': {'message': 'This model is unavailable for free. The paid version is available now - use this slug instead: meta-llama/llama-3.3-70b-instruct', 'code': 404}, 'user_id': 'user_3FWg0Y7hFwr9mi6ZEJfwxiglC7C'}), trying next provider…
2026-07-21T07:25:35.626004Z -> LLM Error in Generator: All LLM providers failed (non-rate-limit errors). Check API keys and quotas.
2026-07-21T07:25:36.005377Z   ✓ Q3/5 saved (bank now 3)
2026-07-21T07:25:38.005587Z --- RETRIEVING SYLLABUS & STUDENT HISTORY in parallel: Alam Sekitar dan Kelestarian ---
2026-07-21T07:25:38.198576Z --- GENERATING ADAPTIVE MCQ IN ENGLISH ---
2026-07-21T07:25:38.812531Z -> OpenRouter error (NotFoundError: Error code: 404 - {'error': {'message': 'This model is unavailable for free. The paid version is available now - use this slug instead: meta-llama/llama-3.3-70b-instruct', 'code': 404}, 'user_id': 'user_3FWg0Y7hFwr9mi6ZEJfwxiglC7C'}), trying next provider…
2026-07-21T07:25:38.812631Z -> LLM Error in Generator: All LLM providers failed (non-rate-limit errors). Check API keys and quotas.
2026-07-21T07:25:39.204589Z   ✓ Q4/5 saved (bank now 4)
2026-07-21T07:25:41.204728Z --- RETRIEVING SYLLABUS & STUDENT HISTORY in parallel: Alam Sekitar dan Kelestarian ---
2026-07-21T07:25:41.390060Z --- GENERATING ADAPTIVE MCQ IN ENGLISH ---
2026-07-21T07:25:41.410166Z -> OpenRouter error (NotFoundError: Error code: 404 - {'error': {'message': 'This model is unavailable for free. The paid version is available now - use this slug instead: meta-llama/llama-3.3-70b-instruct', 'code': 404}, 'user_id': 'user_3FWg0Y7hFwr9mi6ZEJfwxiglC7C'}), trying next provider…
2026-07-21T07:25:41.410228Z -> LLM Error in Generator: All LLM providers failed (non-rate-limit errors). Check API keys and quotas.
2026-07-21T07:25:41.781888Z   ✓ Q5/5 saved (bank now 5)
2026-07-21T07:25:43.782176Z [273/347] Geografi — Alam Sekitar dan Kelestarian (Bahasa Melayu): generating 5 question(s)...
2026-07-21T07:25:43.782275Z --- RETRIEVING SYLLABUS & STUDENT HISTORY in parallel: Alam Sekitar dan Kelestarian ---
2026-07-21T07:25:43.966744Z --- GENERATING ADAPTIVE MCQ IN BAHASA MELAYU ---
2026-07-21T07:25:43.989477Z -> OpenRouter error (NotFoundError: Error code: 404 - {'error': {'message': 'This model is unavailable for free. The paid version is available now - use this slug instead: meta-llama/llama-3.3-70b-instruct', 'code': 404}, 'user_id': 'user_3FWg0Y7hFwr9mi6ZEJfwxiglC7C'}), trying next provider…
2026-07-21T07:25:43.989536Z -> LLM Error in Generator: All LLM providers failed (non-rate-limit errors). Check API keys and quotas.
2026-07-21T07:25:44.377992Z   ✓ Q1/5 saved (bank now 1)
2026-07-21T07:25:46.378191Z --- RETRIEVING SYLLABUS & STUDENT HISTORY in parallel: Alam Sekitar dan Kelestarian ---
2026-07-21T07:25:46.568764Z --- GENERATING ADAPTIVE MCQ IN BAHASA MELAYU ---
2026-07-21T07:25:46.588019Z -> OpenRouter error (NotFoundError: Error code: 404 - {'error': {'message': 'This model is unavailable for free. The paid version is available now - use this slug instead: meta-llama/llama-3.3-70b-instruct', 'code': 404}, 'user_id': 'user_3FWg0Y7hFwr9mi6ZEJfwxiglC7C'}), trying next provider…
2026-07-21T07:25:46.588090Z -> LLM Error in Generator: All LLM providers failed (non-rate-limit errors). Check API keys and quotas.
2026-07-21T07:25:46.964506Z   ✓ Q2/5 saved (bank now 2)
2026-07-21T07:25:48.964900Z --- RETRIEVING SYLLABUS & STUDENT HISTORY in parallel: Alam Sekitar dan Kelestarian ---
2026-07-21T07:25:49.156778Z --- GENERATING ADAPTIVE MCQ IN BAHASA MELAYU ---
2026-07-21T07:25:49.178709Z -> OpenRouter error (NotFoundError: Error code: 404 - {'error': {'message': 'This model is unavailable for free. The paid version is available now - use this slug instead: meta-llama/llama-3.3-70b-instruct', 'code': 404}, 'user_id': 'user_3FWg0Y7hFwr9mi6ZEJfwxiglC7C'}), trying next provider…
2026-07-21T07:25:49.178783Z -> LLM Error in Generator: All LLM providers failed (non-rate-limit errors). Check API keys and quotas.
2026-07-21T07:25:49.585638Z   ✓ Q3/5 saved (bank now 3)
2026-07-21T07:25:51.585792Z --- RETRIEVING SYLLABUS & STUDENT HISTORY in parallel: Alam Sekitar dan Kelestarian ---
2026-07-21T07:25:51.768665Z --- GENERATING ADAPTIVE MCQ IN BAHASA MELAYU ---
2026-07-21T07:25:51.787655Z -> OpenRouter error (NotFoundError: Error code: 404 - {'error': {'message': 'This model is unavailable for free. The paid version is available now - use this slug instead: meta-llama/llama-3.3-70b-instruct', 'code': 404}, 'user_id': 'user_3FWg0Y7hFwr9mi6ZEJfwxiglC7C'}), trying next provider…
2026-07-21T07:25:51.787731Z -> LLM Error in Generator: All LLM providers failed (non-rate-limit errors). Check API keys and quotas.
2026-07-21T07:25:52.148337Z   ✓ Q4/5 saved (bank now 4)
2026-07-21T07:25:54.148599Z --- RETRIEVING SYLLABUS & STUDENT HISTORY in parallel: Alam Sekitar dan Kelestarian ---
2026-07-21T07:25:54.338910Z --- GENERATING ADAPTIVE MCQ IN BAHASA MELAYU ---
2026-07-21T07:25:54.363786Z -> OpenRouter error (NotFoundError: Error code: 404 - {'error': {'message': 'This model is unavailable for free. The paid version is available now - use this slug instead: meta-llama/llama-3.3-70b-instruct', 'code': 404}, 'user_id': 'user_3FWg0Y7hFwr9mi6ZEJfwxiglC7C'}), trying next provider…
2026-07-21T07:25:54.363874Z -> LLM Error in Generator: All LLM providers failed (non-rate-limit errors). Check API keys and quotas.
2026-07-21T07:25:54.768293Z   ✓ Q5/5 saved (bank now 5)
2026-07-21T07:25:56.768598Z [274/347] Pendidikan Moral — Nilai Kemanusiaan (English): generating 4 question(s)...
2026-07-21T07:25:56.768676Z --- RETRIEVING SYLLABUS & STUDENT HISTORY in parallel: Nilai Kemanusiaan ---
2026-07-21T07:25:57.211451Z -> Retrieved 0 textbook chunk(s), 8 DSKP chunk(s)
2026-07-21T07:25:57.211910Z --- GENERATING ADAPTIVE MCQ IN ENGLISH ---
2026-07-21T07:25:57.229500Z -> OpenRouter error (NotFoundError: Error code: 404 - {'error': {'message': 'This model is unavailable for free. The paid version is available now - use this slug instead: meta-llama/llama-3.3-70b-instruct', 'code': 404}, 'user_id': 'user_3FWg0Y7hFwr9mi6ZEJfwxiglC7C'}), trying next provider…
2026-07-21T07:25:57.229576Z -> LLM Error in Generator: All LLM providers failed (non-rate-limit errors). Check API keys and quotas.
2026-07-21T07:25:57.611041Z   ✓ Q1/4 saved (bank now 2)
2026-07-21T07:25:59.611294Z --- RETRIEVING SYLLABUS & STUDENT HISTORY in parallel: Nilai Kemanusiaan ---
2026-07-21T07:25:59.806371Z --- GENERATING ADAPTIVE MCQ IN ENGLISH ---
2026-07-21T07:25:59.824985Z -> OpenRouter error (NotFoundError: Error code: 404 - {'error': {'message': 'This model is unavailable for free. The paid version is available now - use this slug instead: meta-llama/llama-3.3-70b-instruct', 'code': 404}, 'user_id': 'user_3FWg0Y7hFwr9mi6ZEJfwxiglC7C'}), trying next provider…
2026-07-21T07:25:59.825071Z -> LLM Error in Generator: All LLM providers failed (non-rate-limit errors). Check API keys and quotas.
2026-07-21T07:26:00.253078Z   ✓ Q2/4 saved (bank now 3)
2026-07-21T07:26:02.253240Z --- RETRIEVING SYLLABUS & STUDENT HISTORY in parallel: Nilai Kemanusiaan ---
2026-07-21T07:26:02.461234Z --- GENERATING ADAPTIVE MCQ IN ENGLISH ---
2026-07-21T07:26:02.485738Z -> OpenRouter error (NotFoundError: Error code: 404 - {'error': {'message': 'This model is unavailable for free. The paid version is available now - use this slug instead: meta-llama/llama-3.3-70b-instruct', 'code': 404}, 'user_id': 'user_3FWg0Y7hFwr9mi6ZEJfwxiglC7C'}), trying next provider…
2026-07-21T07:26:02.485820Z -> LLM Error in Generator: All LLM providers failed (non-rate-limit errors). Check API keys and quotas.
2026-07-21T07:26:02.855692Z   ✓ Q3/4 saved (bank now 4)
2026-07-21T07:26:04.855925Z --- RETRIEVING SYLLABUS & STUDENT HISTORY in parallel: Nilai Kemanusiaan ---
2026-07-21T07:26:05.051114Z --- GENERATING ADAPTIVE MCQ IN ENGLISH ---
2026-07-21T07:26:05.075284Z -> OpenRouter error (NotFoundError: Error code: 404 - {'error': {'message': 'This model is unavailable for free. The paid version is available now - use this slug instead: meta-llama/llama-3.3-70b-instruct', 'code': 404}, 'user_id': 'user_3FWg0Y7hFwr9mi6ZEJfwxiglC7C'}), trying next provider…
2026-07-21T07:26:05.075367Z -> LLM Error in Generator: All LLM providers failed (non-rate-limit errors). Check API keys and quotas.
2026-07-21T07:26:05.471670Z   ✓ Q4/4 saved (bank now 5)
2026-07-21T07:26:07.471868Z [275/347] Pendidikan Moral — Nilai Kemanusiaan (Bahasa Melayu): generating 5 question(s)...
2026-07-21T07:26:07.471947Z --- RETRIEVING SYLLABUS & STUDENT HISTORY in parallel: Nilai Kemanusiaan ---
2026-07-21T07:26:07.677517Z --- GENERATING ADAPTIVE MCQ IN BAHASA MELAYU ---
2026-07-21T07:26:07.694084Z -> OpenRouter error (NotFoundError: Error code: 404 - {'error': {'message': 'This model is unavailable for free. The paid version is available now - use this slug instead: meta-llama/llama-3.3-70b-instruct', 'code': 404}, 'user_id': 'user_3FWg0Y7hFwr9mi6ZEJfwxiglC7C'}), trying next provider…
2026-07-21T07:26:07.694148Z -> LLM Error in Generator: All LLM providers failed (non-rate-limit errors). Check API keys and quotas.
2026-07-21T07:26:08.096924Z   ✓ Q1/5 saved (bank now 1)
2026-07-21T07:26:10.097197Z --- RETRIEVING SYLLABUS & STUDENT HISTORY in parallel: Nilai Kemanusiaan ---
2026-07-21T07:26:10.286061Z --- GENERATING ADAPTIVE MCQ IN BAHASA MELAYU ---
2026-07-21T07:26:10.303631Z -> OpenRouter error (NotFoundError: Error code: 404 - {'error': {'message': 'This model is unavailable for free. The paid version is available now - use this slug instead: meta-llama/llama-3.3-70b-instruct', 'code': 404}, 'user_id': 'user_3FWg0Y7hFwr9mi6ZEJfwxiglC7C'}), trying next provider…
2026-07-21T07:26:10.303712Z -> LLM Error in Generator: All LLM providers failed (non-rate-limit errors). Check API keys and quotas.
2026-07-21T07:26:10.670421Z   ✓ Q2/5 saved (bank now 2)
2026-07-21T07:26:12.670725Z --- RETRIEVING SYLLABUS & STUDENT HISTORY in parallel: Nilai Kemanusiaan ---
2026-07-21T07:26:12.862638Z --- GENERATING ADAPTIVE MCQ IN BAHASA MELAYU ---
2026-07-21T07:26:12.949398Z -> OpenRouter error (NotFoundError: Error code: 404 - {'error': {'message': 'This model is unavailable for free. The paid version is available now - use this slug instead: meta-llama/llama-3.3-70b-instruct', 'code': 404}, 'user_id': 'user_3FWg0Y7hFwr9mi6ZEJfwxiglC7C'}), trying next provider…
2026-07-21T07:26:12.949488Z -> LLM Error in Generator: All LLM providers failed (non-rate-limit errors). Check API keys and quotas.
2026-07-21T07:26:13.346077Z   ✓ Q3/5 saved (bank now 3)
2026-07-21T07:26:15.346246Z --- RETRIEVING SYLLABUS & STUDENT HISTORY in parallel: Nilai Kemanusiaan ---
2026-07-21T07:26:15.532931Z --- GENERATING ADAPTIVE MCQ IN BAHASA MELAYU ---
2026-07-21T07:26:15.836835Z -> OpenRouter error (NotFoundError: Error code: 404 - {'error': {'message': 'This model is unavailable for free. The paid version is available now - use this slug instead: meta-llama/llama-3.3-70b-instruct', 'code': 404}, 'user_id': 'user_3FWg0Y7hFwr9mi6ZEJfwxiglC7C'}), trying next provider…
2026-07-21T07:26:15.836899Z -> LLM Error in Generator: All LLM providers failed (non-rate-limit errors). Check API keys and quotas.
2026-07-21T07:26:16.208643Z   ✓ Q4/5 saved (bank now 4)
2026-07-21T07:26:18.208985Z --- RETRIEVING SYLLABUS & STUDENT HISTORY in parallel: Nilai Kemanusiaan ---
2026-07-21T07:26:18.400541Z --- GENERATING ADAPTIVE MCQ IN BAHASA MELAYU ---
2026-07-21T07:26:18.431109Z -> OpenRouter error (NotFoundError: Error code: 404 - {'error': {'message': 'This model is unavailable for free. The paid version is available now - use this slug instead: meta-llama/llama-3.3-70b-instruct', 'code': 404}, 'user_id': 'user_3FWg0Y7hFwr9mi6ZEJfwxiglC7C'}), trying next provider…
2026-07-21T07:26:18.431198Z -> LLM Error in Generator: All LLM providers failed (non-rate-limit errors). Check API keys and quotas.
2026-07-21T07:26:18.803477Z   ✓ Q5/5 saved (bank now 5)
2026-07-21T07:26:20.803747Z [276/347] Pendidikan Moral — Hak Asasi Manusia (English): generating 4 question(s)...
2026-07-21T07:26:20.803841Z --- RETRIEVING SYLLABUS & STUDENT HISTORY in parallel: Hak Asasi Manusia ---
2026-07-21T07:26:21.226095Z -> Retrieved 0 textbook chunk(s), 8 DSKP chunk(s)
2026-07-21T07:26:21.226757Z --- GENERATING ADAPTIVE MCQ IN ENGLISH ---
2026-07-21T07:26:21.245131Z -> OpenRouter error (NotFoundError: Error code: 404 - {'error': {'message': 'This model is unavailable for free. The paid version is available now - use this slug instead: meta-llama/llama-3.3-70b-instruct', 'code': 404}, 'user_id': 'user_3FWg0Y7hFwr9mi6ZEJfwxiglC7C'}), trying next provider…
2026-07-21T07:26:21.245210Z -> LLM Error in Generator: All LLM providers failed (non-rate-limit errors). Check API keys and quotas.
2026-07-21T07:26:21.626907Z   ✓ Q1/4 saved (bank now 2)
2026-07-21T07:26:23.627115Z --- RETRIEVING SYLLABUS & STUDENT HISTORY in parallel: Hak Asasi Manusia ---
2026-07-21T07:26:23.804991Z --- GENERATING ADAPTIVE MCQ IN ENGLISH ---
2026-07-21T07:26:23.837527Z -> OpenRouter error (NotFoundError: Error code: 404 - {'error': {'message': 'This model is unavailable for free. The paid version is available now - use this slug instead: meta-llama/llama-3.3-70b-instruct', 'code': 404}, 'user_id': 'user_3FWg0Y7hFwr9mi6ZEJfwxiglC7C'}), trying next provider…
2026-07-21T07:26:23.837615Z -> LLM Error in Generator: All LLM providers failed (non-rate-limit errors). Check API keys and quotas.
2026-07-21T07:26:24.218521Z   ✓ Q2/4 saved (bank now 3)
2026-07-21T07:26:26.218800Z --- RETRIEVING SYLLABUS & STUDENT HISTORY in parallel: Hak Asasi Manusia ---
2026-07-21T07:26:26.401143Z --- GENERATING ADAPTIVE MCQ IN ENGLISH ---
2026-07-21T07:26:26.435099Z -> OpenRouter error (NotFoundError: Error code: 404 - {'error': {'message': 'This model is unavailable for free. The paid version is available now - use this slug instead: meta-llama/llama-3.3-70b-instruct', 'code': 404}, 'user_id': 'user_3FWg0Y7hFwr9mi6ZEJfwxiglC7C'}), trying next provider…
2026-07-21T07:26:26.435174Z -> LLM Error in Generator: All LLM providers failed (non-rate-limit errors). Check API keys and quotas.
2026-07-21T07:26:26.805852Z   ✓ Q3/4 saved (bank now 4)
2026-07-21T07:26:28.806080Z --- RETRIEVING SYLLABUS & STUDENT HISTORY in parallel: Hak Asasi Manusia ---
2026-07-21T07:26:28.994416Z --- GENERATING ADAPTIVE MCQ IN ENGLISH ---
2026-07-21T07:26:32.236958Z   ✓ Q4/4 saved (bank now 5)
2026-07-21T07:26:34.237199Z [277/347] Pendidikan Moral — Hak Asasi Manusia (Bahasa Melayu): generating 5 question(s)...
2026-07-21T07:26:34.237264Z --- RETRIEVING SYLLABUS & STUDENT HISTORY in parallel: Hak Asasi Manusia ---
2026-07-21T07:26:34.433968Z --- GENERATING ADAPTIVE MCQ IN BAHASA MELAYU ---
2026-07-21T07:26:36.250887Z -> Cerebras: cooling for 65s.
2026-07-21T07:26:36.285765Z -> GroqCloud: cooling for 65s.
2026-07-21T07:26:36.330896Z -> OpenRouter error (NotFoundError: Error code: 404 - {'error': {'message': 'This model is unavailable for free. The paid version is available now - use this slug instead: meta-llama/llama-3.3-70b-instruct', 'code': 404}, 'user_id': 'user_3FWg0Y7hFwr9mi6ZEJfwxiglC7C'}), trying next provider…
2026-07-21T07:26:36.330971Z -> LLM Error in Generator: All LLM providers failed (non-rate-limit errors). Check API keys and quotas.
2026-07-21T07:26:36.691058Z   ✓ Q1/5 saved (bank now 1)
2026-07-21T07:26:38.691300Z --- RETRIEVING SYLLABUS & STUDENT HISTORY in parallel: Hak Asasi Manusia ---
2026-07-21T07:26:38.895367Z --- GENERATING ADAPTIVE MCQ IN BAHASA MELAYU ---
2026-07-21T07:26:39.301845Z -> OpenRouter error (NotFoundError: Error code: 404 - {'error': {'message': 'This model is unavailable for free. The paid version is available now - use this slug instead: meta-llama/llama-3.3-70b-instruct', 'code': 404}, 'user_id': 'user_3FWg0Y7hFwr9mi6ZEJfwxiglC7C'}), trying next provider…
2026-07-21T07:26:39.301897Z -> LLM Error in Generator: All LLM providers failed (non-rate-limit errors). Check API keys and quotas.
2026-07-21T07:26:39.682628Z   ✓ Q2/5 saved (bank now 2)
2026-07-21T07:26:41.682918Z --- RETRIEVING SYLLABUS & STUDENT HISTORY in parallel: Hak Asasi Manusia ---
2026-07-21T07:26:41.861186Z --- GENERATING ADAPTIVE MCQ IN BAHASA MELAYU ---
2026-07-21T07:26:41.889696Z -> OpenRouter error (NotFoundError: Error code: 404 - {'error': {'message': 'This model is unavailable for free. The paid version is available now - use this slug instead: meta-llama/llama-3.3-70b-instruct', 'code': 404}, 'user_id': 'user_3FWg0Y7hFwr9mi6ZEJfwxiglC7C'}), trying next provider…
2026-07-21T07:26:41.889759Z -> LLM Error in Generator: All LLM providers failed (non-rate-limit errors). Check API keys and quotas.
2026-07-21T07:26:42.262481Z   ✓ Q3/5 saved (bank now 3)
2026-07-21T07:26:44.262707Z --- RETRIEVING SYLLABUS & STUDENT HISTORY in parallel: Hak Asasi Manusia ---
2026-07-21T07:26:44.445831Z --- GENERATING ADAPTIVE MCQ IN BAHASA MELAYU ---
2026-07-21T07:26:44.486786Z -> OpenRouter error (NotFoundError: Error code: 404 - {'error': {'message': 'This model is unavailable for free. The paid version is available now - use this slug instead: meta-llama/llama-3.3-70b-instruct', 'code': 404}, 'user_id': 'user_3FWg0Y7hFwr9mi6ZEJfwxiglC7C'}), trying next provider…
2026-07-21T07:26:44.486864Z -> LLM Error in Generator: All LLM providers failed (non-rate-limit errors). Check API keys and quotas.
2026-07-21T07:26:44.861295Z   ✓ Q4/5 saved (bank now 4)
2026-07-21T07:26:46.861525Z --- RETRIEVING SYLLABUS & STUDENT HISTORY in parallel: Hak Asasi Manusia ---
2026-07-21T07:26:47.048021Z --- GENERATING ADAPTIVE MCQ IN BAHASA MELAYU ---
2026-07-21T07:26:47.067861Z -> OpenRouter error (NotFoundError: Error code: 404 - {'error': {'message': 'This model is unavailable for free. The paid version is available now - use this slug instead: meta-llama/llama-3.3-70b-instruct', 'code': 404}, 'user_id': 'user_3FWg0Y7hFwr9mi6ZEJfwxiglC7C'}), trying next provider…
2026-07-21T07:26:47.067933Z -> LLM Error in Generator: All LLM providers failed (non-rate-limit errors). Check API keys and quotas.
2026-07-21T07:26:47.432267Z   ✓ Q5/5 saved (bank now 5)
2026-07-21T07:26:49.433015Z [Checkpoint] 80% written to logs/question_bank_seed_progress.md
2026-07-21T07:26:49.433092Z [278/347] Pendidikan Moral — Demokrasi dan Keadilan (English): generating 4 question(s)...
2026-07-21T07:26:49.433112Z --- RETRIEVING SYLLABUS & STUDENT HISTORY in parallel: Demokrasi dan Keadilan ---
2026-07-21T07:26:49.888767Z -> Retrieved 1 textbook chunk(s), 7 DSKP chunk(s)
2026-07-21T07:26:49.889268Z --- GENERATING ADAPTIVE MCQ IN ENGLISH ---
2026-07-21T07:26:49.918526Z -> OpenRouter error (NotFoundError: Error code: 404 - {'error': {'message': 'This model is unavailable for free. The paid version is available now - use this slug instead: meta-llama/llama-3.3-70b-instruct', 'code': 404}, 'user_id': 'user_3FWg0Y7hFwr9mi6ZEJfwxiglC7C'}), trying next provider…
2026-07-21T07:26:49.918599Z -> LLM Error in Generator: All LLM providers failed (non-rate-limit errors). Check API keys and quotas.
2026-07-21T07:26:50.306498Z   ✓ Q1/4 saved (bank now 2)
2026-07-21T07:26:52.306806Z --- RETRIEVING SYLLABUS & STUDENT HISTORY in parallel: Demokrasi dan Keadilan ---
2026-07-21T07:26:52.489524Z --- GENERATING ADAPTIVE MCQ IN ENGLISH ---
2026-07-21T07:26:52.509040Z -> OpenRouter error (NotFoundError: Error code: 404 - {'error': {'message': 'This model is unavailable for free. The paid version is available now - use this slug instead: meta-llama/llama-3.3-70b-instruct', 'code': 404}, 'user_id': 'user_3FWg0Y7hFwr9mi6ZEJfwxiglC7C'}), trying next provider…
2026-07-21T07:26:52.509085Z -> LLM Error in Generator: All LLM providers failed (non-rate-limit errors). Check API keys and quotas.
2026-07-21T07:26:52.869236Z   ✓ Q2/4 saved (bank now 3)
2026-07-21T07:26:54.869488Z --- RETRIEVING SYLLABUS & STUDENT HISTORY in parallel: Demokrasi dan Keadilan ---
2026-07-21T07:26:55.053168Z --- GENERATING ADAPTIVE MCQ IN ENGLISH ---
2026-07-21T07:26:55.071286Z -> OpenRouter error (NotFoundError: Error code: 404 - {'error': {'message': 'This model is unavailable for free. The paid version is available now - use this slug instead: meta-llama/llama-3.3-70b-instruct', 'code': 404}, 'user_id': 'user_3FWg0Y7hFwr9mi6ZEJfwxiglC7C'}), trying next provider…
2026-07-21T07:26:55.071396Z -> LLM Error in Generator: All LLM providers failed (non-rate-limit errors). Check API keys and quotas.
2026-07-21T07:26:55.445496Z   ✓ Q3/4 saved (bank now 4)
2026-07-21T07:26:57.445734Z --- RETRIEVING SYLLABUS & STUDENT HISTORY in parallel: Demokrasi dan Keadilan ---
2026-07-21T07:26:57.640717Z --- GENERATING ADAPTIVE MCQ IN ENGLISH ---
2026-07-21T07:26:57.773470Z -> OpenRouter error (NotFoundError: Error code: 404 - {'error': {'message': 'This model is unavailable for free. The paid version is available now - use this slug instead: meta-llama/llama-3.3-70b-instruct', 'code': 404}, 'user_id': 'user_3FWg0Y7hFwr9mi6ZEJfwxiglC7C'}), trying next provider…
2026-07-21T07:26:57.773523Z -> LLM Error in Generator: All LLM providers failed (non-rate-limit errors). Check API keys and quotas.
2026-07-21T07:26:58.198940Z   ✓ Q4/4 saved (bank now 5)
2026-07-21T07:27:00.199119Z [279/347] Pendidikan Moral — Demokrasi dan Keadilan (Bahasa Melayu): generating 5 question(s)...
2026-07-21T07:27:00.199217Z --- RETRIEVING SYLLABUS & STUDENT HISTORY in parallel: Demokrasi dan Keadilan ---
2026-07-21T07:27:00.395988Z --- GENERATING ADAPTIVE MCQ IN BAHASA MELAYU ---
2026-07-21T07:27:00.429257Z -> OpenRouter error (NotFoundError: Error code: 404 - {'error': {'message': 'This model is unavailable for free. The paid version is available now - use this slug instead: meta-llama/llama-3.3-70b-instruct', 'code': 404}, 'user_id': 'user_3FWg0Y7hFwr9mi6ZEJfwxiglC7C'}), trying next provider…
2026-07-21T07:27:00.429378Z -> LLM Error in Generator: All LLM providers failed (non-rate-limit errors). Check API keys and quotas.
2026-07-21T07:27:00.816002Z   ✓ Q1/5 saved (bank now 1)
2026-07-21T07:27:02.816244Z --- RETRIEVING SYLLABUS & STUDENT HISTORY in parallel: Demokrasi dan Keadilan ---
2026-07-21T07:27:02.997156Z --- GENERATING ADAPTIVE MCQ IN BAHASA MELAYU ---
2026-07-21T07:27:03.019186Z -> OpenRouter error (NotFoundError: Error code: 404 - {'error': {'message': 'This model is unavailable for free. The paid version is available now - use this slug instead: meta-llama/llama-3.3-70b-instruct', 'code': 404}, 'user_id': 'user_3FWg0Y7hFwr9mi6ZEJfwxiglC7C'}), trying next provider…
2026-07-21T07:27:03.019253Z -> LLM Error in Generator: All LLM providers failed (non-rate-limit errors). Check API keys and quotas.
2026-07-21T07:27:03.418384Z   ✓ Q2/5 saved (bank now 2)
2026-07-21T07:27:05.418587Z --- RETRIEVING SYLLABUS & STUDENT HISTORY in parallel: Demokrasi dan Keadilan ---
2026-07-21T07:27:05.600681Z --- GENERATING ADAPTIVE MCQ IN BAHASA MELAYU ---
2026-07-21T07:27:05.770090Z -> OpenRouter error (NotFoundError: Error code: 404 - {'error': {'message': 'This model is unavailable for free. The paid version is available now - use this slug instead: meta-llama/llama-3.3-70b-instruct', 'code': 404}, 'user_id': 'user_3FWg0Y7hFwr9mi6ZEJfwxiglC7C'}), trying next provider…
2026-07-21T07:27:05.770179Z -> LLM Error in Generator: All LLM providers failed (non-rate-limit errors). Check API keys and quotas.
2026-07-21T07:27:06.140843Z   ✓ Q3/5 saved (bank now 3)
2026-07-21T07:27:08.141083Z --- RETRIEVING SYLLABUS & STUDENT HISTORY in parallel: Demokrasi dan Keadilan ---
2026-07-21T07:27:08.330576Z --- GENERATING ADAPTIVE MCQ IN BAHASA MELAYU ---
2026-07-21T07:27:08.355284Z -> OpenRouter error (NotFoundError: Error code: 404 - {'error': {'message': 'This model is unavailable for free. The paid version is available now - use this slug instead: meta-llama/llama-3.3-70b-instruct', 'code': 404}, 'user_id': 'user_3FWg0Y7hFwr9mi6ZEJfwxiglC7C'}), trying next provider…
2026-07-21T07:27:08.355396Z -> LLM Error in Generator: All LLM providers failed (non-rate-limit errors). Check API keys and quotas.
2026-07-21T07:27:08.727243Z   ✓ Q4/5 saved (bank now 4)
2026-07-21T07:27:10.727529Z --- RETRIEVING SYLLABUS & STUDENT HISTORY in parallel: Demokrasi dan Keadilan ---
2026-07-21T07:27:10.920369Z --- GENERATING ADAPTIVE MCQ IN BAHASA MELAYU ---
2026-07-21T07:27:10.938473Z -> OpenRouter error (NotFoundError: Error code: 404 - {'error': {'message': 'This model is unavailable for free. The paid version is available now - use this slug instead: meta-llama/llama-3.3-70b-instruct', 'code': 404}, 'user_id': 'user_3FWg0Y7hFwr9mi6ZEJfwxiglC7C'}), trying next provider…
2026-07-21T07:27:10.938574Z -> LLM Error in Generator: All LLM providers failed (non-rate-limit errors). Check API keys and quotas.
2026-07-21T07:27:11.297427Z   ✓ Q5/5 saved (bank now 5)
2026-07-21T07:27:13.297684Z [280/347] Pendidikan Moral — Tanggungjawab Sosial (English): generating 4 question(s)...
2026-07-21T07:27:13.297744Z --- RETRIEVING SYLLABUS & STUDENT HISTORY in parallel: Tanggungjawab Sosial ---
2026-07-21T07:27:13.656941Z -> Retrieved 0 textbook chunk(s), 8 DSKP chunk(s)
2026-07-21T07:27:13.657526Z --- GENERATING ADAPTIVE MCQ IN ENGLISH ---
2026-07-21T07:27:13.677534Z -> OpenRouter error (NotFoundError: Error code: 404 - {'error': {'message': 'This model is unavailable for free. The paid version is available now - use this slug instead: meta-llama/llama-3.3-70b-instruct', 'code': 404}, 'user_id': 'user_3FWg0Y7hFwr9mi6ZEJfwxiglC7C'}), trying next provider…
2026-07-21T07:27:13.677656Z -> LLM Error in Generator: All LLM providers failed (non-rate-limit errors). Check API keys and quotas.
2026-07-21T07:27:14.040296Z   ✓ Q1/4 saved (bank now 2)
2026-07-21T07:27:16.040576Z --- RETRIEVING SYLLABUS & STUDENT HISTORY in parallel: Tanggungjawab Sosial ---
2026-07-21T07:27:16.225984Z --- GENERATING ADAPTIVE MCQ IN ENGLISH ---
2026-07-21T07:27:16.257498Z -> OpenRouter error (NotFoundError: Error code: 404 - {'error': {'message': 'This model is unavailable for free. The paid version is available now - use this slug instead: meta-llama/llama-3.3-70b-instruct', 'code': 404}, 'user_id': 'user_3FWg0Y7hFwr9mi6ZEJfwxiglC7C'}), trying next provider…
2026-07-21T07:27:16.257567Z -> LLM Error in Generator: All LLM providers failed (non-rate-limit errors). Check API keys and quotas.
2026-07-21T07:27:16.635035Z   ✓ Q2/4 saved (bank now 3)
2026-07-21T07:27:18.635362Z --- RETRIEVING SYLLABUS & STUDENT HISTORY in parallel: Tanggungjawab Sosial ---
2026-07-21T07:27:18.818093Z --- GENERATING ADAPTIVE MCQ IN ENGLISH ---
2026-07-21T07:27:18.846236Z -> OpenRouter error (NotFoundError: Error code: 404 - {'error': {'message': 'This model is unavailable for free. The paid version is available now - use this slug instead: meta-llama/llama-3.3-70b-instruct', 'code': 404}, 'user_id': 'user_3FWg0Y7hFwr9mi6ZEJfwxiglC7C'}), trying next provider…
2026-07-21T07:27:18.846300Z -> LLM Error in Generator: All LLM providers failed (non-rate-limit errors). Check API keys and quotas.
2026-07-21T07:27:19.220984Z   ✓ Q3/4 saved (bank now 4)
2026-07-21T07:27:21.221284Z --- RETRIEVING SYLLABUS & STUDENT HISTORY in parallel: Tanggungjawab Sosial ---
2026-07-21T07:27:21.414139Z --- GENERATING ADAPTIVE MCQ IN ENGLISH ---
2026-07-21T07:27:21.436352Z -> OpenRouter error (NotFoundError: Error code: 404 - {'error': {'message': 'This model is unavailable for free. The paid version is available now - use this slug instead: meta-llama/llama-3.3-70b-instruct', 'code': 404}, 'user_id': 'user_3FWg0Y7hFwr9mi6ZEJfwxiglC7C'}), trying next provider…
2026-07-21T07:27:21.436418Z -> LLM Error in Generator: All LLM providers failed (non-rate-limit errors). Check API keys and quotas.
2026-07-21T07:27:21.808134Z   ✓ Q4/4 saved (bank now 5)
2026-07-21T07:27:23.808453Z [281/347] Pendidikan Moral — Tanggungjawab Sosial (Bahasa Melayu): generating 5 question(s)...
2026-07-21T07:27:23.808563Z --- RETRIEVING SYLLABUS & STUDENT HISTORY in parallel: Tanggungjawab Sosial ---
2026-07-21T07:27:23.984979Z --- GENERATING ADAPTIVE MCQ IN BAHASA MELAYU ---
2026-07-21T07:27:24.005886Z -> OpenRouter error (NotFoundError: Error code: 404 - {'error': {'message': 'This model is unavailable for free. The paid version is available now - use this slug instead: meta-llama/llama-3.3-70b-instruct', 'code': 404}, 'user_id': 'user_3FWg0Y7hFwr9mi6ZEJfwxiglC7C'}), trying next provider…
2026-07-21T07:27:24.005963Z -> LLM Error in Generator: All LLM providers failed (non-rate-limit errors). Check API keys and quotas.
2026-07-21T07:27:24.369438Z   ✓ Q1/5 saved (bank now 1)
2026-07-21T07:27:26.369751Z --- RETRIEVING SYLLABUS & STUDENT HISTORY in parallel: Tanggungjawab Sosial ---
2026-07-21T07:27:26.570217Z --- GENERATING ADAPTIVE MCQ IN BAHASA MELAYU ---
2026-07-21T07:27:26.592377Z -> OpenRouter error (NotFoundError: Error code: 404 - {'error': {'message': 'This model is unavailable for free. The paid version is available now - use this slug instead: meta-llama/llama-3.3-70b-instruct', 'code': 404}, 'user_id': 'user_3FWg0Y7hFwr9mi6ZEJfwxiglC7C'}), trying next provider…
2026-07-21T07:27:26.592456Z -> LLM Error in Generator: All LLM providers failed (non-rate-limit errors). Check API keys and quotas.
2026-07-21T07:27:26.969209Z   ✓ Q2/5 saved (bank now 2)
2026-07-21T07:27:28.969369Z --- RETRIEVING SYLLABUS & STUDENT HISTORY in parallel: Tanggungjawab Sosial ---
2026-07-21T07:27:29.149771Z --- GENERATING ADAPTIVE MCQ IN BAHASA MELAYU ---
2026-07-21T07:27:29.165344Z -> OpenRouter error (NotFoundError: Error code: 404 - {'error': {'message': 'This model is unavailable for free. The paid version is available now - use this slug instead: meta-llama/llama-3.3-70b-instruct', 'code': 404}, 'user_id': 'user_3FWg0Y7hFwr9mi6ZEJfwxiglC7C'}), trying next provider…
2026-07-21T07:27:29.165390Z -> LLM Error in Generator: All LLM providers failed (non-rate-limit errors). Check API keys and quotas.
2026-07-21T07:27:29.544156Z   ✓ Q3/5 saved (bank now 3)
2026-07-21T07:27:31.544434Z --- RETRIEVING SYLLABUS & STUDENT HISTORY in parallel: Tanggungjawab Sosial ---
2026-07-21T07:27:31.737771Z --- GENERATING ADAPTIVE MCQ IN BAHASA MELAYU ---
2026-07-21T07:27:31.760811Z -> OpenRouter error (NotFoundError: Error code: 404 - {'error': {'message': 'This model is unavailable for free. The paid version is available now - use this slug instead: meta-llama/llama-3.3-70b-instruct', 'code': 404}, 'user_id': 'user_3FWg0Y7hFwr9mi6ZEJfwxiglC7C'}), trying next provider…
2026-07-21T07:27:31.760876Z -> LLM Error in Generator: All LLM providers failed (non-rate-limit errors). Check API keys and quotas.
2026-07-21T07:27:32.124023Z   ✓ Q4/5 saved (bank now 4)
2026-07-21T07:27:34.124218Z --- RETRIEVING SYLLABUS & STUDENT HISTORY in parallel: Tanggungjawab Sosial ---
2026-07-21T07:27:34.304768Z --- GENERATING ADAPTIVE MCQ IN BAHASA MELAYU ---
2026-07-21T07:27:34.324301Z -> OpenRouter error (NotFoundError: Error code: 404 - {'error': {'message': 'This model is unavailable for free. The paid version is available now - use this slug instead: meta-llama/llama-3.3-70b-instruct', 'code': 404}, 'user_id': 'user_3FWg0Y7hFwr9mi6ZEJfwxiglC7C'}), trying next provider…
2026-07-21T07:27:34.324384Z -> LLM Error in Generator: All LLM providers failed (non-rate-limit errors). Check API keys and quotas.
2026-07-21T07:27:34.702396Z   ✓ Q5/5 saved (bank now 5)
2026-07-21T07:27:36.702579Z [282/347] Pendidikan Moral — Patriotisme (English): generating 4 question(s)...
2026-07-21T07:27:36.702658Z --- RETRIEVING SYLLABUS & STUDENT HISTORY in parallel: Patriotisme ---
2026-07-21T07:27:37.169728Z -> Retrieved 4 textbook chunk(s), 4 DSKP chunk(s)
2026-07-21T07:27:37.170438Z --- GENERATING ADAPTIVE MCQ IN ENGLISH ---
2026-07-21T07:27:37.189579Z -> OpenRouter error (NotFoundError: Error code: 404 - {'error': {'message': 'This model is unavailable for free. The paid version is available now - use this slug instead: meta-llama/llama-3.3-70b-instruct', 'code': 404}, 'user_id': 'user_3FWg0Y7hFwr9mi6ZEJfwxiglC7C'}), trying next provider…
2026-07-21T07:27:37.189684Z -> LLM Error in Generator: All LLM providers failed (non-rate-limit errors). Check API keys and quotas.
2026-07-21T07:27:37.582552Z   ✓ Q1/4 saved (bank now 2)
2026-07-21T07:27:39.582879Z --- RETRIEVING SYLLABUS & STUDENT HISTORY in parallel: Patriotisme ---
2026-07-21T07:27:39.775010Z --- GENERATING ADAPTIVE MCQ IN ENGLISH ---
2026-07-21T07:27:39.799887Z -> OpenRouter error (NotFoundError: Error code: 404 - {'error': {'message': 'This model is unavailable for free. The paid version is available now - use this slug instead: meta-llama/llama-3.3-70b-instruct', 'code': 404}, 'user_id': 'user_3FWg0Y7hFwr9mi6ZEJfwxiglC7C'}), trying next provider…
2026-07-21T07:27:39.799957Z -> LLM Error in Generator: All LLM providers failed (non-rate-limit errors). Check API keys and quotas.
2026-07-21T07:27:40.179003Z   ✓ Q2/4 saved (bank now 3)
2026-07-21T07:27:42.179266Z --- RETRIEVING SYLLABUS & STUDENT HISTORY in parallel: Patriotisme ---
2026-07-21T07:27:42.364198Z --- GENERATING ADAPTIVE MCQ IN ENGLISH ---
2026-07-21T07:27:44.217027Z -> Cerebras: cooling for 65s.
2026-07-21T07:27:44.258859Z -> GroqCloud: cooling for 65s.
2026-07-21T07:27:44.279651Z -> OpenRouter error (NotFoundError: Error code: 404 - {'error': {'message': 'This model is unavailable for free. The paid version is available now - use this slug instead: meta-llama/llama-3.3-70b-instruct', 'code': 404}, 'user_id': 'user_3FWg0Y7hFwr9mi6ZEJfwxiglC7C'}), trying next provider…
2026-07-21T07:27:44.279728Z -> LLM Error in Generator: All LLM providers failed (non-rate-limit errors). Check API keys and quotas.
2026-07-21T07:27:44.648400Z   ✓ Q3/4 saved (bank now 4)
2026-07-21T07:27:46.648606Z --- RETRIEVING SYLLABUS & STUDENT HISTORY in parallel: Patriotisme ---
2026-07-21T07:27:46.839563Z --- GENERATING ADAPTIVE MCQ IN ENGLISH ---
2026-07-21T07:27:46.884958Z -> OpenRouter error (NotFoundError: Error code: 404 - {'error': {'message': 'This model is unavailable for free. The paid version is available now - use this slug instead: meta-llama/llama-3.3-70b-instruct', 'code': 404}, 'user_id': 'user_3FWg0Y7hFwr9mi6ZEJfwxiglC7C'}), trying next provider…
2026-07-21T07:27:46.885031Z -> LLM Error in Generator: All LLM providers failed (non-rate-limit errors). Check API keys and quotas.
2026-07-21T07:27:47.243928Z   ✓ Q4/4 saved (bank now 5)
2026-07-21T07:27:49.244099Z [283/347] Pendidikan Moral — Patriotisme (Bahasa Melayu): generating 5 question(s)...
2026-07-21T07:27:49.244170Z --- RETRIEVING SYLLABUS & STUDENT HISTORY in parallel: Patriotisme ---
2026-07-21T07:27:49.454986Z --- GENERATING ADAPTIVE MCQ IN BAHASA MELAYU ---
2026-07-21T07:27:49.476520Z -> OpenRouter error (NotFoundError: Error code: 404 - {'error': {'message': 'This model is unavailable for free. The paid version is available now - use this slug instead: meta-llama/llama-3.3-70b-instruct', 'code': 404}, 'user_id': 'user_3FWg0Y7hFwr9mi6ZEJfwxiglC7C'}), trying next provider…
2026-07-21T07:27:49.476598Z -> LLM Error in Generator: All LLM providers failed (non-rate-limit errors). Check API keys and quotas.
2026-07-21T07:27:49.834820Z   ✓ Q1/5 saved (bank now 1)
2026-07-21T07:27:51.835012Z --- RETRIEVING SYLLABUS & STUDENT HISTORY in parallel: Patriotisme ---
2026-07-21T07:27:52.016547Z --- GENERATING ADAPTIVE MCQ IN BAHASA MELAYU ---
2026-07-21T07:27:52.037698Z -> OpenRouter error (NotFoundError: Error code: 404 - {'error': {'message': 'This model is unavailable for free. The paid version is available now - use this slug instead: meta-llama/llama-3.3-70b-instruct', 'code': 404}, 'user_id': 'user_3FWg0Y7hFwr9mi6ZEJfwxiglC7C'}), trying next provider…
2026-07-21T07:27:52.037772Z -> LLM Error in Generator: All LLM providers failed (non-rate-limit errors). Check API keys and quotas.
2026-07-21T07:27:52.425760Z   ✓ Q2/5 saved (bank now 2)
2026-07-21T07:27:54.425960Z --- RETRIEVING SYLLABUS & STUDENT HISTORY in parallel: Patriotisme ---
2026-07-21T07:27:54.623266Z --- GENERATING ADAPTIVE MCQ IN BAHASA MELAYU ---
2026-07-21T07:27:54.647443Z -> OpenRouter error (NotFoundError: Error code: 404 - {'error': {'message': 'This model is unavailable for free. The paid version is available now - use this slug instead: meta-llama/llama-3.3-70b-instruct', 'code': 404}, 'user_id': 'user_3FWg0Y7hFwr9mi6ZEJfwxiglC7C'}), trying next provider…
2026-07-21T07:27:54.647502Z -> LLM Error in Generator: All LLM providers failed (non-rate-limit errors). Check API keys and quotas.
2026-07-21T07:27:55.006062Z   ✓ Q3/5 saved (bank now 3)
2026-07-21T07:27:57.006300Z --- RETRIEVING SYLLABUS & STUDENT HISTORY in parallel: Patriotisme ---
2026-07-21T07:27:57.208558Z --- GENERATING ADAPTIVE MCQ IN BAHASA MELAYU ---
2026-07-21T07:27:57.235736Z -> OpenRouter error (NotFoundError: Error code: 404 - {'error': {'message': 'This model is unavailable for free. The paid version is available now - use this slug instead: meta-llama/llama-3.3-70b-instruct', 'code': 404}, 'user_id': 'user_3FWg0Y7hFwr9mi6ZEJfwxiglC7C'}), trying next provider…
2026-07-21T07:27:57.235812Z -> LLM Error in Generator: All LLM providers failed (non-rate-limit errors). Check API keys and quotas.
2026-07-21T07:27:57.610101Z   ✓ Q4/5 saved (bank now 4)
2026-07-21T07:27:59.610285Z --- RETRIEVING SYLLABUS & STUDENT HISTORY in parallel: Patriotisme ---
2026-07-21T07:27:59.806501Z --- GENERATING ADAPTIVE MCQ IN BAHASA MELAYU ---
2026-07-21T07:27:59.824210Z -> OpenRouter error (NotFoundError: Error code: 404 - {'error': {'message': 'This model is unavailable for free. The paid version is available now - use this slug instead: meta-llama/llama-3.3-70b-instruct', 'code': 404}, 'user_id': 'user_3FWg0Y7hFwr9mi6ZEJfwxiglC7C'}), trying next provider…
2026-07-21T07:27:59.824282Z -> LLM Error in Generator: All LLM providers failed (non-rate-limit errors). Check API keys and quotas.
2026-07-21T07:28:00.202445Z   ✓ Q5/5 saved (bank now 5)
2026-07-21T07:28:02.202591Z [284/347] Pendidikan Moral — Integriti (English): generating 4 question(s)...
2026-07-21T07:28:02.202656Z --- RETRIEVING SYLLABUS & STUDENT HISTORY in parallel: Integriti ---
2026-07-21T07:28:02.478537Z -> Retrieved 1 textbook chunk(s), 7 DSKP chunk(s)
2026-07-21T07:28:02.478868Z --- GENERATING ADAPTIVE MCQ IN ENGLISH ---
2026-07-21T07:28:02.502058Z -> OpenRouter error (NotFoundError: Error code: 404 - {'error': {'message': 'This model is unavailable for free. The paid version is available now - use this slug instead: meta-llama/llama-3.3-70b-instruct', 'code': 404}, 'user_id': 'user_3FWg0Y7hFwr9mi6ZEJfwxiglC7C'}), trying next provider…
2026-07-21T07:28:02.502108Z -> LLM Error in Generator: All LLM providers failed (non-rate-limit errors). Check API keys and quotas.
2026-07-21T07:28:02.880971Z   ✓ Q1/4 saved (bank now 2)
2026-07-21T07:28:04.881188Z --- RETRIEVING SYLLABUS & STUDENT HISTORY in parallel: Integriti ---
2026-07-21T07:28:05.072179Z --- GENERATING ADAPTIVE MCQ IN ENGLISH ---
2026-07-21T07:28:05.093574Z -> OpenRouter error (NotFoundError: Error code: 404 - {'error': {'message': 'This model is unavailable for free. The paid version is available now - use this slug instead: meta-llama/llama-3.3-70b-instruct', 'code': 404}, 'user_id': 'user_3FWg0Y7hFwr9mi6ZEJfwxiglC7C'}), trying next provider…
2026-07-21T07:28:05.093653Z -> LLM Error in Generator: All LLM providers failed (non-rate-limit errors). Check API keys and quotas.
2026-07-21T07:28:05.479418Z   ✓ Q2/4 saved (bank now 3)
2026-07-21T07:28:07.479668Z --- RETRIEVING SYLLABUS & STUDENT HISTORY in parallel: Integriti ---
2026-07-21T07:28:07.656810Z --- GENERATING ADAPTIVE MCQ IN ENGLISH ---
2026-07-21T07:28:07.677251Z -> OpenRouter error (NotFoundError: Error code: 404 - {'error': {'message': 'This model is unavailable for free. The paid version is available now - use this slug instead: meta-llama/llama-3.3-70b-instruct', 'code': 404}, 'user_id': 'user_3FWg0Y7hFwr9mi6ZEJfwxiglC7C'}), trying next provider…
2026-07-21T07:28:07.677296Z -> LLM Error in Generator: All LLM providers failed (non-rate-limit errors). Check API keys and quotas.
2026-07-21T07:28:08.052563Z   ✓ Q3/4 saved (bank now 4)
2026-07-21T07:28:10.052789Z --- RETRIEVING SYLLABUS & STUDENT HISTORY in parallel: Integriti ---
2026-07-21T07:28:10.242828Z --- GENERATING ADAPTIVE MCQ IN ENGLISH ---
2026-07-21T07:28:10.263723Z -> OpenRouter error (NotFoundError: Error code: 404 - {'error': {'message': 'This model is unavailable for free. The paid version is available now - use this slug instead: meta-llama/llama-3.3-70b-instruct', 'code': 404}, 'user_id': 'user_3FWg0Y7hFwr9mi6ZEJfwxiglC7C'}), trying next provider…
2026-07-21T07:28:10.263792Z -> LLM Error in Generator: All LLM providers failed (non-rate-limit errors). Check API keys and quotas.
2026-07-21T07:28:10.648897Z   ✓ Q4/4 saved (bank now 5)
2026-07-21T07:28:12.649097Z [285/347] Pendidikan Moral — Integriti (Bahasa Melayu): generating 5 question(s)...
2026-07-21T07:28:12.649176Z --- RETRIEVING SYLLABUS & STUDENT HISTORY in parallel: Integriti ---
2026-07-21T07:28:12.838163Z --- GENERATING ADAPTIVE MCQ IN BAHASA MELAYU ---
2026-07-21T07:28:12.856545Z -> OpenRouter error (NotFoundError: Error code: 404 - {'error': {'message': 'This model is unavailable for free. The paid version is available now - use this slug instead: meta-llama/llama-3.3-70b-instruct', 'code': 404}, 'user_id': 'user_3FWg0Y7hFwr9mi6ZEJfwxiglC7C'}), trying next provider…
2026-07-21T07:28:12.856623Z -> LLM Error in Generator: All LLM providers failed (non-rate-limit errors). Check API keys and quotas.
2026-07-21T07:28:13.226061Z   ✓ Q1/5 saved (bank now 1)
2026-07-21T07:28:15.226263Z --- RETRIEVING SYLLABUS & STUDENT HISTORY in parallel: Integriti ---
2026-07-21T07:28:15.417340Z --- GENERATING ADAPTIVE MCQ IN BAHASA MELAYU ---
2026-07-21T07:28:15.434237Z -> OpenRouter error (NotFoundError: Error code: 404 - {'error': {'message': 'This model is unavailable for free. The paid version is available now - use this slug instead: meta-llama/llama-3.3-70b-instruct', 'code': 404}, 'user_id': 'user_3FWg0Y7hFwr9mi6ZEJfwxiglC7C'}), trying next provider…
2026-07-21T07:28:15.434352Z -> LLM Error in Generator: All LLM providers failed (non-rate-limit errors). Check API keys and quotas.
2026-07-21T07:28:15.819590Z   ✓ Q2/5 saved (bank now 2)
2026-07-21T07:28:17.819909Z --- RETRIEVING SYLLABUS & STUDENT HISTORY in parallel: Integriti ---
2026-07-21T07:28:18.020946Z --- GENERATING ADAPTIVE MCQ IN BAHASA MELAYU ---
2026-07-21T07:28:18.037845Z -> OpenRouter error (NotFoundError: Error code: 404 - {'error': {'message': 'This model is unavailable for free. The paid version is available now - use this slug instead: meta-llama/llama-3.3-70b-instruct', 'code': 404}, 'user_id': 'user_3FWg0Y7hFwr9mi6ZEJfwxiglC7C'}), trying next provider…
2026-07-21T07:28:18.037903Z -> LLM Error in Generator: All LLM providers failed (non-rate-limit errors). Check API keys and quotas.
2026-07-21T07:28:18.406893Z   ✓ Q3/5 saved (bank now 3)
2026-07-21T07:28:20.407139Z --- RETRIEVING SYLLABUS & STUDENT HISTORY in parallel: Integriti ---
2026-07-21T07:28:20.588948Z --- GENERATING ADAPTIVE MCQ IN BAHASA MELAYU ---
2026-07-21T07:28:20.617260Z -> OpenRouter error (NotFoundError: Error code: 404 - {'error': {'message': 'This model is unavailable for free. The paid version is available now - use this slug instead: meta-llama/llama-3.3-70b-instruct', 'code': 404}, 'user_id': 'user_3FWg0Y7hFwr9mi6ZEJfwxiglC7C'}), trying next provider…
2026-07-21T07:28:20.617345Z -> LLM Error in Generator: All LLM providers failed (non-rate-limit errors). Check API keys and quotas.
2026-07-21T07:28:20.999938Z   ✓ Q4/5 saved (bank now 4)
2026-07-21T07:28:23.000238Z --- RETRIEVING SYLLABUS & STUDENT HISTORY in parallel: Integriti ---
2026-07-21T07:28:23.194650Z --- GENERATING ADAPTIVE MCQ IN BAHASA MELAYU ---
2026-07-21T07:28:23.212687Z -> OpenRouter error (NotFoundError: Error code: 404 - {'error': {'message': 'This model is unavailable for free. The paid version is available now - use this slug instead: meta-llama/llama-3.3-70b-instruct', 'code': 404}, 'user_id': 'user_3FWg0Y7hFwr9mi6ZEJfwxiglC7C'}), trying next provider…
2026-07-21T07:28:23.212784Z -> LLM Error in Generator: All LLM providers failed (non-rate-limit errors). Check API keys and quotas.
2026-07-21T07:28:23.590359Z   ✓ Q5/5 saved (bank now 5)
2026-07-21T07:28:25.590554Z [286/347] Pendidikan Moral — Kesejahteraan Keluarga (English): generating 4 question(s)...
2026-07-21T07:28:25.590645Z --- RETRIEVING SYLLABUS & STUDENT HISTORY in parallel: Kesejahteraan Keluarga ---
2026-07-21T07:28:25.884256Z -> Retrieved 0 textbook chunk(s), 8 DSKP chunk(s)
2026-07-21T07:28:25.884990Z --- GENERATING ADAPTIVE MCQ IN ENGLISH ---
2026-07-21T07:28:25.915681Z -> OpenRouter error (NotFoundError: Error code: 404 - {'error': {'message': 'This model is unavailable for free. The paid version is available now - use this slug instead: meta-llama/llama-3.3-70b-instruct', 'code': 404}, 'user_id': 'user_3FWg0Y7hFwr9mi6ZEJfwxiglC7C'}), trying next provider…
2026-07-21T07:28:25.915777Z -> LLM Error in Generator: All LLM providers failed (non-rate-limit errors). Check API keys and quotas.
2026-07-21T07:28:26.288537Z   ✓ Q1/4 saved (bank now 2)
2026-07-21T07:28:28.288810Z --- RETRIEVING SYLLABUS & STUDENT HISTORY in parallel: Kesejahteraan Keluarga ---
2026-07-21T07:28:28.469906Z --- GENERATING ADAPTIVE MCQ IN ENGLISH ---
2026-07-21T07:28:28.489106Z -> OpenRouter error (NotFoundError: Error code: 404 - {'error': {'message': 'This model is unavailable for free. The paid version is available now - use this slug instead: meta-llama/llama-3.3-70b-instruct', 'code': 404}, 'user_id': 'user_3FWg0Y7hFwr9mi6ZEJfwxiglC7C'}), trying next provider…
2026-07-21T07:28:28.489175Z -> LLM Error in Generator: All LLM providers failed (non-rate-limit errors). Check API keys and quotas.
2026-07-21T07:28:28.876839Z   ✓ Q2/4 saved (bank now 3)
2026-07-21T07:28:30.877109Z --- RETRIEVING SYLLABUS & STUDENT HISTORY in parallel: Kesejahteraan Keluarga ---
2026-07-21T07:28:31.064549Z --- GENERATING ADAPTIVE MCQ IN ENGLISH ---
2026-07-21T07:28:31.086625Z -> OpenRouter error (NotFoundError: Error code: 404 - {'error': {'message': 'This model is unavailable for free. The paid version is available now - use this slug instead: meta-llama/llama-3.3-70b-instruct', 'code': 404}, 'user_id': 'user_3FWg0Y7hFwr9mi6ZEJfwxiglC7C'}), trying next provider…
2026-07-21T07:28:31.086699Z -> LLM Error in Generator: All LLM providers failed (non-rate-limit errors). Check API keys and quotas.
2026-07-21T07:28:31.469925Z   ✓ Q3/4 saved (bank now 4)
2026-07-21T07:28:33.470205Z --- RETRIEVING SYLLABUS & STUDENT HISTORY in parallel: Kesejahteraan Keluarga ---
2026-07-21T07:28:33.657169Z --- GENERATING ADAPTIVE MCQ IN ENGLISH ---
2026-07-21T07:28:33.682407Z -> OpenRouter error (NotFoundError: Error code: 404 - {'error': {'message': 'This model is unavailable for free. The paid version is available now - use this slug instead: meta-llama/llama-3.3-70b-instruct', 'code': 404}, 'user_id': 'user_3FWg0Y7hFwr9mi6ZEJfwxiglC7C'}), trying next provider…
2026-07-21T07:28:33.682488Z -> LLM Error in Generator: All LLM providers failed (non-rate-limit errors). Check API keys and quotas.
2026-07-21T07:28:34.063036Z   ✓ Q4/4 saved (bank now 5)
2026-07-21T07:28:36.063288Z [287/347] Pendidikan Moral — Kesejahteraan Keluarga (Bahasa Melayu): generating 5 question(s)...
2026-07-21T07:28:36.063410Z --- RETRIEVING SYLLABUS & STUDENT HISTORY in parallel: Kesejahteraan Keluarga ---
2026-07-21T07:28:36.257893Z --- GENERATING ADAPTIVE MCQ IN BAHASA MELAYU ---
2026-07-21T07:28:36.279210Z -> OpenRouter error (NotFoundError: Error code: 404 - {'error': {'message': 'This model is unavailable for free. The paid version is available now - use this slug instead: meta-llama/llama-3.3-70b-instruct', 'code': 404}, 'user_id': 'user_3FWg0Y7hFwr9mi6ZEJfwxiglC7C'}), trying next provider…
2026-07-21T07:28:36.279291Z -> LLM Error in Generator: All LLM providers failed (non-rate-limit errors). Check API keys and quotas.
2026-07-21T07:28:36.667419Z   ✓ Q1/5 saved (bank now 1)
2026-07-21T07:28:38.667683Z --- RETRIEVING SYLLABUS & STUDENT HISTORY in parallel: Kesejahteraan Keluarga ---
2026-07-21T07:28:38.856369Z --- GENERATING ADAPTIVE MCQ IN BAHASA MELAYU ---
2026-07-21T07:28:38.885433Z -> OpenRouter error (NotFoundError: Error code: 404 - {'error': {'message': 'This model is unavailable for free. The paid version is available now - use this slug instead: meta-llama/llama-3.3-70b-instruct', 'code': 404}, 'user_id': 'user_3FWg0Y7hFwr9mi6ZEJfwxiglC7C'}), trying next provider…
2026-07-21T07:28:38.885511Z -> LLM Error in Generator: All LLM providers failed (non-rate-limit errors). Check API keys and quotas.
2026-07-21T07:28:39.276474Z   ✓ Q2/5 saved (bank now 2)
2026-07-21T07:28:41.276770Z --- RETRIEVING SYLLABUS & STUDENT HISTORY in parallel: Kesejahteraan Keluarga ---
2026-07-21T07:28:41.452594Z --- GENERATING ADAPTIVE MCQ IN BAHASA MELAYU ---
2026-07-21T07:28:41.483338Z -> OpenRouter error (NotFoundError: Error code: 404 - {'error': {'message': 'This model is unavailable for free. The paid version is available now - use this slug instead: meta-llama/llama-3.3-70b-instruct', 'code': 404}, 'user_id': 'user_3FWg0Y7hFwr9mi6ZEJfwxiglC7C'}), trying next provider…
2026-07-21T07:28:41.483389Z -> LLM Error in Generator: All LLM providers failed (non-rate-limit errors). Check API keys and quotas.
2026-07-21T07:28:41.851376Z   ✓ Q3/5 saved (bank now 3)
2026-07-21T07:28:43.851554Z --- RETRIEVING SYLLABUS & STUDENT HISTORY in parallel: Kesejahteraan Keluarga ---
2026-07-21T07:28:44.033765Z --- GENERATING ADAPTIVE MCQ IN BAHASA MELAYU ---
2026-07-21T07:28:44.054691Z -> OpenRouter error (NotFoundError: Error code: 404 - {'error': {'message': 'This model is unavailable for free. The paid version is available now - use this slug instead: meta-llama/llama-3.3-70b-instruct', 'code': 404}, 'user_id': 'user_3FWg0Y7hFwr9mi6ZEJfwxiglC7C'}), trying next provider…
2026-07-21T07:28:44.054792Z -> LLM Error in Generator: All LLM providers failed (non-rate-limit errors). Check API keys and quotas.
2026-07-21T07:28:44.444209Z   ✓ Q4/5 saved (bank now 4)
2026-07-21T07:28:46.444371Z --- RETRIEVING SYLLABUS & STUDENT HISTORY in parallel: Kesejahteraan Keluarga ---
2026-07-21T07:28:46.628012Z --- GENERATING ADAPTIVE MCQ IN BAHASA MELAYU ---
2026-07-21T07:28:46.649947Z -> OpenRouter error (NotFoundError: Error code: 404 - {'error': {'message': 'This model is unavailable for free. The paid version is available now - use this slug instead: meta-llama/llama-3.3-70b-instruct', 'code': 404}, 'user_id': 'user_3FWg0Y7hFwr9mi6ZEJfwxiglC7C'}), trying next provider…
2026-07-21T07:28:46.650030Z -> LLM Error in Generator: All LLM providers failed (non-rate-limit errors). Check API keys and quotas.
2026-07-21T07:28:47.023356Z   ✓ Q5/5 saved (bank now 5)
2026-07-21T07:28:49.023485Z [288/347] Mathematics — Patterns and Sequences (English): generating 3 question(s)...
2026-07-21T07:28:49.023550Z --- RETRIEVING SYLLABUS & STUDENT HISTORY in parallel: Patterns and Sequences ---
2026-07-21T07:28:49.623418Z -> Retrieved 0 textbook chunk(s), 8 DSKP chunk(s)
2026-07-21T07:28:49.624030Z --- GENERATING ADAPTIVE MCQ IN ENGLISH ---
2026-07-21T07:28:51.310409Z -> Cerebras: cooling for 65s.
2026-07-21T07:28:51.351000Z -> GroqCloud: cooling for 65s.
2026-07-21T07:28:51.372210Z -> OpenRouter error (NotFoundError: Error code: 404 - {'error': {'message': 'This model is unavailable for free. The paid version is available now - use this slug instead: meta-llama/llama-3.3-70b-instruct', 'code': 404}, 'user_id': 'user_3FWg0Y7hFwr9mi6ZEJfwxiglC7C'}), trying next provider…
2026-07-21T07:28:51.372287Z -> LLM Error in Generator: All LLM providers failed (non-rate-limit errors). Check API keys and quotas.
2026-07-21T07:28:51.749457Z   ✓ Q1/3 saved (bank now 3)
2026-07-21T07:28:53.749706Z --- RETRIEVING SYLLABUS & STUDENT HISTORY in parallel: Patterns and Sequences ---
2026-07-21T07:28:53.937059Z --- GENERATING ADAPTIVE MCQ IN ENGLISH ---
2026-07-21T07:28:53.959249Z -> OpenRouter error (NotFoundError: Error code: 404 - {'error': {'message': 'This model is unavailable for free. The paid version is available now - use this slug instead: meta-llama/llama-3.3-70b-instruct', 'code': 404}, 'user_id': 'user_3FWg0Y7hFwr9mi6ZEJfwxiglC7C'}), trying next provider…
2026-07-21T07:28:53.959389Z -> LLM Error in Generator: All LLM providers failed (non-rate-limit errors). Check API keys and quotas.
2026-07-21T07:28:54.342982Z   ✓ Q2/3 saved (bank now 4)
2026-07-21T07:28:56.343226Z --- RETRIEVING SYLLABUS & STUDENT HISTORY in parallel: Patterns and Sequences ---
2026-07-21T07:28:56.532397Z --- GENERATING ADAPTIVE MCQ IN ENGLISH ---
2026-07-21T07:28:56.550205Z -> OpenRouter error (NotFoundError: Error code: 404 - {'error': {'message': 'This model is unavailable for free. The paid version is available now - use this slug instead: meta-llama/llama-3.3-70b-instruct', 'code': 404}, 'user_id': 'user_3FWg0Y7hFwr9mi6ZEJfwxiglC7C'}), trying next provider…
2026-07-21T07:28:56.550252Z -> LLM Error in Generator: All LLM providers failed (non-rate-limit errors). Check API keys and quotas.
2026-07-21T07:28:56.939539Z   ✓ Q3/3 saved (bank now 5)
2026-07-21T07:28:58.939818Z [289/347] Mathematics — Patterns and Sequences (Bahasa Melayu): generating 4 question(s)...
2026-07-21T07:28:58.939897Z --- RETRIEVING SYLLABUS & STUDENT HISTORY in parallel: Patterns and Sequences ---
2026-07-21T07:28:59.129360Z --- GENERATING ADAPTIVE MCQ IN BAHASA MELAYU ---
2026-07-21T07:28:59.153423Z -> OpenRouter error (NotFoundError: Error code: 404 - {'error': {'message': 'This model is unavailable for free. The paid version is available now - use this slug instead: meta-llama/llama-3.3-70b-instruct', 'code': 404}, 'user_id': 'user_3FWg0Y7hFwr9mi6ZEJfwxiglC7C'}), trying next provider…
2026-07-21T07:28:59.153500Z -> LLM Error in Generator: All LLM providers failed (non-rate-limit errors). Check API keys and quotas.
2026-07-21T07:28:59.554708Z   ✓ Q1/4 saved (bank now 2)
2026-07-21T07:29:01.554966Z --- RETRIEVING SYLLABUS & STUDENT HISTORY in parallel: Patterns and Sequences ---
2026-07-21T07:29:01.752265Z --- GENERATING ADAPTIVE MCQ IN BAHASA MELAYU ---
2026-07-21T07:29:01.777103Z -> OpenRouter error (NotFoundError: Error code: 404 - {'error': {'message': 'This model is unavailable for free. The paid version is available now - use this slug instead: meta-llama/llama-3.3-70b-instruct', 'code': 404}, 'user_id': 'user_3FWg0Y7hFwr9mi6ZEJfwxiglC7C'}), trying next provider…
2026-07-21T07:29:01.777173Z -> LLM Error in Generator: All LLM providers failed (non-rate-limit errors). Check API keys and quotas.
2026-07-21T07:29:02.150353Z   ✓ Q2/4 saved (bank now 3)
2026-07-21T07:29:04.150478Z --- RETRIEVING SYLLABUS & STUDENT HISTORY in parallel: Patterns and Sequences ---
2026-07-21T07:29:04.327797Z --- GENERATING ADAPTIVE MCQ IN BAHASA MELAYU ---
2026-07-21T07:29:04.507924Z -> OpenRouter error (NotFoundError: Error code: 404 - {'error': {'message': 'This model is unavailable for free. The paid version is available now - use this slug instead: meta-llama/llama-3.3-70b-instruct', 'code': 404}, 'user_id': 'user_3FWg0Y7hFwr9mi6ZEJfwxiglC7C'}), trying next provider…
2026-07-21T07:29:04.508012Z -> LLM Error in Generator: All LLM providers failed (non-rate-limit errors). Check API keys and quotas.
2026-07-21T07:29:04.897707Z   ✓ Q3/4 saved (bank now 4)
2026-07-21T07:29:06.897952Z --- RETRIEVING SYLLABUS & STUDENT HISTORY in parallel: Patterns and Sequences ---
2026-07-21T07:29:07.087831Z --- GENERATING ADAPTIVE MCQ IN BAHASA MELAYU ---
2026-07-21T07:29:07.107206Z -> OpenRouter error (NotFoundError: Error code: 404 - {'error': {'message': 'This model is unavailable for free. The paid version is available now - use this slug instead: meta-llama/llama-3.3-70b-instruct', 'code': 404}, 'user_id': 'user_3FWg0Y7hFwr9mi6ZEJfwxiglC7C'}), trying next provider…
2026-07-21T07:29:07.107275Z -> LLM Error in Generator: All LLM providers failed (non-rate-limit errors). Check API keys and quotas.
2026-07-21T07:29:07.485276Z   ✓ Q4/4 saved (bank now 5)
2026-07-21T07:29:09.485507Z [290/347] Mathematics — Number Bases (English): generating 4 question(s)...
2026-07-21T07:29:09.485594Z --- RETRIEVING SYLLABUS & STUDENT HISTORY in parallel: Number Bases ---
2026-07-21T07:29:09.863653Z -> Retrieved 0 textbook chunk(s), 8 DSKP chunk(s)
2026-07-21T07:29:09.864079Z --- GENERATING ADAPTIVE MCQ IN ENGLISH ---
2026-07-21T07:29:09.884298Z -> OpenRouter error (NotFoundError: Error code: 404 - {'error': {'message': 'This model is unavailable for free. The paid version is available now - use this slug instead: meta-llama/llama-3.3-70b-instruct', 'code': 404}, 'user_id': 'user_3FWg0Y7hFwr9mi6ZEJfwxiglC7C'}), trying next provider…
2026-07-21T07:29:09.884401Z -> LLM Error in Generator: All LLM providers failed (non-rate-limit errors). Check API keys and quotas.
2026-07-21T07:29:10.253795Z   ✓ Q1/4 saved (bank now 2)
2026-07-21T07:29:12.253910Z --- RETRIEVING SYLLABUS & STUDENT HISTORY in parallel: Number Bases ---
2026-07-21T07:29:12.430121Z --- GENERATING ADAPTIVE MCQ IN ENGLISH ---
2026-07-21T07:29:12.466674Z -> OpenRouter error (NotFoundError: Error code: 404 - {'error': {'message': 'This model is unavailable for free. The paid version is available now - use this slug instead: meta-llama/llama-3.3-70b-instruct', 'code': 404}, 'user_id': 'user_3FWg0Y7hFwr9mi6ZEJfwxiglC7C'}), trying next provider…
2026-07-21T07:29:12.466721Z -> LLM Error in Generator: All LLM providers failed (non-rate-limit errors). Check API keys and quotas.
2026-07-21T07:29:12.864801Z   ✓ Q2/4 saved (bank now 3)
2026-07-21T07:29:14.864988Z --- RETRIEVING SYLLABUS & STUDENT HISTORY in parallel: Number Bases ---
2026-07-21T07:29:15.056011Z --- GENERATING ADAPTIVE MCQ IN ENGLISH ---
2026-07-21T07:29:15.074748Z -> OpenRouter error (NotFoundError: Error code: 404 - {'error': {'message': 'This model is unavailable for free. The paid version is available now - use this slug instead: meta-llama/llama-3.3-70b-instruct', 'code': 404}, 'user_id': 'user_3FWg0Y7hFwr9mi6ZEJfwxiglC7C'}), trying next provider…
2026-07-21T07:29:15.074844Z -> LLM Error in Generator: All LLM providers failed (non-rate-limit errors). Check API keys and quotas.
2026-07-21T07:29:15.447980Z   ✓ Q3/4 saved (bank now 4)
2026-07-21T07:29:17.448280Z --- RETRIEVING SYLLABUS & STUDENT HISTORY in parallel: Number Bases ---
2026-07-21T07:29:17.637027Z --- GENERATING ADAPTIVE MCQ IN ENGLISH ---
2026-07-21T07:29:17.657304Z -> OpenRouter error (NotFoundError: Error code: 404 - {'error': {'message': 'This model is unavailable for free. The paid version is available now - use this slug instead: meta-llama/llama-3.3-70b-instruct', 'code': 404}, 'user_id': 'user_3FWg0Y7hFwr9mi6ZEJfwxiglC7C'}), trying next provider…
2026-07-21T07:29:17.657417Z -> LLM Error in Generator: All LLM providers failed (non-rate-limit errors). Check API keys and quotas.
2026-07-21T07:29:18.026048Z   ✓ Q4/4 saved (bank now 5)
2026-07-21T07:29:20.026248Z [291/347] Mathematics — Number Bases (Bahasa Melayu): generating 4 question(s)...
2026-07-21T07:29:20.026370Z --- RETRIEVING SYLLABUS & STUDENT HISTORY in parallel: Number Bases ---
2026-07-21T07:29:20.226479Z --- GENERATING ADAPTIVE MCQ IN BAHASA MELAYU ---
2026-07-21T07:29:20.250200Z -> OpenRouter error (NotFoundError: Error code: 404 - {'error': {'message': 'This model is unavailable for free. The paid version is available now - use this slug instead: meta-llama/llama-3.3-70b-instruct', 'code': 404}, 'user_id': 'user_3FWg0Y7hFwr9mi6ZEJfwxiglC7C'}), trying next provider…
2026-07-21T07:29:20.250277Z -> LLM Error in Generator: All LLM providers failed (non-rate-limit errors). Check API keys and quotas.
2026-07-21T07:29:20.631111Z   ✓ Q1/4 saved (bank now 2)
2026-07-21T07:29:22.631407Z --- RETRIEVING SYLLABUS & STUDENT HISTORY in parallel: Number Bases ---
2026-07-21T07:29:22.811633Z --- GENERATING ADAPTIVE MCQ IN BAHASA MELAYU ---
2026-07-21T07:29:22.836669Z -> OpenRouter error (NotFoundError: Error code: 404 - {'error': {'message': 'This model is unavailable for free. The paid version is available now - use this slug instead: meta-llama/llama-3.3-70b-instruct', 'code': 404}, 'user_id': 'user_3FWg0Y7hFwr9mi6ZEJfwxiglC7C'}), trying next provider…
2026-07-21T07:29:22.836768Z -> LLM Error in Generator: All LLM providers failed (non-rate-limit errors). Check API keys and quotas.
2026-07-21T07:29:23.228727Z   ✓ Q2/4 saved (bank now 3)
2026-07-21T07:29:25.228963Z --- RETRIEVING SYLLABUS & STUDENT HISTORY in parallel: Number Bases ---
2026-07-21T07:29:25.427447Z --- GENERATING ADAPTIVE MCQ IN BAHASA MELAYU ---
2026-07-21T07:29:25.447193Z -> OpenRouter error (NotFoundError: Error code: 404 - {'error': {'message': 'This model is unavailable for free. The paid version is available now - use this slug instead: meta-llama/llama-3.3-70b-instruct', 'code': 404}, 'user_id': 'user_3FWg0Y7hFwr9mi6ZEJfwxiglC7C'}), trying next provider…
2026-07-21T07:29:25.447299Z -> LLM Error in Generator: All LLM providers failed (non-rate-limit errors). Check API keys and quotas.
2026-07-21T07:29:25.824745Z   ✓ Q3/4 saved (bank now 4)
2026-07-21T07:29:27.825166Z --- RETRIEVING SYLLABUS & STUDENT HISTORY in parallel: Number Bases ---
2026-07-21T07:29:28.014074Z --- GENERATING ADAPTIVE MCQ IN BAHASA MELAYU ---
2026-07-21T07:29:28.033861Z -> OpenRouter error (NotFoundError: Error code: 404 - {'error': {'message': 'This model is unavailable for free. The paid version is available now - use this slug instead: meta-llama/llama-3.3-70b-instruct', 'code': 404}, 'user_id': 'user_3FWg0Y7hFwr9mi6ZEJfwxiglC7C'}), trying next provider…
2026-07-21T07:29:28.033924Z -> LLM Error in Generator: All LLM providers failed (non-rate-limit errors). Check API keys and quotas.
2026-07-21T07:29:28.410884Z   ✓ Q4/4 saved (bank now 5)
2026-07-21T07:29:30.411118Z [292/347] Mathematics — Logical Reasoning (English): generating 4 question(s)...
2026-07-21T07:29:30.411216Z --- RETRIEVING SYLLABUS & STUDENT HISTORY in parallel: Logical Reasoning ---
2026-07-21T07:29:30.907823Z -> Retrieved 1 textbook chunk(s), 7 DSKP chunk(s)
2026-07-21T07:29:30.908216Z --- GENERATING ADAPTIVE MCQ IN ENGLISH ---
2026-07-21T07:29:30.939464Z -> OpenRouter error (NotFoundError: Error code: 404 - {'error': {'message': 'This model is unavailable for free. The paid version is available now - use this slug instead: meta-llama/llama-3.3-70b-instruct', 'code': 404}, 'user_id': 'user_3FWg0Y7hFwr9mi6ZEJfwxiglC7C'}), trying next provider…
2026-07-21T07:29:30.939560Z -> LLM Error in Generator: All LLM providers failed (non-rate-limit errors). Check API keys and quotas.
2026-07-21T07:29:31.307027Z   ✓ Q1/4 saved (bank now 2)
2026-07-21T07:29:33.307281Z --- RETRIEVING SYLLABUS & STUDENT HISTORY in parallel: Logical Reasoning ---
2026-07-21T07:29:33.495783Z --- GENERATING ADAPTIVE MCQ IN ENGLISH ---
2026-07-21T07:29:33.511476Z -> OpenRouter error (NotFoundError: Error code: 404 - {'error': {'message': 'This model is unavailable for free. The paid version is available now - use this slug instead: meta-llama/llama-3.3-70b-instruct', 'code': 404}, 'user_id': 'user_3FWg0Y7hFwr9mi6ZEJfwxiglC7C'}), trying next provider…
2026-07-21T07:29:33.511559Z -> LLM Error in Generator: All LLM providers failed (non-rate-limit errors). Check API keys and quotas.
2026-07-21T07:29:33.907072Z   ✓ Q2/4 saved (bank now 3)
2026-07-21T07:29:35.907426Z --- RETRIEVING SYLLABUS & STUDENT HISTORY in parallel: Logical Reasoning ---
2026-07-21T07:29:36.103548Z --- GENERATING ADAPTIVE MCQ IN ENGLISH ---
2026-07-21T07:29:36.122522Z -> OpenRouter error (NotFoundError: Error code: 404 - {'error': {'message': 'This model is unavailable for free. The paid version is available now - use this slug instead: meta-llama/llama-3.3-70b-instruct', 'code': 404}, 'user_id': 'user_3FWg0Y7hFwr9mi6ZEJfwxiglC7C'}), trying next provider…
2026-07-21T07:29:36.122605Z -> LLM Error in Generator: All LLM providers failed (non-rate-limit errors). Check API keys and quotas.
2026-07-21T07:29:36.845625Z   ✓ Q3/4 saved (bank now 4)
2026-07-21T07:29:38.845988Z --- RETRIEVING SYLLABUS & STUDENT HISTORY in parallel: Logical Reasoning ---
2026-07-21T07:29:39.046080Z --- GENERATING ADAPTIVE MCQ IN ENGLISH ---
2026-07-21T07:29:39.065887Z -> OpenRouter error (NotFoundError: Error code: 404 - {'error': {'message': 'This model is unavailable for free. The paid version is available now - use this slug instead: meta-llama/llama-3.3-70b-instruct', 'code': 404}, 'user_id': 'user_3FWg0Y7hFwr9mi6ZEJfwxiglC7C'}), trying next provider…
2026-07-21T07:29:39.065976Z -> LLM Error in Generator: All LLM providers failed (non-rate-limit errors). Check API keys and quotas.
2026-07-21T07:29:39.430649Z   ✓ Q4/4 saved (bank now 5)
2026-07-21T07:29:41.430801Z [293/347] Mathematics — Logical Reasoning (Bahasa Melayu): generating 4 question(s)...
2026-07-21T07:29:41.430857Z --- RETRIEVING SYLLABUS & STUDENT HISTORY in parallel: Logical Reasoning ---
2026-07-21T07:29:41.631969Z --- GENERATING ADAPTIVE MCQ IN BAHASA MELAYU ---
2026-07-21T07:29:41.653584Z -> OpenRouter error (NotFoundError: Error code: 404 - {'error': {'message': 'This model is unavailable for free. The paid version is available now - use this slug instead: meta-llama/llama-3.3-70b-instruct', 'code': 404}, 'user_id': 'user_3FWg0Y7hFwr9mi6ZEJfwxiglC7C'}), trying next provider…
2026-07-21T07:29:41.653676Z -> LLM Error in Generator: All LLM providers failed (non-rate-limit errors). Check API keys and quotas.
2026-07-21T07:29:42.045124Z   ✓ Q1/4 saved (bank now 2)
2026-07-21T07:29:44.045353Z --- RETRIEVING SYLLABUS & STUDENT HISTORY in parallel: Logical Reasoning ---
2026-07-21T07:29:44.243491Z --- GENERATING ADAPTIVE MCQ IN BAHASA MELAYU ---
2026-07-21T07:29:44.270890Z -> OpenRouter error (NotFoundError: Error code: 404 - {'error': {'message': 'This model is unavailable for free. The paid version is available now - use this slug instead: meta-llama/llama-3.3-70b-instruct', 'code': 404}, 'user_id': 'user_3FWg0Y7hFwr9mi6ZEJfwxiglC7C'}), trying next provider…
2026-07-21T07:29:44.270947Z -> LLM Error in Generator: All LLM providers failed (non-rate-limit errors). Check API keys and quotas.
2026-07-21T07:29:44.636917Z   ✓ Q2/4 saved (bank now 3)
2026-07-21T07:29:46.637074Z --- RETRIEVING SYLLABUS & STUDENT HISTORY in parallel: Logical Reasoning ---
2026-07-21T07:29:46.834035Z --- GENERATING ADAPTIVE MCQ IN BAHASA MELAYU ---
2026-07-21T07:29:46.851941Z -> OpenRouter error (NotFoundError: Error code: 404 - {'error': {'message': 'This model is unavailable for free. The paid version is available now - use this slug instead: meta-llama/llama-3.3-70b-instruct', 'code': 404}, 'user_id': 'user_3FWg0Y7hFwr9mi6ZEJfwxiglC7C'}), trying next provider…
2026-07-21T07:29:46.852028Z -> LLM Error in Generator: All LLM providers failed (non-rate-limit errors). Check API keys and quotas.
2026-07-21T07:29:47.246821Z   ✓ Q3/4 saved (bank now 4)
2026-07-21T07:29:49.247025Z --- RETRIEVING SYLLABUS & STUDENT HISTORY in parallel: Logical Reasoning ---
2026-07-21T07:29:49.445031Z --- GENERATING ADAPTIVE MCQ IN BAHASA MELAYU ---
2026-07-21T07:29:49.468726Z -> OpenRouter error (NotFoundError: Error code: 404 - {'error': {'message': 'This model is unavailable for free. The paid version is available now - use this slug instead: meta-llama/llama-3.3-70b-instruct', 'code': 404}, 'user_id': 'user_3FWg0Y7hFwr9mi6ZEJfwxiglC7C'}), trying next provider…
2026-07-21T07:29:49.468819Z -> LLM Error in Generator: All LLM providers failed (non-rate-limit errors). Check API keys and quotas.
2026-07-21T07:29:49.842671Z   ✓ Q4/4 saved (bank now 5)
2026-07-21T07:29:51.842902Z [294/347] Mathematics — Operations on Sets (English): generating 3 question(s)...
2026-07-21T07:29:51.842985Z --- RETRIEVING SYLLABUS & STUDENT HISTORY in parallel: Operations on Sets ---
2026-07-21T07:29:52.203883Z -> Retrieved 1 textbook chunk(s), 7 DSKP chunk(s)
2026-07-21T07:29:52.204303Z --- GENERATING ADAPTIVE MCQ IN ENGLISH ---
2026-07-21T07:29:52.262387Z -> OpenRouter error (NotFoundError: Error code: 404 - {'error': {'message': 'This model is unavailable for free. The paid version is available now - use this slug instead: meta-llama/llama-3.3-70b-instruct', 'code': 404}, 'user_id': 'user_3FWg0Y7hFwr9mi6ZEJfwxiglC7C'}), trying next provider…
2026-07-21T07:29:52.262475Z -> LLM Error in Generator: All LLM providers failed (non-rate-limit errors). Check API keys and quotas.
2026-07-21T07:29:52.665021Z   ✓ Q1/3 saved (bank now 3)
2026-07-21T07:29:54.665266Z --- RETRIEVING SYLLABUS & STUDENT HISTORY in parallel: Operations on Sets ---
2026-07-21T07:29:54.860418Z --- GENERATING ADAPTIVE MCQ IN ENGLISH ---
2026-07-21T07:29:54.885925Z -> OpenRouter error (NotFoundError: Error code: 404 - {'error': {'message': 'This model is unavailable for free. The paid version is available now - use this slug instead: meta-llama/llama-3.3-70b-instruct', 'code': 404}, 'user_id': 'user_3FWg0Y7hFwr9mi6ZEJfwxiglC7C'}), trying next provider…
2026-07-21T07:29:54.886009Z -> LLM Error in Generator: All LLM providers failed (non-rate-limit errors). Check API keys and quotas.
2026-07-21T07:29:55.271384Z   ✓ Q2/3 saved (bank now 4)
2026-07-21T07:29:57.271620Z --- RETRIEVING SYLLABUS & STUDENT HISTORY in parallel: Operations on Sets ---
2026-07-21T07:29:57.452052Z --- GENERATING ADAPTIVE MCQ IN ENGLISH ---
2026-07-21T07:29:59.374627Z -> Cerebras: cooling for 65s.
2026-07-21T07:29:59.418447Z -> GroqCloud: cooling for 65s.
2026-07-21T07:29:59.438277Z -> OpenRouter error (NotFoundError: Error code: 404 - {'error': {'message': 'This model is unavailable for free. The paid version is available now - use this slug instead: meta-llama/llama-3.3-70b-instruct', 'code': 404}, 'user_id': 'user_3FWg0Y7hFwr9mi6ZEJfwxiglC7C'}), trying next provider…
2026-07-21T07:29:59.438417Z -> LLM Error in Generator: All LLM providers failed (non-rate-limit errors). Check API keys and quotas.
2026-07-21T07:29:59.832574Z   ✓ Q3/3 saved (bank now 5)
2026-07-21T07:30:01.832838Z [295/347] Mathematics — Operations on Sets (Bahasa Melayu): generating 4 question(s)...
2026-07-21T07:30:01.832933Z --- RETRIEVING SYLLABUS & STUDENT HISTORY in parallel: Operations on Sets ---
2026-07-21T07:30:02.023738Z --- GENERATING ADAPTIVE MCQ IN BAHASA MELAYU ---
2026-07-21T07:30:02.047998Z -> OpenRouter error (NotFoundError: Error code: 404 - {'error': {'message': 'This model is unavailable for free. The paid version is available now - use this slug instead: meta-llama/llama-3.3-70b-instruct', 'code': 404}, 'user_id': 'user_3FWg0Y7hFwr9mi6ZEJfwxiglC7C'}), trying next provider…
2026-07-21T07:30:02.048071Z -> LLM Error in Generator: All LLM providers failed (non-rate-limit errors). Check API keys and quotas.
2026-07-21T07:30:02.451341Z   ✓ Q1/4 saved (bank now 2)
2026-07-21T07:30:04.451587Z --- RETRIEVING SYLLABUS & STUDENT HISTORY in parallel: Operations on Sets ---
2026-07-21T07:30:04.668508Z --- GENERATING ADAPTIVE MCQ IN BAHASA MELAYU ---
2026-07-21T07:30:04.690137Z -> OpenRouter error (NotFoundError: Error code: 404 - {'error': {'message': 'This model is unavailable for free. The paid version is available now - use this slug instead: meta-llama/llama-3.3-70b-instruct', 'code': 404}, 'user_id': 'user_3FWg0Y7hFwr9mi6ZEJfwxiglC7C'}), trying next provider…
2026-07-21T07:30:04.690210Z -> LLM Error in Generator: All LLM providers failed (non-rate-limit errors). Check API keys and quotas.
2026-07-21T07:30:05.074395Z   ✓ Q2/4 saved (bank now 3)
2026-07-21T07:30:07.074637Z --- RETRIEVING SYLLABUS & STUDENT HISTORY in parallel: Operations on Sets ---
2026-07-21T07:30:07.282616Z --- GENERATING ADAPTIVE MCQ IN BAHASA MELAYU ---
2026-07-21T07:30:07.303235Z -> OpenRouter error (NotFoundError: Error code: 404 - {'error': {'message': 'This model is unavailable for free. The paid version is available now - use this slug instead: meta-llama/llama-3.3-70b-instruct', 'code': 404}, 'user_id': 'user_3FWg0Y7hFwr9mi6ZEJfwxiglC7C'}), trying next provider…
2026-07-21T07:30:07.303297Z -> LLM Error in Generator: All LLM providers failed (non-rate-limit errors). Check API keys and quotas.
2026-07-21T07:30:07.691795Z   ✓ Q3/4 saved (bank now 4)
2026-07-21T07:30:09.691964Z --- RETRIEVING SYLLABUS & STUDENT HISTORY in parallel: Operations on Sets ---
2026-07-21T07:30:09.890241Z --- GENERATING ADAPTIVE MCQ IN BAHASA MELAYU ---
2026-07-21T07:30:10.118484Z -> OpenRouter error (NotFoundError: Error code: 404 - {'error': {'message': 'This model is unavailable for free. The paid version is available now - use this slug instead: meta-llama/llama-3.3-70b-instruct', 'code': 404}, 'user_id': 'user_3FWg0Y7hFwr9mi6ZEJfwxiglC7C'}), trying next provider…
2026-07-21T07:30:10.118569Z -> LLM Error in Generator: All LLM providers failed (non-rate-limit errors). Check API keys and quotas.
2026-07-21T07:30:10.487961Z   ✓ Q4/4 saved (bank now 5)
2026-07-21T07:30:12.488198Z [296/347] Mathematics — Linear Inequalities (English): generating 4 question(s)...
2026-07-21T07:30:12.488279Z --- RETRIEVING SYLLABUS & STUDENT HISTORY in parallel: Linear Inequalities ---
2026-07-21T07:30:12.901641Z -> Retrieved 1 textbook chunk(s), 7 DSKP chunk(s)
2026-07-21T07:30:12.902060Z --- GENERATING ADAPTIVE MCQ IN ENGLISH ---
2026-07-21T07:30:12.923566Z -> OpenRouter error (NotFoundError: Error code: 404 - {'error': {'message': 'This model is unavailable for free. The paid version is available now - use this slug instead: meta-llama/llama-3.3-70b-instruct', 'code': 404}, 'user_id': 'user_3FWg0Y7hFwr9mi6ZEJfwxiglC7C'}), trying next provider…
2026-07-21T07:30:12.923632Z -> LLM Error in Generator: All LLM providers failed (non-rate-limit errors). Check API keys and quotas.
2026-07-21T07:30:13.306914Z   ✓ Q1/4 saved (bank now 2)
2026-07-21T07:30:15.307170Z --- RETRIEVING SYLLABUS & STUDENT HISTORY in parallel: Linear Inequalities ---
2026-07-21T07:30:15.494868Z --- GENERATING ADAPTIVE MCQ IN ENGLISH ---
2026-07-21T07:30:15.524235Z -> OpenRouter error (NotFoundError: Error code: 404 - {'error': {'message': 'This model is unavailable for free. The paid version is available now - use this slug instead: meta-llama/llama-3.3-70b-instruct', 'code': 404}, 'user_id': 'user_3FWg0Y7hFwr9mi6ZEJfwxiglC7C'}), trying next provider…
2026-07-21T07:30:15.524399Z -> LLM Error in Generator: All LLM providers failed (non-rate-limit errors). Check API keys and quotas.
2026-07-21T07:30:16.264463Z   ✓ Q2/4 saved (bank now 3)
2026-07-21T07:30:18.264642Z --- RETRIEVING SYLLABUS & STUDENT HISTORY in parallel: Linear Inequalities ---
2026-07-21T07:30:18.457949Z --- GENERATING ADAPTIVE MCQ IN ENGLISH ---
2026-07-21T07:30:18.476493Z -> OpenRouter error (NotFoundError: Error code: 404 - {'error': {'message': 'This model is unavailable for free. The paid version is available now - use this slug instead: meta-llama/llama-3.3-70b-instruct', 'code': 404}, 'user_id': 'user_3FWg0Y7hFwr9mi6ZEJfwxiglC7C'}), trying next provider…
2026-07-21T07:30:18.476544Z -> LLM Error in Generator: All LLM providers failed (non-rate-limit errors). Check API keys and quotas.
2026-07-21T07:30:19.523667Z   ✓ Q3/4 saved (bank now 4)
2026-07-21T07:30:21.524021Z --- RETRIEVING SYLLABUS & STUDENT HISTORY in parallel: Linear Inequalities ---
2026-07-21T07:30:21.708467Z --- GENERATING ADAPTIVE MCQ IN ENGLISH ---
2026-07-21T07:30:21.727692Z -> OpenRouter error (NotFoundError: Error code: 404 - {'error': {'message': 'This model is unavailable for free. The paid version is available now - use this slug instead: meta-llama/llama-3.3-70b-instruct', 'code': 404}, 'user_id': 'user_3FWg0Y7hFwr9mi6ZEJfwxiglC7C'}), trying next provider…
2026-07-21T07:30:21.727793Z -> LLM Error in Generator: All LLM providers failed (non-rate-limit errors). Check API keys and quotas.
2026-07-21T07:30:22.429660Z   ✓ Q4/4 saved (bank now 5)
2026-07-21T07:30:24.429889Z [297/347] Mathematics — Linear Inequalities (Bahasa Melayu): generating 4 question(s)...
2026-07-21T07:30:24.429967Z --- RETRIEVING SYLLABUS & STUDENT HISTORY in parallel: Linear Inequalities ---
2026-07-21T07:30:24.684512Z --- GENERATING ADAPTIVE MCQ IN BAHASA MELAYU ---
2026-07-21T07:30:24.701962Z -> OpenRouter error (NotFoundError: Error code: 404 - {'error': {'message': 'This model is unavailable for free. The paid version is available now - use this slug instead: meta-llama/llama-3.3-70b-instruct', 'code': 404}, 'user_id': 'user_3FWg0Y7hFwr9mi6ZEJfwxiglC7C'}), trying next provider…
2026-07-21T07:30:24.702033Z -> LLM Error in Generator: All LLM providers failed (non-rate-limit errors). Check API keys and quotas.
2026-07-21T07:30:25.109653Z   ✓ Q1/4 saved (bank now 2)
2026-07-21T07:30:27.109879Z --- RETRIEVING SYLLABUS & STUDENT HISTORY in parallel: Linear Inequalities ---
2026-07-21T07:30:27.311236Z --- GENERATING ADAPTIVE MCQ IN BAHASA MELAYU ---
2026-07-21T07:30:27.330860Z -> OpenRouter error (NotFoundError: Error code: 404 - {'error': {'message': 'This model is unavailable for free. The paid version is available now - use this slug instead: meta-llama/llama-3.3-70b-instruct', 'code': 404}, 'user_id': 'user_3FWg0Y7hFwr9mi6ZEJfwxiglC7C'}), trying next provider…
2026-07-21T07:30:27.330944Z -> LLM Error in Generator: All LLM providers failed (non-rate-limit errors). Check API keys and quotas.
2026-07-21T07:30:27.743757Z   ✓ Q2/4 saved (bank now 3)
2026-07-21T07:30:29.744028Z --- RETRIEVING SYLLABUS & STUDENT HISTORY in parallel: Linear Inequalities ---
2026-07-21T07:30:29.973255Z --- GENERATING ADAPTIVE MCQ IN BAHASA MELAYU ---
2026-07-21T07:30:29.991154Z -> OpenRouter error (NotFoundError: Error code: 404 - {'error': {'message': 'This model is unavailable for free. The paid version is available now - use this slug instead: meta-llama/llama-3.3-70b-instruct', 'code': 404}, 'user_id': 'user_3FWg0Y7hFwr9mi6ZEJfwxiglC7C'}), trying next provider…
2026-07-21T07:30:29.991229Z -> LLM Error in Generator: All LLM providers failed (non-rate-limit errors). Check API keys and quotas.
2026-07-21T07:30:30.385396Z   ✓ Q3/4 saved (bank now 4)
2026-07-21T07:30:32.385655Z --- RETRIEVING SYLLABUS & STUDENT HISTORY in parallel: Linear Inequalities ---
2026-07-21T07:30:32.567840Z --- GENERATING ADAPTIVE MCQ IN BAHASA MELAYU ---
2026-07-21T07:30:32.626848Z -> OpenRouter error (NotFoundError: Error code: 404 - {'error': {'message': 'This model is unavailable for free. The paid version is available now - use this slug instead: meta-llama/llama-3.3-70b-instruct', 'code': 404}, 'user_id': 'user_3FWg0Y7hFwr9mi6ZEJfwxiglC7C'}), trying next provider…
2026-07-21T07:30:32.626946Z -> LLM Error in Generator: All LLM providers failed (non-rate-limit errors). Check API keys and quotas.
2026-07-21T07:30:32.999503Z   ✓ Q4/4 saved (bank now 5)
2026-07-21T07:30:34.999664Z [298/347] Mathematics — Graphs of Motion (English): generating 2 question(s)...
2026-07-21T07:30:34.999740Z --- RETRIEVING SYLLABUS & STUDENT HISTORY in parallel: Graphs of Motion ---
2026-07-21T07:30:35.814026Z -> Retrieved 5 textbook chunk(s), 3 DSKP chunk(s)
2026-07-21T07:30:35.814821Z --- GENERATING ADAPTIVE MCQ IN ENGLISH ---
2026-07-21T07:30:35.842178Z -> OpenRouter error (NotFoundError: Error code: 404 - {'error': {'message': 'This model is unavailable for free. The paid version is available now - use this slug instead: meta-llama/llama-3.3-70b-instruct', 'code': 404}, 'user_id': 'user_3FWg0Y7hFwr9mi6ZEJfwxiglC7C'}), trying next provider…
2026-07-21T07:30:35.842252Z -> LLM Error in Generator: All LLM providers failed (non-rate-limit errors). Check API keys and quotas.
2026-07-21T07:30:36.244760Z   ✓ Q1/2 saved (bank now 4)
2026-07-21T07:30:38.245051Z --- RETRIEVING SYLLABUS & STUDENT HISTORY in parallel: Graphs of Motion ---
2026-07-21T07:30:38.446157Z --- GENERATING ADAPTIVE MCQ IN ENGLISH ---
2026-07-21T07:30:38.471826Z -> OpenRouter error (NotFoundError: Error code: 404 - {'error': {'message': 'This model is unavailable for free. The paid version is available now - use this slug instead: meta-llama/llama-3.3-70b-instruct', 'code': 404}, 'user_id': 'user_3FWg0Y7hFwr9mi6ZEJfwxiglC7C'}), trying next provider…
2026-07-21T07:30:38.471886Z -> LLM Error in Generator: All LLM providers failed (non-rate-limit errors). Check API keys and quotas.
2026-07-21T07:30:38.845183Z   ✓ Q2/2 saved (bank now 5)
2026-07-21T07:30:40.845468Z [299/347] Mathematics — Graphs of Motion (Bahasa Melayu): generating 2 question(s)...
2026-07-21T07:30:40.845569Z --- RETRIEVING SYLLABUS & STUDENT HISTORY in parallel: Graphs of Motion ---
2026-07-21T07:30:41.036979Z --- GENERATING ADAPTIVE MCQ IN BAHASA MELAYU ---
2026-07-21T07:30:41.054864Z -> OpenRouter error (NotFoundError: Error code: 404 - {'error': {'message': 'This model is unavailable for free. The paid version is available now - use this slug instead: meta-llama/llama-3.3-70b-instruct', 'code': 404}, 'user_id': 'user_3FWg0Y7hFwr9mi6ZEJfwxiglC7C'}), trying next provider…
2026-07-21T07:30:41.054938Z -> LLM Error in Generator: All LLM providers failed (non-rate-limit errors). Check API keys and quotas.
2026-07-21T07:30:41.435075Z   ✓ Q1/2 saved (bank now 4)
2026-07-21T07:30:43.435249Z --- RETRIEVING SYLLABUS & STUDENT HISTORY in parallel: Graphs of Motion ---
2026-07-21T07:30:43.625162Z --- GENERATING ADAPTIVE MCQ IN BAHASA MELAYU ---
2026-07-21T07:30:43.645416Z -> OpenRouter error (NotFoundError: Error code: 404 - {'error': {'message': 'This model is unavailable for free. The paid version is available now - use this slug instead: meta-llama/llama-3.3-70b-instruct', 'code': 404}, 'user_id': 'user_3FWg0Y7hFwr9mi6ZEJfwxiglC7C'}), trying next provider…
2026-07-21T07:30:43.645487Z -> LLM Error in Generator: All LLM providers failed (non-rate-limit errors). Check API keys and quotas.
2026-07-21T07:30:44.060268Z   ✓ Q2/2 saved (bank now 5)
2026-07-21T07:30:46.060452Z [300/347] Mathematics — Gradient and Area under a Graph (English): generating 4 question(s)...
2026-07-21T07:30:46.060503Z --- RETRIEVING SYLLABUS & STUDENT HISTORY in parallel: Gradient and Area under a Graph ---
2026-07-21T07:30:46.595075Z -> Retrieved 1 textbook chunk(s), 7 DSKP chunk(s)
2026-07-21T07:30:46.595822Z --- GENERATING ADAPTIVE MCQ IN ENGLISH ---
2026-07-21T07:30:46.666156Z -> OpenRouter error (NotFoundError: Error code: 404 - {'error': {'message': 'This model is unavailable for free. The paid version is available now - use this slug instead: meta-llama/llama-3.3-70b-instruct', 'code': 404}, 'user_id': 'user_3FWg0Y7hFwr9mi6ZEJfwxiglC7C'}), trying next provider…
2026-07-21T07:30:46.666234Z -> LLM Error in Generator: All LLM providers failed (non-rate-limit errors). Check API keys and quotas.
2026-07-21T07:30:47.041909Z   ✓ Q1/4 saved (bank now 2)
2026-07-21T07:30:49.042173Z --- RETRIEVING SYLLABUS & STUDENT HISTORY in parallel: Gradient and Area under a Graph ---
2026-07-21T07:30:49.246151Z --- GENERATING ADAPTIVE MCQ IN ENGLISH ---
2026-07-21T07:30:49.262033Z -> OpenRouter error (NotFoundError: Error code: 404 - {'error': {'message': 'This model is unavailable for free. The paid version is available now - use this slug instead: meta-llama/llama-3.3-70b-instruct', 'code': 404}, 'user_id': 'user_3FWg0Y7hFwr9mi6ZEJfwxiglC7C'}), trying next provider…
2026-07-21T07:30:49.262080Z -> LLM Error in Generator: All LLM providers failed (non-rate-limit errors). Check API keys and quotas.
2026-07-21T07:30:49.625654Z   ✓ Q2/4 saved (bank now 3)
2026-07-21T07:30:51.625854Z --- RETRIEVING SYLLABUS & STUDENT HISTORY in parallel: Gradient and Area under a Graph ---
2026-07-21T07:30:51.808415Z --- GENERATING ADAPTIVE MCQ IN ENGLISH ---
2026-07-21T07:30:51.837768Z -> OpenRouter error (NotFoundError: Error code: 404 - {'error': {'message': 'This model is unavailable for free. The paid version is available now - use this slug instead: meta-llama/llama-3.3-70b-instruct', 'code': 404}, 'user_id': 'user_3FWg0Y7hFwr9mi6ZEJfwxiglC7C'}), trying next provider…
2026-07-21T07:30:51.837860Z -> LLM Error in Generator: All LLM providers failed (non-rate-limit errors). Check API keys and quotas.
2026-07-21T07:30:52.211510Z   ✓ Q3/4 saved (bank now 4)
2026-07-21T07:30:54.211630Z --- RETRIEVING SYLLABUS & STUDENT HISTORY in parallel: Gradient and Area under a Graph ---
2026-07-21T07:30:54.396597Z --- GENERATING ADAPTIVE MCQ IN ENGLISH ---
2026-07-21T07:30:54.414858Z -> OpenRouter error (NotFoundError: Error code: 404 - {'error': {'message': 'This model is unavailable for free. The paid version is available now - use this slug instead: meta-llama/llama-3.3-70b-instruct', 'code': 404}, 'user_id': 'user_3FWg0Y7hFwr9mi6ZEJfwxiglC7C'}), trying next provider…
2026-07-21T07:30:54.414928Z -> LLM Error in Generator: All LLM providers failed (non-rate-limit errors). Check API keys and quotas.
2026-07-21T07:30:54.790509Z   ✓ Q4/4 saved (bank now 5)
2026-07-21T07:30:56.790743Z [301/347] Mathematics — Gradient and Area under a Graph (Bahasa Melayu): generating 4 question(s)...
2026-07-21T07:30:56.790829Z --- RETRIEVING SYLLABUS & STUDENT HISTORY in parallel: Gradient and Area under a Graph ---
2026-07-21T07:30:56.978803Z --- GENERATING ADAPTIVE MCQ IN BAHASA MELAYU ---
2026-07-21T07:30:57.659816Z -> OpenRouter error (NotFoundError: Error code: 404 - {'error': {'message': 'This model is unavailable for free. The paid version is available now - use this slug instead: meta-llama/llama-3.3-70b-instruct', 'code': 404}, 'user_id': 'user_3FWg0Y7hFwr9mi6ZEJfwxiglC7C'}), trying next provider…
2026-07-21T07:30:57.659913Z -> LLM Error in Generator: All LLM providers failed (non-rate-limit errors). Check API keys and quotas.
2026-07-21T07:30:58.048133Z   ✓ Q1/4 saved (bank now 2)
2026-07-21T07:31:00.048403Z --- RETRIEVING SYLLABUS & STUDENT HISTORY in parallel: Gradient and Area under a Graph ---
2026-07-21T07:31:00.244140Z --- GENERATING ADAPTIVE MCQ IN BAHASA MELAYU ---
2026-07-21T07:31:00.279968Z -> OpenRouter error (NotFoundError: Error code: 404 - {'error': {'message': 'This model is unavailable for free. The paid version is available now - use this slug instead: meta-llama/llama-3.3-70b-instruct', 'code': 404}, 'user_id': 'user_3FWg0Y7hFwr9mi6ZEJfwxiglC7C'}), trying next provider…
2026-07-21T07:31:00.280020Z -> LLM Error in Generator: All LLM providers failed (non-rate-limit errors). Check API keys and quotas.
2026-07-21T07:31:00.710648Z   ✓ Q2/4 saved (bank now 3)
2026-07-21T07:31:02.710888Z --- RETRIEVING SYLLABUS & STUDENT HISTORY in parallel: Gradient and Area under a Graph ---
2026-07-21T07:31:02.901104Z --- GENERATING ADAPTIVE MCQ IN BAHASA MELAYU ---
2026-07-21T07:31:02.922656Z -> OpenRouter error (NotFoundError: Error code: 404 - {'error': {'message': 'This model is unavailable for free. The paid version is available now - use this slug instead: meta-llama/llama-3.3-70b-instruct', 'code': 404}, 'user_id': 'user_3FWg0Y7hFwr9mi6ZEJfwxiglC7C'}), trying next provider…
2026-07-21T07:31:02.922736Z -> LLM Error in Generator: All LLM providers failed (non-rate-limit errors). Check API keys and quotas.
2026-07-21T07:31:03.319750Z   ✓ Q3/4 saved (bank now 4)
2026-07-21T07:31:05.319939Z --- RETRIEVING SYLLABUS & STUDENT HISTORY in parallel: Gradient and Area under a Graph ---
2026-07-21T07:31:05.499968Z --- GENERATING ADAPTIVE MCQ IN BAHASA MELAYU ---
2026-07-21T07:31:07.257277Z -> Cerebras: cooling for 65s.
2026-07-21T07:31:07.293759Z -> GroqCloud: cooling for 65s.
2026-07-21T07:31:07.312844Z -> OpenRouter error (NotFoundError: Error code: 404 - {'error': {'message': 'This model is unavailable for free. The paid version is available now - use this slug instead: meta-llama/llama-3.3-70b-instruct', 'code': 404}, 'user_id': 'user_3FWg0Y7hFwr9mi6ZEJfwxiglC7C'}), trying next provider…
2026-07-21T07:31:07.312927Z -> LLM Error in Generator: All LLM providers failed (non-rate-limit errors). Check API keys and quotas.
2026-07-21T07:31:07.710492Z   ✓ Q4/4 saved (bank now 5)
2026-07-21T07:31:09.710758Z [302/347] Mathematics — Probability (English): generating 4 question(s)...
2026-07-21T07:31:09.710863Z --- RETRIEVING SYLLABUS & STUDENT HISTORY in parallel: Probability ---
2026-07-21T07:31:10.361555Z -> Retrieved 0 textbook chunk(s), 8 DSKP chunk(s)
2026-07-21T07:31:10.362299Z --- GENERATING ADAPTIVE MCQ IN ENGLISH ---
2026-07-21T07:31:10.924321Z -> OpenRouter error (NotFoundError: Error code: 404 - {'error': {'message': 'This model is unavailable for free. The paid version is available now - use this slug instead: meta-llama/llama-3.3-70b-instruct', 'code': 404}, 'user_id': 'user_3FWg0Y7hFwr9mi6ZEJfwxiglC7C'}), trying next provider…
2026-07-21T07:31:10.924374Z -> LLM Error in Generator: All LLM providers failed (non-rate-limit errors). Check API keys and quotas.
2026-07-21T07:31:11.298286Z   ✓ Q1/4 saved (bank now 2)
2026-07-21T07:31:13.298562Z --- RETRIEVING SYLLABUS & STUDENT HISTORY in parallel: Probability ---
2026-07-21T07:31:13.488623Z --- GENERATING ADAPTIVE MCQ IN ENGLISH ---
2026-07-21T07:31:13.507476Z -> OpenRouter error (NotFoundError: Error code: 404 - {'error': {'message': 'This model is unavailable for free. The paid version is available now - use this slug instead: meta-llama/llama-3.3-70b-instruct', 'code': 404}, 'user_id': 'user_3FWg0Y7hFwr9mi6ZEJfwxiglC7C'}), trying next provider…
2026-07-21T07:31:13.507551Z -> LLM Error in Generator: All LLM providers failed (non-rate-limit errors). Check API keys and quotas.
2026-07-21T07:31:13.895200Z   ✓ Q2/4 saved (bank now 3)
2026-07-21T07:31:15.895461Z --- RETRIEVING SYLLABUS & STUDENT HISTORY in parallel: Probability ---
2026-07-21T07:31:16.079236Z --- GENERATING ADAPTIVE MCQ IN ENGLISH ---
2026-07-21T07:31:16.101734Z -> OpenRouter error (NotFoundError: Error code: 404 - {'error': {'message': 'This model is unavailable for free. The paid version is available now - use this slug instead: meta-llama/llama-3.3-70b-instruct', 'code': 404}, 'user_id': 'user_3FWg0Y7hFwr9mi6ZEJfwxiglC7C'}), trying next provider…
2026-07-21T07:31:16.101862Z -> LLM Error in Generator: All LLM providers failed (non-rate-limit errors). Check API keys and quotas.
2026-07-21T07:31:16.484382Z   ✓ Q3/4 saved (bank now 4)
2026-07-21T07:31:18.484722Z --- RETRIEVING SYLLABUS & STUDENT HISTORY in parallel: Probability ---
2026-07-21T07:31:18.666784Z --- GENERATING ADAPTIVE MCQ IN ENGLISH ---
2026-07-21T07:31:18.695822Z -> OpenRouter error (NotFoundError: Error code: 404 - {'error': {'message': 'This model is unavailable for free. The paid version is available now - use this slug instead: meta-llama/llama-3.3-70b-instruct', 'code': 404}, 'user_id': 'user_3FWg0Y7hFwr9mi6ZEJfwxiglC7C'}), trying next provider…
2026-07-21T07:31:18.695899Z -> LLM Error in Generator: All LLM providers failed (non-rate-limit errors). Check API keys and quotas.
2026-07-21T07:31:19.079839Z   ✓ Q4/4 saved (bank now 5)
2026-07-21T07:31:21.080072Z [303/347] Mathematics — Probability (Bahasa Melayu): generating 4 question(s)...
2026-07-21T07:31:21.080158Z --- RETRIEVING SYLLABUS & STUDENT HISTORY in parallel: Probability ---
2026-07-21T07:31:21.277649Z --- GENERATING ADAPTIVE MCQ IN BAHASA MELAYU ---
2026-07-21T07:31:21.302136Z -> OpenRouter error (NotFoundError: Error code: 404 - {'error': {'message': 'This model is unavailable for free. The paid version is available now - use this slug instead: meta-llama/llama-3.3-70b-instruct', 'code': 404}, 'user_id': 'user_3FWg0Y7hFwr9mi6ZEJfwxiglC7C'}), trying next provider…
2026-07-21T07:31:21.302201Z -> LLM Error in Generator: All LLM providers failed (non-rate-limit errors). Check API keys and quotas.
2026-07-21T07:31:21.696485Z   ✓ Q1/4 saved (bank now 2)
2026-07-21T07:31:23.696630Z --- RETRIEVING SYLLABUS & STUDENT HISTORY in parallel: Probability ---
2026-07-21T07:31:23.888941Z --- GENERATING ADAPTIVE MCQ IN BAHASA MELAYU ---
2026-07-21T07:31:23.907786Z -> OpenRouter error (NotFoundError: Error code: 404 - {'error': {'message': 'This model is unavailable for free. The paid version is available now - use this slug instead: meta-llama/llama-3.3-70b-instruct', 'code': 404}, 'user_id': 'user_3FWg0Y7hFwr9mi6ZEJfwxiglC7C'}), trying next provider…
2026-07-21T07:31:23.907869Z -> LLM Error in Generator: All LLM providers failed (non-rate-limit errors). Check API keys and quotas.
2026-07-21T07:31:24.284140Z   ✓ Q2/4 saved (bank now 3)
2026-07-21T07:31:26.284400Z --- RETRIEVING SYLLABUS & STUDENT HISTORY in parallel: Probability ---
2026-07-21T07:31:26.479610Z --- GENERATING ADAPTIVE MCQ IN BAHASA MELAYU ---
2026-07-21T07:31:26.520557Z -> OpenRouter error (NotFoundError: Error code: 404 - {'error': {'message': 'This model is unavailable for free. The paid version is available now - use this slug instead: meta-llama/llama-3.3-70b-instruct', 'code': 404}, 'user_id': 'user_3FWg0Y7hFwr9mi6ZEJfwxiglC7C'}), trying next provider…
2026-07-21T07:31:26.520644Z -> LLM Error in Generator: All LLM providers failed (non-rate-limit errors). Check API keys and quotas.
2026-07-21T07:31:26.907764Z   ✓ Q3/4 saved (bank now 4)
2026-07-21T07:31:28.908029Z --- RETRIEVING SYLLABUS & STUDENT HISTORY in parallel: Probability ---
2026-07-21T07:31:29.087263Z --- GENERATING ADAPTIVE MCQ IN BAHASA MELAYU ---
2026-07-21T07:31:29.296387Z -> OpenRouter error (NotFoundError: Error code: 404 - {'error': {'message': 'This model is unavailable for free. The paid version is available now - use this slug instead: meta-llama/llama-3.3-70b-instruct', 'code': 404}, 'user_id': 'user_3FWg0Y7hFwr9mi6ZEJfwxiglC7C'}), trying next provider…
2026-07-21T07:31:29.296469Z -> LLM Error in Generator: All LLM providers failed (non-rate-limit errors). Check API keys and quotas.
2026-07-21T07:31:29.726958Z   ✓ Q4/4 saved (bank now 5)
2026-07-21T07:31:31.727077Z [304/347] Mathematics — Trigonometry (English): generating 4 question(s)...
2026-07-21T07:31:31.727141Z --- RETRIEVING SYLLABUS & STUDENT HISTORY in parallel: Trigonometry ---
2026-07-21T07:31:32.104204Z -> Retrieved 1 textbook chunk(s), 7 DSKP chunk(s)
2026-07-21T07:31:32.104931Z --- GENERATING ADAPTIVE MCQ IN ENGLISH ---
2026-07-21T07:31:32.134421Z -> OpenRouter error (NotFoundError: Error code: 404 - {'error': {'message': 'This model is unavailable for free. The paid version is available now - use this slug instead: meta-llama/llama-3.3-70b-instruct', 'code': 404}, 'user_id': 'user_3FWg0Y7hFwr9mi6ZEJfwxiglC7C'}), trying next provider…
2026-07-21T07:31:32.134510Z -> LLM Error in Generator: All LLM providers failed (non-rate-limit errors). Check API keys and quotas.
2026-07-21T07:31:32.522376Z   ✓ Q1/4 saved (bank now 2)
2026-07-21T07:31:34.522613Z --- RETRIEVING SYLLABUS & STUDENT HISTORY in parallel: Trigonometry ---
2026-07-21T07:31:34.701270Z --- GENERATING ADAPTIVE MCQ IN ENGLISH ---
2026-07-21T07:31:34.719146Z -> OpenRouter error (NotFoundError: Error code: 404 - {'error': {'message': 'This model is unavailable for free. The paid version is available now - use this slug instead: meta-llama/llama-3.3-70b-instruct', 'code': 404}, 'user_id': 'user_3FWg0Y7hFwr9mi6ZEJfwxiglC7C'}), trying next provider…
2026-07-21T07:31:34.719193Z -> LLM Error in Generator: All LLM providers failed (non-rate-limit errors). Check API keys and quotas.
2026-07-21T07:31:35.098635Z   ✓ Q2/4 saved (bank now 3)
2026-07-21T07:31:37.098892Z --- RETRIEVING SYLLABUS & STUDENT HISTORY in parallel: Trigonometry ---
2026-07-21T07:31:37.299915Z --- GENERATING ADAPTIVE MCQ IN ENGLISH ---
2026-07-21T07:31:37.320921Z -> OpenRouter error (NotFoundError: Error code: 404 - {'error': {'message': 'This model is unavailable for free. The paid version is available now - use this slug instead: meta-llama/llama-3.3-70b-instruct', 'code': 404}, 'user_id': 'user_3FWg0Y7hFwr9mi6ZEJfwxiglC7C'}), trying next provider…
2026-07-21T07:31:37.320994Z -> LLM Error in Generator: All LLM providers failed (non-rate-limit errors). Check API keys and quotas.
2026-07-21T07:31:37.703779Z   ✓ Q3/4 saved (bank now 4)
2026-07-21T07:31:39.704113Z --- RETRIEVING SYLLABUS & STUDENT HISTORY in parallel: Trigonometry ---
2026-07-21T07:31:39.892923Z --- GENERATING ADAPTIVE MCQ IN ENGLISH ---
2026-07-21T07:31:39.913063Z -> OpenRouter error (NotFoundError: Error code: 404 - {'error': {'message': 'This model is unavailable for free. The paid version is available now - use this slug instead: meta-llama/llama-3.3-70b-instruct', 'code': 404}, 'user_id': 'user_3FWg0Y7hFwr9mi6ZEJfwxiglC7C'}), trying next provider…
2026-07-21T07:31:39.913146Z -> LLM Error in Generator: All LLM providers failed (non-rate-limit errors). Check API keys and quotas.
2026-07-21T07:31:40.297540Z   ✓ Q4/4 saved (bank now 5)
2026-07-21T07:31:42.297673Z [305/347] Mathematics — Trigonometry (Bahasa Melayu): generating 4 question(s)...
2026-07-21T07:31:42.297750Z --- RETRIEVING SYLLABUS & STUDENT HISTORY in parallel: Trigonometry ---
2026-07-21T07:31:42.483549Z --- GENERATING ADAPTIVE MCQ IN BAHASA MELAYU ---
2026-07-21T07:31:42.506611Z -> OpenRouter error (NotFoundError: Error code: 404 - {'error': {'message': 'This model is unavailable for free. The paid version is available now - use this slug instead: meta-llama/llama-3.3-70b-instruct', 'code': 404}, 'user_id': 'user_3FWg0Y7hFwr9mi6ZEJfwxiglC7C'}), trying next provider…
2026-07-21T07:31:42.506686Z -> LLM Error in Generator: All LLM providers failed (non-rate-limit errors). Check API keys and quotas.
2026-07-21T07:31:42.896756Z   ✓ Q1/4 saved (bank now 2)
2026-07-21T07:31:44.897152Z --- RETRIEVING SYLLABUS & STUDENT HISTORY in parallel: Trigonometry ---
2026-07-21T07:31:45.101464Z --- GENERATING ADAPTIVE MCQ IN BAHASA MELAYU ---
2026-07-21T07:31:45.125509Z -> OpenRouter error (NotFoundError: Error code: 404 - {'error': {'message': 'This model is unavailable for free. The paid version is available now - use this slug instead: meta-llama/llama-3.3-70b-instruct', 'code': 404}, 'user_id': 'user_3FWg0Y7hFwr9mi6ZEJfwxiglC7C'}), trying next provider…
2026-07-21T07:31:45.125640Z -> LLM Error in Generator: All LLM providers failed (non-rate-limit errors). Check API keys and quotas.
2026-07-21T07:31:45.497205Z   ✓ Q2/4 saved (bank now 3)
2026-07-21T07:31:47.497499Z --- RETRIEVING SYLLABUS & STUDENT HISTORY in parallel: Trigonometry ---
2026-07-21T07:31:47.673913Z --- GENERATING ADAPTIVE MCQ IN BAHASA MELAYU ---
2026-07-21T07:31:47.713239Z -> OpenRouter error (NotFoundError: Error code: 404 - {'error': {'message': 'This model is unavailable for free. The paid version is available now - use this slug instead: meta-llama/llama-3.3-70b-instruct', 'code': 404}, 'user_id': 'user_3FWg0Y7hFwr9mi6ZEJfwxiglC7C'}), trying next provider…
2026-07-21T07:31:47.713292Z -> LLM Error in Generator: All LLM providers failed (non-rate-limit errors). Check API keys and quotas.
2026-07-21T07:31:48.095140Z   ✓ Q3/4 saved (bank now 4)
2026-07-21T07:31:50.095407Z --- RETRIEVING SYLLABUS & STUDENT HISTORY in parallel: Trigonometry ---
2026-07-21T07:31:50.283075Z --- GENERATING ADAPTIVE MCQ IN BAHASA MELAYU ---
2026-07-21T07:31:50.349398Z -> OpenRouter error (NotFoundError: Error code: 404 - {'error': {'message': 'This model is unavailable for free. The paid version is available now - use this slug instead: meta-llama/llama-3.3-70b-instruct', 'code': 404}, 'user_id': 'user_3FWg0Y7hFwr9mi6ZEJfwxiglC7C'}), trying next provider…
2026-07-21T07:31:50.349508Z -> LLM Error in Generator: All LLM providers failed (non-rate-limit errors). Check API keys and quotas.
2026-07-21T07:31:50.725103Z   ✓ Q4/4 saved (bank now 5)
2026-07-21T07:31:52.725403Z [306/347] Mathematics — Angles of Elevation and Depression (English): generating 4 question(s)...
2026-07-21T07:31:52.725481Z --- RETRIEVING SYLLABUS & STUDENT HISTORY in parallel: Angles of Elevation and Depression ---
2026-07-21T07:31:53.001925Z -> Retrieved 0 textbook chunk(s), 8 DSKP chunk(s)
2026-07-21T07:31:53.002376Z --- GENERATING ADAPTIVE MCQ IN ENGLISH ---
2026-07-21T07:31:53.025936Z -> OpenRouter error (NotFoundError: Error code: 404 - {'error': {'message': 'This model is unavailable for free. The paid version is available now - use this slug instead: meta-llama/llama-3.3-70b-instruct', 'code': 404}, 'user_id': 'user_3FWg0Y7hFwr9mi6ZEJfwxiglC7C'}), trying next provider…
2026-07-21T07:31:53.025987Z -> LLM Error in Generator: All LLM providers failed (non-rate-limit errors). Check API keys and quotas.
2026-07-21T07:31:53.404024Z   ✓ Q1/4 saved (bank now 2)
2026-07-21T07:31:55.404221Z --- RETRIEVING SYLLABUS & STUDENT HISTORY in parallel: Angles of Elevation and Depression ---
2026-07-21T07:31:55.581914Z --- GENERATING ADAPTIVE MCQ IN ENGLISH ---
2026-07-21T07:31:55.604291Z -> OpenRouter error (NotFoundError: Error code: 404 - {'error': {'message': 'This model is unavailable for free. The paid version is available now - use this slug instead: meta-llama/llama-3.3-70b-instruct', 'code': 404}, 'user_id': 'user_3FWg0Y7hFwr9mi6ZEJfwxiglC7C'}), trying next provider…
2026-07-21T07:31:55.604444Z -> LLM Error in Generator: All LLM providers failed (non-rate-limit errors). Check API keys and quotas.
2026-07-21T07:31:56.018342Z   ✓ Q2/4 saved (bank now 3)
2026-07-21T07:31:58.018558Z --- RETRIEVING SYLLABUS & STUDENT HISTORY in parallel: Angles of Elevation and Depression ---
2026-07-21T07:31:58.212583Z --- GENERATING ADAPTIVE MCQ IN ENGLISH ---
2026-07-21T07:31:58.236553Z -> OpenRouter error (NotFoundError: Error code: 404 - {'error': {'message': 'This model is unavailable for free. The paid version is available now - use this slug instead: meta-llama/llama-3.3-70b-instruct', 'code': 404}, 'user_id': 'user_3FWg0Y7hFwr9mi6ZEJfwxiglC7C'}), trying next provider…
2026-07-21T07:31:58.236627Z -> LLM Error in Generator: All LLM providers failed (non-rate-limit errors). Check API keys and quotas.
2026-07-21T07:31:58.634080Z   ✓ Q3/4 saved (bank now 4)
2026-07-21T07:32:00.634357Z --- RETRIEVING SYLLABUS & STUDENT HISTORY in parallel: Angles of Elevation and Depression ---
2026-07-21T07:32:00.811682Z --- GENERATING ADAPTIVE MCQ IN ENGLISH ---
2026-07-21T07:32:00.833441Z -> OpenRouter error (NotFoundError: Error code: 404 - {'error': {'message': 'This model is unavailable for free. The paid version is available now - use this slug instead: meta-llama/llama-3.3-70b-instruct', 'code': 404}, 'user_id': 'user_3FWg0Y7hFwr9mi6ZEJfwxiglC7C'}), trying next provider…
2026-07-21T07:32:00.833526Z -> LLM Error in Generator: All LLM providers failed (non-rate-limit errors). Check API keys and quotas.
2026-07-21T07:32:01.210772Z   ✓ Q4/4 saved (bank now 5)
2026-07-21T07:32:03.211050Z [307/347] Mathematics — Angles of Elevation and Depression (Bahasa Melayu): generating 4 question(s)...
2026-07-21T07:32:03.211116Z --- RETRIEVING SYLLABUS & STUDENT HISTORY in parallel: Angles of Elevation and Depression ---
2026-07-21T07:32:03.388742Z --- GENERATING ADAPTIVE MCQ IN BAHASA MELAYU ---
2026-07-21T07:32:03.412558Z -> OpenRouter error (NotFoundError: Error code: 404 - {'error': {'message': 'This model is unavailable for free. The paid version is available now - use this slug instead: meta-llama/llama-3.3-70b-instruct', 'code': 404}, 'user_id': 'user_3FWg0Y7hFwr9mi6ZEJfwxiglC7C'}), trying next provider…
2026-07-21T07:32:03.412626Z -> LLM Error in Generator: All LLM providers failed (non-rate-limit errors). Check API keys and quotas.
2026-07-21T07:32:03.782371Z   ✓ Q1/4 saved (bank now 2)
2026-07-21T07:32:05.782571Z --- RETRIEVING SYLLABUS & STUDENT HISTORY in parallel: Angles of Elevation and Depression ---
2026-07-21T07:32:05.968186Z --- GENERATING ADAPTIVE MCQ IN BAHASA MELAYU ---
2026-07-21T07:32:06.103994Z -> OpenRouter error (NotFoundError: Error code: 404 - {'error': {'message': 'This model is unavailable for free. The paid version is available now - use this slug instead: meta-llama/llama-3.3-70b-instruct', 'code': 404}, 'user_id': 'user_3FWg0Y7hFwr9mi6ZEJfwxiglC7C'}), trying next provider…
2026-07-21T07:32:06.104050Z -> LLM Error in Generator: All LLM providers failed (non-rate-limit errors). Check API keys and quotas.
2026-07-21T07:32:06.481091Z   ✓ Q2/4 saved (bank now 3)
2026-07-21T07:32:08.481295Z --- RETRIEVING SYLLABUS & STUDENT HISTORY in parallel: Angles of Elevation and Depression ---
2026-07-21T07:32:08.666526Z --- GENERATING ADAPTIVE MCQ IN BAHASA MELAYU ---
2026-07-21T07:32:08.921380Z -> OpenRouter error (NotFoundError: Error code: 404 - {'error': {'message': 'This model is unavailable for free. The paid version is available now - use this slug instead: meta-llama/llama-3.3-70b-instruct', 'code': 404}, 'user_id': 'user_3FWg0Y7hFwr9mi6ZEJfwxiglC7C'}), trying next provider…
2026-07-21T07:32:08.921479Z -> LLM Error in Generator: All LLM providers failed (non-rate-limit errors). Check API keys and quotas.
2026-07-21T07:32:09.335390Z   ✓ Q3/4 saved (bank now 4)
2026-07-21T07:32:11.335550Z --- RETRIEVING SYLLABUS & STUDENT HISTORY in parallel: Angles of Elevation and Depression ---
2026-07-21T07:32:11.537439Z --- GENERATING ADAPTIVE MCQ IN BAHASA MELAYU ---
2026-07-21T07:32:11.573577Z -> OpenRouter error (NotFoundError: Error code: 404 - {'error': {'message': 'This model is unavailable for free. The paid version is available now - use this slug instead: meta-llama/llama-3.3-70b-instruct', 'code': 404}, 'user_id': 'user_3FWg0Y7hFwr9mi6ZEJfwxiglC7C'}), trying next provider…
2026-07-21T07:32:11.573663Z -> LLM Error in Generator: All LLM providers failed (non-rate-limit errors). Check API keys and quotas.
2026-07-21T07:32:11.946630Z   ✓ Q4/4 saved (bank now 5)
2026-07-21T07:32:13.946888Z [308/347] Mathematics — Lines and Planes in 3D (English): generating 4 question(s)...
2026-07-21T07:32:13.946981Z --- RETRIEVING SYLLABUS & STUDENT HISTORY in parallel: Lines and Planes in 3D ---
2026-07-21T07:32:14.409633Z -> Retrieved 5 textbook chunk(s), 3 DSKP chunk(s)
2026-07-21T07:32:14.410370Z --- GENERATING ADAPTIVE MCQ IN ENGLISH ---
2026-07-21T07:32:16.084982Z -> Cerebras: cooling for 65s.
2026-07-21T07:32:16.124124Z -> GroqCloud: cooling for 65s.
2026-07-21T07:32:16.151079Z -> OpenRouter error (NotFoundError: Error code: 404 - {'error': {'message': 'This model is unavailable for free. The paid version is available now - use this slug instead: meta-llama/llama-3.3-70b-instruct', 'code': 404}, 'user_id': 'user_3FWg0Y7hFwr9mi6ZEJfwxiglC7C'}), trying next provider…
2026-07-21T07:32:16.151145Z -> LLM Error in Generator: All LLM providers failed (non-rate-limit errors). Check API keys and quotas.
2026-07-21T07:32:16.530670Z   ✓ Q1/4 saved (bank now 2)
2026-07-21T07:32:18.530931Z --- RETRIEVING SYLLABUS & STUDENT HISTORY in parallel: Lines and Planes in 3D ---
2026-07-21T07:32:18.714587Z --- GENERATING ADAPTIVE MCQ IN ENGLISH ---
2026-07-21T07:32:18.731885Z -> OpenRouter error (NotFoundError: Error code: 404 - {'error': {'message': 'This model is unavailable for free. The paid version is available now - use this slug instead: meta-llama/llama-3.3-70b-instruct', 'code': 404}, 'user_id': 'user_3FWg0Y7hFwr9mi6ZEJfwxiglC7C'}), trying next provider…
2026-07-21T07:32:18.731976Z -> LLM Error in Generator: All LLM providers failed (non-rate-limit errors). Check API keys and quotas.
2026-07-21T07:32:19.110756Z   ✓ Q2/4 saved (bank now 3)
2026-07-21T07:32:21.111045Z --- RETRIEVING SYLLABUS & STUDENT HISTORY in parallel: Lines and Planes in 3D ---
2026-07-21T07:32:21.295697Z --- GENERATING ADAPTIVE MCQ IN ENGLISH ---
2026-07-21T07:32:21.321047Z -> OpenRouter error (NotFoundError: Error code: 404 - {'error': {'message': 'This model is unavailable for free. The paid version is available now - use this slug instead: meta-llama/llama-3.3-70b-instruct', 'code': 404}, 'user_id': 'user_3FWg0Y7hFwr9mi6ZEJfwxiglC7C'}), trying next provider…
2026-07-21T07:32:21.321138Z -> LLM Error in Generator: All LLM providers failed (non-rate-limit errors). Check API keys and quotas.
2026-07-21T07:32:21.705587Z   ✓ Q3/4 saved (bank now 4)
2026-07-21T07:32:23.705866Z --- RETRIEVING SYLLABUS & STUDENT HISTORY in parallel: Lines and Planes in 3D ---
2026-07-21T07:32:23.900289Z --- GENERATING ADAPTIVE MCQ IN ENGLISH ---
2026-07-21T07:32:23.927649Z -> OpenRouter error (NotFoundError: Error code: 404 - {'error': {'message': 'This model is unavailable for free. The paid version is available now - use this slug instead: meta-llama/llama-3.3-70b-instruct', 'code': 404}, 'user_id': 'user_3FWg0Y7hFwr9mi6ZEJfwxiglC7C'}), trying next provider…
2026-07-21T07:32:23.927749Z -> LLM Error in Generator: All LLM providers failed (non-rate-limit errors). Check API keys and quotas.
2026-07-21T07:32:24.298799Z   ✓ Q4/4 saved (bank now 5)
2026-07-21T07:32:26.299064Z [309/347] Mathematics — Lines and Planes in 3D (Bahasa Melayu): generating 4 question(s)...
2026-07-21T07:32:26.299149Z --- RETRIEVING SYLLABUS & STUDENT HISTORY in parallel: Lines and Planes in 3D ---
2026-07-21T07:32:26.478891Z --- GENERATING ADAPTIVE MCQ IN BAHASA MELAYU ---
2026-07-21T07:32:26.498885Z -> OpenRouter error (NotFoundError: Error code: 404 - {'error': {'message': 'This model is unavailable for free. The paid version is available now - use this slug instead: meta-llama/llama-3.3-70b-instruct', 'code': 404}, 'user_id': 'user_3FWg0Y7hFwr9mi6ZEJfwxiglC7C'}), trying next provider…
2026-07-21T07:32:26.498957Z -> LLM Error in Generator: All LLM providers failed (non-rate-limit errors). Check API keys and quotas.
2026-07-21T07:32:26.889630Z   ✓ Q1/4 saved (bank now 2)
2026-07-21T07:32:28.889905Z --- RETRIEVING SYLLABUS & STUDENT HISTORY in parallel: Lines and Planes in 3D ---
2026-07-21T07:32:29.079486Z --- GENERATING ADAPTIVE MCQ IN BAHASA MELAYU ---
2026-07-21T07:32:29.101416Z -> OpenRouter error (NotFoundError: Error code: 404 - {'error': {'message': 'This model is unavailable for free. The paid version is available now - use this slug instead: meta-llama/llama-3.3-70b-instruct', 'code': 404}, 'user_id': 'user_3FWg0Y7hFwr9mi6ZEJfwxiglC7C'}), trying next provider…
2026-07-21T07:32:29.101500Z -> LLM Error in Generator: All LLM providers failed (non-rate-limit errors). Check API keys and quotas.
2026-07-21T07:32:29.463896Z   ✓ Q2/4 saved (bank now 3)
2026-07-21T07:32:31.464065Z --- RETRIEVING SYLLABUS & STUDENT HISTORY in parallel: Lines and Planes in 3D ---
2026-07-21T07:32:31.647188Z --- GENERATING ADAPTIVE MCQ IN BAHASA MELAYU ---
2026-07-21T07:32:31.687937Z -> OpenRouter error (NotFoundError: Error code: 404 - {'error': {'message': 'This model is unavailable for free. The paid version is available now - use this slug instead: meta-llama/llama-3.3-70b-instruct', 'code': 404}, 'user_id': 'user_3FWg0Y7hFwr9mi6ZEJfwxiglC7C'}), trying next provider…
2026-07-21T07:32:31.688022Z -> LLM Error in Generator: All LLM providers failed (non-rate-limit errors). Check API keys and quotas.
2026-07-21T07:32:32.053978Z   ✓ Q3/4 saved (bank now 4)
2026-07-21T07:32:34.054223Z --- RETRIEVING SYLLABUS & STUDENT HISTORY in parallel: Lines and Planes in 3D ---
2026-07-21T07:32:34.249164Z --- GENERATING ADAPTIVE MCQ IN BAHASA MELAYU ---
2026-07-21T07:32:34.283357Z -> OpenRouter error (NotFoundError: Error code: 404 - {'error': {'message': 'This model is unavailable for free. The paid version is available now - use this slug instead: meta-llama/llama-3.3-70b-instruct', 'code': 404}, 'user_id': 'user_3FWg0Y7hFwr9mi6ZEJfwxiglC7C'}), trying next provider…
2026-07-21T07:32:34.283432Z -> LLM Error in Generator: All LLM providers failed (non-rate-limit errors). Check API keys and quotas.
2026-07-21T07:32:34.675403Z   ✓ Q4/4 saved (bank now 5)
2026-07-21T07:32:36.675583Z [310/347] Mathematics — Plans and Elevations (English): generating 4 question(s)...
2026-07-21T07:32:36.675660Z --- RETRIEVING SYLLABUS & STUDENT HISTORY in parallel: Plans and Elevations ---
2026-07-21T07:32:36.953999Z -> Retrieved 0 textbook chunk(s), 8 DSKP chunk(s)
2026-07-21T07:32:36.954800Z --- GENERATING ADAPTIVE MCQ IN ENGLISH ---
2026-07-21T07:32:36.980624Z -> OpenRouter error (NotFoundError: Error code: 404 - {'error': {'message': 'This model is unavailable for free. The paid version is available now - use this slug instead: meta-llama/llama-3.3-70b-instruct', 'code': 404}, 'user_id': 'user_3FWg0Y7hFwr9mi6ZEJfwxiglC7C'}), trying next provider…
2026-07-21T07:32:36.980697Z -> LLM Error in Generator: All LLM providers failed (non-rate-limit errors). Check API keys and quotas.
2026-07-21T07:32:37.370028Z   ✓ Q1/4 saved (bank now 2)
2026-07-21T07:32:39.370242Z --- RETRIEVING SYLLABUS & STUDENT HISTORY in parallel: Plans and Elevations ---
2026-07-21T07:32:39.560971Z --- GENERATING ADAPTIVE MCQ IN ENGLISH ---
2026-07-21T07:32:39.580747Z -> OpenRouter error (NotFoundError: Error code: 404 - {'error': {'message': 'This model is unavailable for free. The paid version is available now - use this slug instead: meta-llama/llama-3.3-70b-instruct', 'code': 404}, 'user_id': 'user_3FWg0Y7hFwr9mi6ZEJfwxiglC7C'}), trying next provider…
2026-07-21T07:32:39.580818Z -> LLM Error in Generator: All LLM providers failed (non-rate-limit errors). Check API keys and quotas.
2026-07-21T07:32:39.962757Z   ✓ Q2/4 saved (bank now 3)
2026-07-21T07:32:41.963031Z --- RETRIEVING SYLLABUS & STUDENT HISTORY in parallel: Plans and Elevations ---
2026-07-21T07:32:42.151409Z --- GENERATING ADAPTIVE MCQ IN ENGLISH ---
2026-07-21T07:32:42.175175Z -> OpenRouter error (NotFoundError: Error code: 404 - {'error': {'message': 'This model is unavailable for free. The paid version is available now - use this slug instead: meta-llama/llama-3.3-70b-instruct', 'code': 404}, 'user_id': 'user_3FWg0Y7hFwr9mi6ZEJfwxiglC7C'}), trying next provider…
2026-07-21T07:32:42.175248Z -> LLM Error in Generator: All LLM providers failed (non-rate-limit errors). Check API keys and quotas.
2026-07-21T07:32:42.559586Z   ✓ Q3/4 saved (bank now 4)
2026-07-21T07:32:44.559883Z --- RETRIEVING SYLLABUS & STUDENT HISTORY in parallel: Plans and Elevations ---
2026-07-21T07:32:44.737889Z --- GENERATING ADAPTIVE MCQ IN ENGLISH ---
2026-07-21T07:32:44.761356Z -> OpenRouter error (NotFoundError: Error code: 404 - {'error': {'message': 'This model is unavailable for free. The paid version is available now - use this slug instead: meta-llama/llama-3.3-70b-instruct', 'code': 404}, 'user_id': 'user_3FWg0Y7hFwr9mi6ZEJfwxiglC7C'}), trying next provider…
2026-07-21T07:32:44.761424Z -> LLM Error in Generator: All LLM providers failed (non-rate-limit errors). Check API keys and quotas.
2026-07-21T07:32:45.164082Z   ✓ Q4/4 saved (bank now 5)
2026-07-21T07:32:47.164401Z [311/347] Mathematics — Plans and Elevations (Bahasa Melayu): generating 4 question(s)...
2026-07-21T07:32:47.164498Z --- RETRIEVING SYLLABUS & STUDENT HISTORY in parallel: Plans and Elevations ---
2026-07-21T07:32:47.345475Z --- GENERATING ADAPTIVE MCQ IN BAHASA MELAYU ---
2026-07-21T07:32:47.371514Z -> OpenRouter error (NotFoundError: Error code: 404 - {'error': {'message': 'This model is unavailable for free. The paid version is available now - use this slug instead: meta-llama/llama-3.3-70b-instruct', 'code': 404}, 'user_id': 'user_3FWg0Y7hFwr9mi6ZEJfwxiglC7C'}), trying next provider…
2026-07-21T07:32:47.371586Z -> LLM Error in Generator: All LLM providers failed (non-rate-limit errors). Check API keys and quotas.
2026-07-21T07:32:47.769103Z   ✓ Q1/4 saved (bank now 2)
2026-07-21T07:32:49.769427Z --- RETRIEVING SYLLABUS & STUDENT HISTORY in parallel: Plans and Elevations ---
2026-07-21T07:32:49.952386Z --- GENERATING ADAPTIVE MCQ IN BAHASA MELAYU ---
2026-07-21T07:32:49.969887Z -> OpenRouter error (NotFoundError: Error code: 404 - {'error': {'message': 'This model is unavailable for free. The paid version is available now - use this slug instead: meta-llama/llama-3.3-70b-instruct', 'code': 404}, 'user_id': 'user_3FWg0Y7hFwr9mi6ZEJfwxiglC7C'}), trying next provider…
2026-07-21T07:32:49.969960Z -> LLM Error in Generator: All LLM providers failed (non-rate-limit errors). Check API keys and quotas.
2026-07-21T07:32:50.349133Z   ✓ Q2/4 saved (bank now 3)
2026-07-21T07:32:52.349408Z --- RETRIEVING SYLLABUS & STUDENT HISTORY in parallel: Plans and Elevations ---
2026-07-21T07:32:52.567754Z --- GENERATING ADAPTIVE MCQ IN BAHASA MELAYU ---
2026-07-21T07:32:52.595616Z -> OpenRouter error (NotFoundError: Error code: 404 - {'error': {'message': 'This model is unavailable for free. The paid version is available now - use this slug instead: meta-llama/llama-3.3-70b-instruct', 'code': 404}, 'user_id': 'user_3FWg0Y7hFwr9mi6ZEJfwxiglC7C'}), trying next provider…
2026-07-21T07:32:52.595668Z -> LLM Error in Generator: All LLM providers failed (non-rate-limit errors). Check API keys and quotas.
2026-07-21T07:32:52.989001Z   ✓ Q3/4 saved (bank now 4)
2026-07-21T07:32:54.989198Z --- RETRIEVING SYLLABUS & STUDENT HISTORY in parallel: Plans and Elevations ---
2026-07-21T07:32:55.180902Z --- GENERATING ADAPTIVE MCQ IN BAHASA MELAYU ---
2026-07-21T07:32:55.212475Z -> OpenRouter error (NotFoundError: Error code: 404 - {'error': {'message': 'This model is unavailable for free. The paid version is available now - use this slug instead: meta-llama/llama-3.3-70b-instruct', 'code': 404}, 'user_id': 'user_3FWg0Y7hFwr9mi6ZEJfwxiglC7C'}), trying next provider…
2026-07-21T07:32:55.212546Z -> LLM Error in Generator: All LLM providers failed (non-rate-limit errors). Check API keys and quotas.
2026-07-21T07:32:55.598872Z   ✓ Q4/4 saved (bank now 5)
2026-07-21T07:32:57.599066Z [312/347] Prinsip Perakaunan — Asas Perniagaan (English): generating 5 question(s)...
2026-07-21T07:32:57.599162Z --- RETRIEVING SYLLABUS & STUDENT HISTORY in parallel: Asas Perniagaan ---
2026-07-21T07:32:58.326398Z -> Retrieved 2 textbook chunk(s), 6 DSKP chunk(s)
2026-07-21T07:32:58.327033Z --- GENERATING ADAPTIVE MCQ IN ENGLISH ---
2026-07-21T07:32:58.359296Z -> OpenRouter error (NotFoundError: Error code: 404 - {'error': {'message': 'This model is unavailable for free. The paid version is available now - use this slug instead: meta-llama/llama-3.3-70b-instruct', 'code': 404}, 'user_id': 'user_3FWg0Y7hFwr9mi6ZEJfwxiglC7C'}), trying next provider…
2026-07-21T07:32:58.359370Z -> LLM Error in Generator: All LLM providers failed (non-rate-limit errors). Check API keys and quotas.
2026-07-21T07:32:58.752875Z   ✓ Q1/5 saved (bank now 1)
2026-07-21T07:33:00.753125Z --- RETRIEVING SYLLABUS & STUDENT HISTORY in parallel: Asas Perniagaan ---
2026-07-21T07:33:00.974658Z --- GENERATING ADAPTIVE MCQ IN ENGLISH ---
2026-07-21T07:33:00.995195Z -> OpenRouter error (NotFoundError: Error code: 404 - {'error': {'message': 'This model is unavailable for free. The paid version is available now - use this slug instead: meta-llama/llama-3.3-70b-instruct', 'code': 404}, 'user_id': 'user_3FWg0Y7hFwr9mi6ZEJfwxiglC7C'}), trying next provider…
2026-07-21T07:33:00.995263Z -> LLM Error in Generator: All LLM providers failed (non-rate-limit errors). Check API keys and quotas.
2026-07-21T07:33:01.374888Z   ✓ Q2/5 saved (bank now 2)
2026-07-21T07:33:03.375240Z --- RETRIEVING SYLLABUS & STUDENT HISTORY in parallel: Asas Perniagaan ---
2026-07-21T07:33:03.758921Z --- GENERATING ADAPTIVE MCQ IN ENGLISH ---
2026-07-21T07:33:03.779588Z -> OpenRouter error (NotFoundError: Error code: 404 - {'error': {'message': 'This model is unavailable for free. The paid version is available now - use this slug instead: meta-llama/llama-3.3-70b-instruct', 'code': 404}, 'user_id': 'user_3FWg0Y7hFwr9mi6ZEJfwxiglC7C'}), trying next provider…
2026-07-21T07:33:03.779677Z -> LLM Error in Generator: All LLM providers failed (non-rate-limit errors). Check API keys and quotas.
2026-07-21T07:33:04.154404Z   ✓ Q3/5 saved (bank now 3)
2026-07-21T07:33:06.154639Z --- RETRIEVING SYLLABUS & STUDENT HISTORY in parallel: Asas Perniagaan ---
2026-07-21T07:33:06.356728Z --- GENERATING ADAPTIVE MCQ IN ENGLISH ---
2026-07-21T07:33:06.382934Z -> OpenRouter error (NotFoundError: Error code: 404 - {'error': {'message': 'This model is unavailable for free. The paid version is available now - use this slug instead: meta-llama/llama-3.3-70b-instruct', 'code': 404}, 'user_id': 'user_3FWg0Y7hFwr9mi6ZEJfwxiglC7C'}), trying next provider…
2026-07-21T07:33:06.383011Z -> LLM Error in Generator: All LLM providers failed (non-rate-limit errors). Check API keys and quotas.
2026-07-21T07:33:06.775267Z   ✓ Q4/5 saved (bank now 4)
2026-07-21T07:33:08.775548Z --- RETRIEVING SYLLABUS & STUDENT HISTORY in parallel: Asas Perniagaan ---
2026-07-21T07:33:08.964709Z --- GENERATING ADAPTIVE MCQ IN ENGLISH ---
2026-07-21T07:33:08.987510Z -> OpenRouter error (NotFoundError: Error code: 404 - {'error': {'message': 'This model is unavailable for free. The paid version is available now - use this slug instead: meta-llama/llama-3.3-70b-instruct', 'code': 404}, 'user_id': 'user_3FWg0Y7hFwr9mi6ZEJfwxiglC7C'}), trying next provider…
2026-07-21T07:33:08.987586Z -> LLM Error in Generator: All LLM providers failed (non-rate-limit errors). Check API keys and quotas.
2026-07-21T07:33:09.753775Z   ✓ Q5/5 saved (bank now 5)
2026-07-21T07:33:11.753918Z [313/347] Prinsip Perakaunan — Asas Perniagaan (Bahasa Melayu): generating 5 question(s)...
2026-07-21T07:33:11.753981Z --- RETRIEVING SYLLABUS & STUDENT HISTORY in parallel: Asas Perniagaan ---
2026-07-21T07:33:11.961552Z --- GENERATING ADAPTIVE MCQ IN BAHASA MELAYU ---
2026-07-21T07:33:11.978581Z -> OpenRouter error (NotFoundError: Error code: 404 - {'error': {'message': 'This model is unavailable for free. The paid version is available now - use this slug instead: meta-llama/llama-3.3-70b-instruct', 'code': 404}, 'user_id': 'user_3FWg0Y7hFwr9mi6ZEJfwxiglC7C'}), trying next provider…
2026-07-21T07:33:11.978654Z -> LLM Error in Generator: All LLM providers failed (non-rate-limit errors). Check API keys and quotas.
2026-07-21T07:33:12.364701Z   ✓ Q1/5 saved (bank now 1)
2026-07-21T07:33:14.364980Z --- RETRIEVING SYLLABUS & STUDENT HISTORY in parallel: Asas Perniagaan ---
2026-07-21T07:33:14.571610Z --- GENERATING ADAPTIVE MCQ IN BAHASA MELAYU ---
2026-07-21T07:33:14.593468Z -> OpenRouter error (NotFoundError: Error code: 404 - {'error': {'message': 'This model is unavailable for free. The paid version is available now - use this slug instead: meta-llama/llama-3.3-70b-instruct', 'code': 404}, 'user_id': 'user_3FWg0Y7hFwr9mi6ZEJfwxiglC7C'}), trying next provider…
2026-07-21T07:33:14.593522Z -> LLM Error in Generator: All LLM providers failed (non-rate-limit errors). Check API keys and quotas.
2026-07-21T07:33:14.963971Z   ✓ Q2/5 saved (bank now 2)
2026-07-21T07:33:16.964159Z --- RETRIEVING SYLLABUS & STUDENT HISTORY in parallel: Asas Perniagaan ---
2026-07-21T07:33:17.156567Z --- GENERATING ADAPTIVE MCQ IN BAHASA MELAYU ---
2026-07-21T07:33:17.174471Z -> OpenRouter error (NotFoundError: Error code: 404 - {'error': {'message': 'This model is unavailable for free. The paid version is available now - use this slug instead: meta-llama/llama-3.3-70b-instruct', 'code': 404}, 'user_id': 'user_3FWg0Y7hFwr9mi6ZEJfwxiglC7C'}), trying next provider…
2026-07-21T07:33:17.174542Z -> LLM Error in Generator: All LLM providers failed (non-rate-limit errors). Check API keys and quotas.
2026-07-21T07:33:17.549522Z   ✓ Q3/5 saved (bank now 3)
2026-07-21T07:33:19.549749Z --- RETRIEVING SYLLABUS & STUDENT HISTORY in parallel: Asas Perniagaan ---
2026-07-21T07:33:19.758111Z --- GENERATING ADAPTIVE MCQ IN BAHASA MELAYU ---
2026-07-21T07:33:19.777070Z -> OpenRouter error (NotFoundError: Error code: 404 - {'error': {'message': 'This model is unavailable for free. The paid version is available now - use this slug instead: meta-llama/llama-3.3-70b-instruct', 'code': 404}, 'user_id': 'user_3FWg0Y7hFwr9mi6ZEJfwxiglC7C'}), trying next provider…
2026-07-21T07:33:19.777130Z -> LLM Error in Generator: All LLM providers failed (non-rate-limit errors). Check API keys and quotas.
2026-07-21T07:33:20.152634Z   ✓ Q4/5 saved (bank now 4)
2026-07-21T07:33:22.152714Z --- RETRIEVING SYLLABUS & STUDENT HISTORY in parallel: Asas Perniagaan ---
2026-07-21T07:33:22.355897Z --- GENERATING ADAPTIVE MCQ IN BAHASA MELAYU ---
2026-07-21T07:33:24.379978Z   ✓ Q5/5 saved (bank now 5)
2026-07-21T07:33:26.380267Z [314/347] Prinsip Perakaunan — Pengurusan Sumber Manusia (English): generating 5 question(s)...
2026-07-21T07:33:26.380396Z --- RETRIEVING SYLLABUS & STUDENT HISTORY in parallel: Pengurusan Sumber Manusia ---
2026-07-21T07:33:26.844766Z -> Retrieved 0 textbook chunk(s), 8 DSKP chunk(s)
2026-07-21T07:33:26.845203Z --- GENERATING ADAPTIVE MCQ IN ENGLISH ---
2026-07-21T07:33:28.636054Z -> Cerebras: cooling for 65s.
2026-07-21T07:33:28.681080Z -> GroqCloud: cooling for 65s.
2026-07-21T07:33:28.742701Z -> OpenRouter error (NotFoundError: Error code: 404 - {'error': {'message': 'This model is unavailable for free. The paid version is available now - use this slug instead: meta-llama/llama-3.3-70b-instruct', 'code': 404}, 'user_id': 'user_3FWg0Y7hFwr9mi6ZEJfwxiglC7C'}), trying next provider…
2026-07-21T07:33:28.742791Z -> LLM Error in Generator: All LLM providers failed (non-rate-limit errors). Check API keys and quotas.
2026-07-21T07:33:29.112070Z   ✓ Q1/5 saved (bank now 1)
2026-07-21T07:33:31.112277Z --- RETRIEVING SYLLABUS & STUDENT HISTORY in parallel: Pengurusan Sumber Manusia ---
2026-07-21T07:33:31.293198Z --- GENERATING ADAPTIVE MCQ IN ENGLISH ---
2026-07-21T07:33:31.313095Z -> OpenRouter error (NotFoundError: Error code: 404 - {'error': {'message': 'This model is unavailable for free. The paid version is available now - use this slug instead: meta-llama/llama-3.3-70b-instruct', 'code': 404}, 'user_id': 'user_3FWg0Y7hFwr9mi6ZEJfwxiglC7C'}), trying next provider…
2026-07-21T07:33:31.313143Z -> LLM Error in Generator: All LLM providers failed (non-rate-limit errors). Check API keys and quotas.
2026-07-21T07:33:31.689682Z   ✓ Q2/5 saved (bank now 2)
2026-07-21T07:33:33.690057Z --- RETRIEVING SYLLABUS & STUDENT HISTORY in parallel: Pengurusan Sumber Manusia ---
2026-07-21T07:33:33.868207Z --- GENERATING ADAPTIVE MCQ IN ENGLISH ---
2026-07-21T07:33:33.892696Z -> OpenRouter error (NotFoundError: Error code: 404 - {'error': {'message': 'This model is unavailable for free. The paid version is available now - use this slug instead: meta-llama/llama-3.3-70b-instruct', 'code': 404}, 'user_id': 'user_3FWg0Y7hFwr9mi6ZEJfwxiglC7C'}), trying next provider…
2026-07-21T07:33:33.892791Z -> LLM Error in Generator: All LLM providers failed (non-rate-limit errors). Check API keys and quotas.
2026-07-21T07:33:34.277570Z   ✓ Q3/5 saved (bank now 3)
2026-07-21T07:33:36.277898Z --- RETRIEVING SYLLABUS & STUDENT HISTORY in parallel: Pengurusan Sumber Manusia ---
2026-07-21T07:33:36.456691Z --- GENERATING ADAPTIVE MCQ IN ENGLISH ---
2026-07-21T07:33:36.491157Z -> OpenRouter error (NotFoundError: Error code: 404 - {'error': {'message': 'This model is unavailable for free. The paid version is available now - use this slug instead: meta-llama/llama-3.3-70b-instruct', 'code': 404}, 'user_id': 'user_3FWg0Y7hFwr9mi6ZEJfwxiglC7C'}), trying next provider…
2026-07-21T07:33:36.491257Z -> LLM Error in Generator: All LLM providers failed (non-rate-limit errors). Check API keys and quotas.
2026-07-21T07:33:36.876604Z   ✓ Q4/5 saved (bank now 4)
2026-07-21T07:33:38.876826Z --- RETRIEVING SYLLABUS & STUDENT HISTORY in parallel: Pengurusan Sumber Manusia ---
2026-07-21T07:33:39.055106Z --- GENERATING ADAPTIVE MCQ IN ENGLISH ---
2026-07-21T07:33:39.381791Z -> OpenRouter error (NotFoundError: Error code: 404 - {'error': {'message': 'This model is unavailable for free. The paid version is available now - use this slug instead: meta-llama/llama-3.3-70b-instruct', 'code': 404}, 'user_id': 'user_3FWg0Y7hFwr9mi6ZEJfwxiglC7C'}), trying next provider…
2026-07-21T07:33:39.381895Z -> LLM Error in Generator: All LLM providers failed (non-rate-limit errors). Check API keys and quotas.
2026-07-21T07:33:39.761905Z   ✓ Q5/5 saved (bank now 5)
2026-07-21T07:33:41.762709Z [Checkpoint] 90% written to logs/question_bank_seed_progress.md
2026-07-21T07:33:41.762794Z [315/347] Prinsip Perakaunan — Pengurusan Sumber Manusia (Bahasa Melayu): generating 5 question(s)...
2026-07-21T07:33:41.762819Z --- RETRIEVING SYLLABUS & STUDENT HISTORY in parallel: Pengurusan Sumber Manusia ---
2026-07-21T07:33:41.946983Z --- GENERATING ADAPTIVE MCQ IN BAHASA MELAYU ---
2026-07-21T07:33:41.967986Z -> OpenRouter error (NotFoundError: Error code: 404 - {'error': {'message': 'This model is unavailable for free. The paid version is available now - use this slug instead: meta-llama/llama-3.3-70b-instruct', 'code': 404}, 'user_id': 'user_3FWg0Y7hFwr9mi6ZEJfwxiglC7C'}), trying next provider…
2026-07-21T07:33:41.968066Z -> LLM Error in Generator: All LLM providers failed (non-rate-limit errors). Check API keys and quotas.
2026-07-21T07:33:42.384487Z   ✓ Q1/5 saved (bank now 1)
2026-07-21T07:33:44.384653Z --- RETRIEVING SYLLABUS & STUDENT HISTORY in parallel: Pengurusan Sumber Manusia ---
2026-07-21T07:33:44.566547Z --- GENERATING ADAPTIVE MCQ IN BAHASA MELAYU ---
2026-07-21T07:33:44.607615Z -> OpenRouter error (NotFoundError: Error code: 404 - {'error': {'message': 'This model is unavailable for free. The paid version is available now - use this slug instead: meta-llama/llama-3.3-70b-instruct', 'code': 404}, 'user_id': 'user_3FWg0Y7hFwr9mi6ZEJfwxiglC7C'}), trying next provider…
2026-07-21T07:33:44.607677Z -> LLM Error in Generator: All LLM providers failed (non-rate-limit errors). Check API keys and quotas.
2026-07-21T07:33:44.981492Z   ✓ Q2/5 saved (bank now 2)
2026-07-21T07:33:46.981787Z --- RETRIEVING SYLLABUS & STUDENT HISTORY in parallel: Pengurusan Sumber Manusia ---
2026-07-21T07:33:47.174918Z --- GENERATING ADAPTIVE MCQ IN BAHASA MELAYU ---
2026-07-21T07:33:48.000157Z -> OpenRouter error (NotFoundError: Error code: 404 - {'error': {'message': 'This model is unavailable for free. The paid version is available now - use this slug instead: meta-llama/llama-3.3-70b-instruct', 'code': 404}, 'user_id': 'user_3FWg0Y7hFwr9mi6ZEJfwxiglC7C'}), trying next provider…
2026-07-21T07:33:48.000231Z -> LLM Error in Generator: All LLM providers failed (non-rate-limit errors). Check API keys and quotas.
2026-07-21T07:33:48.379997Z   ✓ Q3/5 saved (bank now 3)
2026-07-21T07:33:50.380282Z --- RETRIEVING SYLLABUS & STUDENT HISTORY in parallel: Pengurusan Sumber Manusia ---
2026-07-21T07:33:50.569239Z --- GENERATING ADAPTIVE MCQ IN BAHASA MELAYU ---
2026-07-21T07:33:52.519244Z -> OpenRouter error (NotFoundError: Error code: 404 - {'error': {'message': 'This model is unavailable for free. The paid version is available now - use this slug instead: meta-llama/llama-3.3-70b-instruct', 'code': 404}, 'user_id': 'user_3FWg0Y7hFwr9mi6ZEJfwxiglC7C'}), trying next provider…
2026-07-21T07:33:52.519350Z -> LLM Error in Generator: All LLM providers failed (non-rate-limit errors). Check API keys and quotas.
2026-07-21T07:33:52.889779Z   ✓ Q4/5 saved (bank now 4)
2026-07-21T07:33:54.890118Z --- RETRIEVING SYLLABUS & STUDENT HISTORY in parallel: Pengurusan Sumber Manusia ---
2026-07-21T07:33:55.096803Z --- GENERATING ADAPTIVE MCQ IN BAHASA MELAYU ---
2026-07-21T07:33:55.119137Z -> OpenRouter error (NotFoundError: Error code: 404 - {'error': {'message': 'This model is unavailable for free. The paid version is available now - use this slug instead: meta-llama/llama-3.3-70b-instruct', 'code': 404}, 'user_id': 'user_3FWg0Y7hFwr9mi6ZEJfwxiglC7C'}), trying next provider…
2026-07-21T07:33:55.119224Z -> LLM Error in Generator: All LLM providers failed (non-rate-limit errors). Check API keys and quotas.
2026-07-21T07:33:55.494243Z   ✓ Q5/5 saved (bank now 5)
2026-07-21T07:33:57.494418Z [316/347] Prinsip Perakaunan — Perakaunan Asas (English): generating 3 question(s)...
2026-07-21T07:33:57.494507Z --- RETRIEVING SYLLABUS & STUDENT HISTORY in parallel: Perakaunan Asas ---
2026-07-21T07:33:57.855937Z -> Retrieved 2 textbook chunk(s), 6 DSKP chunk(s)
2026-07-21T07:33:57.856413Z --- GENERATING ADAPTIVE MCQ IN ENGLISH ---
2026-07-21T07:33:57.874069Z -> OpenRouter error (NotFoundError: Error code: 404 - {'error': {'message': 'This model is unavailable for free. The paid version is available now - use this slug instead: meta-llama/llama-3.3-70b-instruct', 'code': 404}, 'user_id': 'user_3FWg0Y7hFwr9mi6ZEJfwxiglC7C'}), trying next provider…
2026-07-21T07:33:57.874115Z -> LLM Error in Generator: All LLM providers failed (non-rate-limit errors). Check API keys and quotas.
2026-07-21T07:33:58.242812Z   ✓ Q1/3 saved (bank now 3)
2026-07-21T07:34:00.243125Z --- RETRIEVING SYLLABUS & STUDENT HISTORY in parallel: Perakaunan Asas ---
2026-07-21T07:34:00.437225Z --- GENERATING ADAPTIVE MCQ IN ENGLISH ---
2026-07-21T07:34:00.470941Z -> OpenRouter error (NotFoundError: Error code: 404 - {'error': {'message': 'This model is unavailable for free. The paid version is available now - use this slug instead: meta-llama/llama-3.3-70b-instruct', 'code': 404}, 'user_id': 'user_3FWg0Y7hFwr9mi6ZEJfwxiglC7C'}), trying next provider…
2026-07-21T07:34:00.471008Z -> LLM Error in Generator: All LLM providers failed (non-rate-limit errors). Check API keys and quotas.
2026-07-21T07:34:00.901296Z   ✓ Q2/3 saved (bank now 4)
2026-07-21T07:34:02.901497Z --- RETRIEVING SYLLABUS & STUDENT HISTORY in parallel: Perakaunan Asas ---
2026-07-21T07:34:03.083092Z --- GENERATING ADAPTIVE MCQ IN ENGLISH ---
2026-07-21T07:34:03.102470Z -> OpenRouter error (NotFoundError: Error code: 404 - {'error': {'message': 'This model is unavailable for free. The paid version is available now - use this slug instead: meta-llama/llama-3.3-70b-instruct', 'code': 404}, 'user_id': 'user_3FWg0Y7hFwr9mi6ZEJfwxiglC7C'}), trying next provider…
2026-07-21T07:34:03.102558Z -> LLM Error in Generator: All LLM providers failed (non-rate-limit errors). Check API keys and quotas.
2026-07-21T07:34:03.462628Z   ✓ Q3/3 saved (bank now 5)
2026-07-21T07:34:05.462830Z [317/347] Prinsip Perakaunan — Perakaunan Asas (Bahasa Melayu): generating 5 question(s)...
2026-07-21T07:34:05.462944Z --- RETRIEVING SYLLABUS & STUDENT HISTORY in parallel: Perakaunan Asas ---
2026-07-21T07:34:05.660943Z --- GENERATING ADAPTIVE MCQ IN BAHASA MELAYU ---
2026-07-21T07:34:05.681951Z -> OpenRouter error (NotFoundError: Error code: 404 - {'error': {'message': 'This model is unavailable for free. The paid version is available now - use this slug instead: meta-llama/llama-3.3-70b-instruct', 'code': 404}, 'user_id': 'user_3FWg0Y7hFwr9mi6ZEJfwxiglC7C'}), trying next provider…
2026-07-21T07:34:05.682045Z -> LLM Error in Generator: All LLM providers failed (non-rate-limit errors). Check API keys and quotas.
2026-07-21T07:34:06.045213Z   ✓ Q1/5 saved (bank now 1)
2026-07-21T07:34:08.045577Z --- RETRIEVING SYLLABUS & STUDENT HISTORY in parallel: Perakaunan Asas ---
2026-07-21T07:34:08.236052Z --- GENERATING ADAPTIVE MCQ IN BAHASA MELAYU ---
2026-07-21T07:34:08.264172Z -> OpenRouter error (NotFoundError: Error code: 404 - {'error': {'message': 'This model is unavailable for free. The paid version is available now - use this slug instead: meta-llama/llama-3.3-70b-instruct', 'code': 404}, 'user_id': 'user_3FWg0Y7hFwr9mi6ZEJfwxiglC7C'}), trying next provider…
2026-07-21T07:34:08.264269Z -> LLM Error in Generator: All LLM providers failed (non-rate-limit errors). Check API keys and quotas.
2026-07-21T07:34:08.640750Z   ✓ Q2/5 saved (bank now 2)
2026-07-21T07:34:10.641022Z --- RETRIEVING SYLLABUS & STUDENT HISTORY in parallel: Perakaunan Asas ---
2026-07-21T07:34:10.834491Z --- GENERATING ADAPTIVE MCQ IN BAHASA MELAYU ---
2026-07-21T07:34:10.852526Z -> OpenRouter error (NotFoundError: Error code: 404 - {'error': {'message': 'This model is unavailable for free. The paid version is available now - use this slug instead: meta-llama/llama-3.3-70b-instruct', 'code': 404}, 'user_id': 'user_3FWg0Y7hFwr9mi6ZEJfwxiglC7C'}), trying next provider…
2026-07-21T07:34:10.852589Z -> LLM Error in Generator: All LLM providers failed (non-rate-limit errors). Check API keys and quotas.
2026-07-21T07:34:11.220152Z   ✓ Q3/5 saved (bank now 3)
2026-07-21T07:34:13.220388Z --- RETRIEVING SYLLABUS & STUDENT HISTORY in parallel: Perakaunan Asas ---
2026-07-21T07:34:13.416961Z --- GENERATING ADAPTIVE MCQ IN BAHASA MELAYU ---
2026-07-21T07:34:13.434903Z -> OpenRouter error (NotFoundError: Error code: 404 - {'error': {'message': 'This model is unavailable for free. The paid version is available now - use this slug instead: meta-llama/llama-3.3-70b-instruct', 'code': 404}, 'user_id': 'user_3FWg0Y7hFwr9mi6ZEJfwxiglC7C'}), trying next provider…
2026-07-21T07:34:13.434988Z -> LLM Error in Generator: All LLM providers failed (non-rate-limit errors). Check API keys and quotas.
2026-07-21T07:34:13.808925Z   ✓ Q4/5 saved (bank now 4)
2026-07-21T07:34:15.809123Z --- RETRIEVING SYLLABUS & STUDENT HISTORY in parallel: Perakaunan Asas ---
2026-07-21T07:34:15.996247Z --- GENERATING ADAPTIVE MCQ IN BAHASA MELAYU ---
2026-07-21T07:34:16.019014Z -> OpenRouter error (NotFoundError: Error code: 404 - {'error': {'message': 'This model is unavailable for free. The paid version is available now - use this slug instead: meta-llama/llama-3.3-70b-instruct', 'code': 404}, 'user_id': 'user_3FWg0Y7hFwr9mi6ZEJfwxiglC7C'}), trying next provider…
2026-07-21T07:34:16.019092Z -> LLM Error in Generator: All LLM providers failed (non-rate-limit errors). Check API keys and quotas.
2026-07-21T07:34:16.377488Z   ✓ Q5/5 saved (bank now 5)
2026-07-21T07:34:18.377689Z [318/347] Prinsip Perakaunan — Penyata Kewangan (English): generating 5 question(s)...
2026-07-21T07:34:18.377771Z --- RETRIEVING SYLLABUS & STUDENT HISTORY in parallel: Penyata Kewangan ---
2026-07-21T07:34:18.719687Z -> Retrieved 7 textbook chunk(s), 1 DSKP chunk(s)
2026-07-21T07:34:18.720182Z --- GENERATING ADAPTIVE MCQ IN ENGLISH ---
2026-07-21T07:34:18.738370Z -> OpenRouter error (NotFoundError: Error code: 404 - {'error': {'message': 'This model is unavailable for free. The paid version is available now - use this slug instead: meta-llama/llama-3.3-70b-instruct', 'code': 404}, 'user_id': 'user_3FWg0Y7hFwr9mi6ZEJfwxiglC7C'}), trying next provider…
2026-07-21T07:34:18.738461Z -> LLM Error in Generator: All LLM providers failed (non-rate-limit errors). Check API keys and quotas.
2026-07-21T07:34:19.121605Z   ✓ Q1/5 saved (bank now 1)
2026-07-21T07:34:21.121894Z --- RETRIEVING SYLLABUS & STUDENT HISTORY in parallel: Penyata Kewangan ---
2026-07-21T07:34:21.307799Z --- GENERATING ADAPTIVE MCQ IN ENGLISH ---
2026-07-21T07:34:21.326005Z -> OpenRouter error (NotFoundError: Error code: 404 - {'error': {'message': 'This model is unavailable for free. The paid version is available now - use this slug instead: meta-llama/llama-3.3-70b-instruct', 'code': 404}, 'user_id': 'user_3FWg0Y7hFwr9mi6ZEJfwxiglC7C'}), trying next provider…
2026-07-21T07:34:21.326072Z -> LLM Error in Generator: All LLM providers failed (non-rate-limit errors). Check API keys and quotas.
2026-07-21T07:34:21.688995Z   ✓ Q2/5 saved (bank now 2)
2026-07-21T07:34:23.689358Z --- RETRIEVING SYLLABUS & STUDENT HISTORY in parallel: Penyata Kewangan ---
2026-07-21T07:34:23.897565Z --- GENERATING ADAPTIVE MCQ IN ENGLISH ---
2026-07-21T07:34:23.919453Z -> OpenRouter error (NotFoundError: Error code: 404 - {'error': {'message': 'This model is unavailable for free. The paid version is available now - use this slug instead: meta-llama/llama-3.3-70b-instruct', 'code': 404}, 'user_id': 'user_3FWg0Y7hFwr9mi6ZEJfwxiglC7C'}), trying next provider…
2026-07-21T07:34:23.919526Z -> LLM Error in Generator: All LLM providers failed (non-rate-limit errors). Check API keys and quotas.
2026-07-21T07:34:24.299902Z   ✓ Q3/5 saved (bank now 3)
2026-07-21T07:34:26.300150Z --- RETRIEVING SYLLABUS & STUDENT HISTORY in parallel: Penyata Kewangan ---
2026-07-21T07:34:26.479583Z --- GENERATING ADAPTIVE MCQ IN ENGLISH ---
2026-07-21T07:34:26.616730Z -> OpenRouter error (NotFoundError: Error code: 404 - {'error': {'message': 'This model is unavailable for free. The paid version is available now - use this slug instead: meta-llama/llama-3.3-70b-instruct', 'code': 404}, 'user_id': 'user_3FWg0Y7hFwr9mi6ZEJfwxiglC7C'}), trying next provider…
2026-07-21T07:34:26.616780Z -> LLM Error in Generator: All LLM providers failed (non-rate-limit errors). Check API keys and quotas.
2026-07-21T07:34:27.009967Z   ✓ Q4/5 saved (bank now 4)
2026-07-21T07:34:29.010237Z --- RETRIEVING SYLLABUS & STUDENT HISTORY in parallel: Penyata Kewangan ---
2026-07-21T07:34:29.197656Z --- GENERATING ADAPTIVE MCQ IN ENGLISH ---
2026-07-21T07:34:29.230734Z -> OpenRouter error (NotFoundError: Error code: 404 - {'error': {'message': 'This model is unavailable for free. The paid version is available now - use this slug instead: meta-llama/llama-3.3-70b-instruct', 'code': 404}, 'user_id': 'user_3FWg0Y7hFwr9mi6ZEJfwxiglC7C'}), trying next provider…
2026-07-21T07:34:29.230803Z -> LLM Error in Generator: All LLM providers failed (non-rate-limit errors). Check API keys and quotas.
2026-07-21T07:34:29.616657Z   ✓ Q5/5 saved (bank now 5)
2026-07-21T07:34:31.616968Z [319/347] Prinsip Perakaunan — Penyata Kewangan (Bahasa Melayu): generating 5 question(s)...
2026-07-21T07:34:31.617051Z --- RETRIEVING SYLLABUS & STUDENT HISTORY in parallel: Penyata Kewangan ---
2026-07-21T07:34:31.795572Z --- GENERATING ADAPTIVE MCQ IN BAHASA MELAYU ---
2026-07-21T07:34:31.841653Z -> OpenRouter error (NotFoundError: Error code: 404 - {'error': {'message': 'This model is unavailable for free. The paid version is available now - use this slug instead: meta-llama/llama-3.3-70b-instruct', 'code': 404}, 'user_id': 'user_3FWg0Y7hFwr9mi6ZEJfwxiglC7C'}), trying next provider…
2026-07-21T07:34:31.841728Z -> LLM Error in Generator: All LLM providers failed (non-rate-limit errors). Check API keys and quotas.
2026-07-21T07:34:32.241003Z   ✓ Q1/5 saved (bank now 1)
2026-07-21T07:34:34.241293Z --- RETRIEVING SYLLABUS & STUDENT HISTORY in parallel: Penyata Kewangan ---
2026-07-21T07:34:34.444914Z --- GENERATING ADAPTIVE MCQ IN BAHASA MELAYU ---
2026-07-21T07:34:36.351694Z -> Cerebras: cooling for 65s.
2026-07-21T07:34:36.392345Z -> GroqCloud: cooling for 65s.
2026-07-21T07:34:36.408158Z -> OpenRouter error (NotFoundError: Error code: 404 - {'error': {'message': 'This model is unavailable for free. The paid version is available now - use this slug instead: meta-llama/llama-3.3-70b-instruct', 'code': 404}, 'user_id': 'user_3FWg0Y7hFwr9mi6ZEJfwxiglC7C'}), trying next provider…
2026-07-21T07:34:36.408207Z -> LLM Error in Generator: All LLM providers failed (non-rate-limit errors). Check API keys and quotas.
2026-07-21T07:34:36.787743Z   ✓ Q2/5 saved (bank now 2)
2026-07-21T07:34:38.787973Z --- RETRIEVING SYLLABUS & STUDENT HISTORY in parallel: Penyata Kewangan ---
2026-07-21T07:34:38.974869Z --- GENERATING ADAPTIVE MCQ IN BAHASA MELAYU ---
2026-07-21T07:34:38.992927Z -> OpenRouter error (NotFoundError: Error code: 404 - {'error': {'message': 'This model is unavailable for free. The paid version is available now - use this slug instead: meta-llama/llama-3.3-70b-instruct', 'code': 404}, 'user_id': 'user_3FWg0Y7hFwr9mi6ZEJfwxiglC7C'}), trying next provider…
2026-07-21T07:34:38.993024Z -> LLM Error in Generator: All LLM providers failed (non-rate-limit errors). Check API keys and quotas.
2026-07-21T07:34:39.384628Z   ✓ Q3/5 saved (bank now 3)
2026-07-21T07:34:41.384830Z --- RETRIEVING SYLLABUS & STUDENT HISTORY in parallel: Penyata Kewangan ---
2026-07-21T07:34:41.586386Z --- GENERATING ADAPTIVE MCQ IN BAHASA MELAYU ---
2026-07-21T07:34:41.603261Z -> OpenRouter error (NotFoundError: Error code: 404 - {'error': {'message': 'This model is unavailable for free. The paid version is available now - use this slug instead: meta-llama/llama-3.3-70b-instruct', 'code': 404}, 'user_id': 'user_3FWg0Y7hFwr9mi6ZEJfwxiglC7C'}), trying next provider…
2026-07-21T07:34:41.603394Z -> LLM Error in Generator: All LLM providers failed (non-rate-limit errors). Check API keys and quotas.
2026-07-21T07:34:41.989943Z   ✓ Q4/5 saved (bank now 4)
2026-07-21T07:34:43.990191Z --- RETRIEVING SYLLABUS & STUDENT HISTORY in parallel: Penyata Kewangan ---
2026-07-21T07:34:44.179688Z --- GENERATING ADAPTIVE MCQ IN BAHASA MELAYU ---
2026-07-21T07:34:44.202386Z -> OpenRouter error (NotFoundError: Error code: 404 - {'error': {'message': 'This model is unavailable for free. The paid version is available now - use this slug instead: meta-llama/llama-3.3-70b-instruct', 'code': 404}, 'user_id': 'user_3FWg0Y7hFwr9mi6ZEJfwxiglC7C'}), trying next provider…
2026-07-21T07:34:44.202460Z -> LLM Error in Generator: All LLM providers failed (non-rate-limit errors). Check API keys and quotas.
2026-07-21T07:34:44.578547Z   ✓ Q5/5 saved (bank now 5)
2026-07-21T07:34:46.578749Z [320/347] Prinsip Perakaunan — Analisis Nisbah (English): generating 5 question(s)...
2026-07-21T07:34:46.578863Z --- RETRIEVING SYLLABUS & STUDENT HISTORY in parallel: Analisis Nisbah ---
2026-07-21T07:34:47.030230Z -> Retrieved 0 textbook chunk(s), 8 DSKP chunk(s)
2026-07-21T07:34:47.030754Z --- GENERATING ADAPTIVE MCQ IN ENGLISH ---
2026-07-21T07:34:47.047530Z -> OpenRouter error (NotFoundError: Error code: 404 - {'error': {'message': 'This model is unavailable for free. The paid version is available now - use this slug instead: meta-llama/llama-3.3-70b-instruct', 'code': 404}, 'user_id': 'user_3FWg0Y7hFwr9mi6ZEJfwxiglC7C'}), trying next provider…
2026-07-21T07:34:47.047596Z -> LLM Error in Generator: All LLM providers failed (non-rate-limit errors). Check API keys and quotas.
2026-07-21T07:34:47.424268Z   ✓ Q1/5 saved (bank now 1)
2026-07-21T07:34:49.424527Z --- RETRIEVING SYLLABUS & STUDENT HISTORY in parallel: Analisis Nisbah ---
2026-07-21T07:34:49.613108Z --- GENERATING ADAPTIVE MCQ IN ENGLISH ---
2026-07-21T07:34:49.646736Z -> OpenRouter error (NotFoundError: Error code: 404 - {'error': {'message': 'This model is unavailable for free. The paid version is available now - use this slug instead: meta-llama/llama-3.3-70b-instruct', 'code': 404}, 'user_id': 'user_3FWg0Y7hFwr9mi6ZEJfwxiglC7C'}), trying next provider…
2026-07-21T07:34:49.646819Z -> LLM Error in Generator: All LLM providers failed (non-rate-limit errors). Check API keys and quotas.
2026-07-21T07:34:50.018834Z   ✓ Q2/5 saved (bank now 2)
2026-07-21T07:34:52.019100Z --- RETRIEVING SYLLABUS & STUDENT HISTORY in parallel: Analisis Nisbah ---
2026-07-21T07:34:52.206159Z --- GENERATING ADAPTIVE MCQ IN ENGLISH ---
2026-07-21T07:34:52.226004Z -> OpenRouter error (NotFoundError: Error code: 404 - {'error': {'message': 'This model is unavailable for free. The paid version is available now - use this slug instead: meta-llama/llama-3.3-70b-instruct', 'code': 404}, 'user_id': 'user_3FWg0Y7hFwr9mi6ZEJfwxiglC7C'}), trying next provider…
2026-07-21T07:34:52.226068Z -> LLM Error in Generator: All LLM providers failed (non-rate-limit errors). Check API keys and quotas.
2026-07-21T07:34:52.604180Z   ✓ Q3/5 saved (bank now 3)
2026-07-21T07:34:54.604470Z --- RETRIEVING SYLLABUS & STUDENT HISTORY in parallel: Analisis Nisbah ---
2026-07-21T07:34:54.790403Z --- GENERATING ADAPTIVE MCQ IN ENGLISH ---
2026-07-21T07:34:54.808722Z -> OpenRouter error (NotFoundError: Error code: 404 - {'error': {'message': 'This model is unavailable for free. The paid version is available now - use this slug instead: meta-llama/llama-3.3-70b-instruct', 'code': 404}, 'user_id': 'user_3FWg0Y7hFwr9mi6ZEJfwxiglC7C'}), trying next provider…
2026-07-21T07:34:54.808784Z -> LLM Error in Generator: All LLM providers failed (non-rate-limit errors). Check API keys and quotas.
2026-07-21T07:34:55.191363Z   ✓ Q4/5 saved (bank now 4)
2026-07-21T07:34:57.191664Z --- RETRIEVING SYLLABUS & STUDENT HISTORY in parallel: Analisis Nisbah ---
2026-07-21T07:34:57.389203Z --- GENERATING ADAPTIVE MCQ IN ENGLISH ---
2026-07-21T07:34:57.409260Z -> OpenRouter error (NotFoundError: Error code: 404 - {'error': {'message': 'This model is unavailable for free. The paid version is available now - use this slug instead: meta-llama/llama-3.3-70b-instruct', 'code': 404}, 'user_id': 'user_3FWg0Y7hFwr9mi6ZEJfwxiglC7C'}), trying next provider…
2026-07-21T07:34:57.409341Z -> LLM Error in Generator: All LLM providers failed (non-rate-limit errors). Check API keys and quotas.
2026-07-21T07:34:57.836692Z   ✓ Q5/5 saved (bank now 5)
2026-07-21T07:34:59.836926Z [321/347] Prinsip Perakaunan — Analisis Nisbah (Bahasa Melayu): generating 5 question(s)...
2026-07-21T07:34:59.837010Z --- RETRIEVING SYLLABUS & STUDENT HISTORY in parallel: Analisis Nisbah ---
2026-07-21T07:35:00.042402Z --- GENERATING ADAPTIVE MCQ IN BAHASA MELAYU ---
2026-07-21T07:35:00.070074Z -> OpenRouter error (NotFoundError: Error code: 404 - {'error': {'message': 'This model is unavailable for free. The paid version is available now - use this slug instead: meta-llama/llama-3.3-70b-instruct', 'code': 404}, 'user_id': 'user_3FWg0Y7hFwr9mi6ZEJfwxiglC7C'}), trying next provider…
2026-07-21T07:35:00.070168Z -> LLM Error in Generator: All LLM providers failed (non-rate-limit errors). Check API keys and quotas.
2026-07-21T07:35:00.452664Z   ✓ Q1/5 saved (bank now 1)
2026-07-21T07:35:02.452936Z --- RETRIEVING SYLLABUS & STUDENT HISTORY in parallel: Analisis Nisbah ---
2026-07-21T07:35:02.639613Z --- GENERATING ADAPTIVE MCQ IN BAHASA MELAYU ---
2026-07-21T07:35:02.667224Z -> OpenRouter error (NotFoundError: Error code: 404 - {'error': {'message': 'This model is unavailable for free. The paid version is available now - use this slug instead: meta-llama/llama-3.3-70b-instruct', 'code': 404}, 'user_id': 'user_3FWg0Y7hFwr9mi6ZEJfwxiglC7C'}), trying next provider…
2026-07-21T07:35:02.667300Z -> LLM Error in Generator: All LLM providers failed (non-rate-limit errors). Check API keys and quotas.
2026-07-21T07:35:03.062029Z   ✓ Q2/5 saved (bank now 2)
2026-07-21T07:35:05.062380Z --- RETRIEVING SYLLABUS & STUDENT HISTORY in parallel: Analisis Nisbah ---
2026-07-21T07:35:05.248819Z --- GENERATING ADAPTIVE MCQ IN BAHASA MELAYU ---
2026-07-21T07:35:05.265294Z -> OpenRouter error (NotFoundError: Error code: 404 - {'error': {'message': 'This model is unavailable for free. The paid version is available now - use this slug instead: meta-llama/llama-3.3-70b-instruct', 'code': 404}, 'user_id': 'user_3FWg0Y7hFwr9mi6ZEJfwxiglC7C'}), trying next provider…
2026-07-21T07:35:05.265407Z -> LLM Error in Generator: All LLM providers failed (non-rate-limit errors). Check API keys and quotas.
2026-07-21T07:35:05.655440Z   ✓ Q3/5 saved (bank now 3)
2026-07-21T07:35:07.655726Z --- RETRIEVING SYLLABUS & STUDENT HISTORY in parallel: Analisis Nisbah ---
2026-07-21T07:35:07.835122Z --- GENERATING ADAPTIVE MCQ IN BAHASA MELAYU ---
2026-07-21T07:35:07.855396Z -> OpenRouter error (NotFoundError: Error code: 404 - {'error': {'message': 'This model is unavailable for free. The paid version is available now - use this slug instead: meta-llama/llama-3.3-70b-instruct', 'code': 404}, 'user_id': 'user_3FWg0Y7hFwr9mi6ZEJfwxiglC7C'}), trying next provider…
2026-07-21T07:35:07.855480Z -> LLM Error in Generator: All LLM providers failed (non-rate-limit errors). Check API keys and quotas.
2026-07-21T07:35:08.237945Z   ✓ Q4/5 saved (bank now 4)
2026-07-21T07:35:10.238169Z --- RETRIEVING SYLLABUS & STUDENT HISTORY in parallel: Analisis Nisbah ---
2026-07-21T07:35:10.429394Z --- GENERATING ADAPTIVE MCQ IN BAHASA MELAYU ---
2026-07-21T07:35:10.456951Z -> OpenRouter error (NotFoundError: Error code: 404 - {'error': {'message': 'This model is unavailable for free. The paid version is available now - use this slug instead: meta-llama/llama-3.3-70b-instruct', 'code': 404}, 'user_id': 'user_3FWg0Y7hFwr9mi6ZEJfwxiglC7C'}), trying next provider…
2026-07-21T07:35:10.457014Z -> LLM Error in Generator: All LLM providers failed (non-rate-limit errors). Check API keys and quotas.
2026-07-21T07:35:10.894359Z   ✓ Q5/5 saved (bank now 5)
2026-07-21T07:35:12.894587Z [322/347] Prinsip Perakaunan — Kawalan Dalaman (English): generating 5 question(s)...
2026-07-21T07:35:12.894675Z --- RETRIEVING SYLLABUS & STUDENT HISTORY in parallel: Kawalan Dalaman ---
2026-07-21T07:35:13.632383Z -> Retrieved 3 textbook chunk(s), 5 DSKP chunk(s)
2026-07-21T07:35:13.632805Z --- GENERATING ADAPTIVE MCQ IN ENGLISH ---
2026-07-21T07:35:13.651135Z -> OpenRouter error (NotFoundError: Error code: 404 - {'error': {'message': 'This model is unavailable for free. The paid version is available now - use this slug instead: meta-llama/llama-3.3-70b-instruct', 'code': 404}, 'user_id': 'user_3FWg0Y7hFwr9mi6ZEJfwxiglC7C'}), trying next provider…
2026-07-21T07:35:13.651198Z -> LLM Error in Generator: All LLM providers failed (non-rate-limit errors). Check API keys and quotas.
2026-07-21T07:35:14.033252Z   ✓ Q1/5 saved (bank now 1)
2026-07-21T07:35:16.033507Z --- RETRIEVING SYLLABUS & STUDENT HISTORY in parallel: Kawalan Dalaman ---
2026-07-21T07:35:16.218437Z --- GENERATING ADAPTIVE MCQ IN ENGLISH ---
2026-07-21T07:35:16.238916Z -> OpenRouter error (NotFoundError: Error code: 404 - {'error': {'message': 'This model is unavailable for free. The paid version is available now - use this slug instead: meta-llama/llama-3.3-70b-instruct', 'code': 404}, 'user_id': 'user_3FWg0Y7hFwr9mi6ZEJfwxiglC7C'}), trying next provider…
2026-07-21T07:35:16.238968Z -> LLM Error in Generator: All LLM providers failed (non-rate-limit errors). Check API keys and quotas.
2026-07-21T07:35:16.620245Z   ✓ Q2/5 saved (bank now 2)
2026-07-21T07:35:18.620472Z --- RETRIEVING SYLLABUS & STUDENT HISTORY in parallel: Kawalan Dalaman ---
2026-07-21T07:35:18.810050Z --- GENERATING ADAPTIVE MCQ IN ENGLISH ---
2026-07-21T07:35:18.851123Z -> OpenRouter error (NotFoundError: Error code: 404 - {'error': {'message': 'This model is unavailable for free. The paid version is available now - use this slug instead: meta-llama/llama-3.3-70b-instruct', 'code': 404}, 'user_id': 'user_3FWg0Y7hFwr9mi6ZEJfwxiglC7C'}), trying next provider…
2026-07-21T07:35:18.851204Z -> LLM Error in Generator: All LLM providers failed (non-rate-limit errors). Check API keys and quotas.
2026-07-21T07:35:19.215665Z   ✓ Q3/5 saved (bank now 3)
2026-07-21T07:35:21.215955Z --- RETRIEVING SYLLABUS & STUDENT HISTORY in parallel: Kawalan Dalaman ---
2026-07-21T07:35:21.396361Z --- GENERATING ADAPTIVE MCQ IN ENGLISH ---
2026-07-21T07:35:21.418072Z -> OpenRouter error (NotFoundError: Error code: 404 - {'error': {'message': 'This model is unavailable for free. The paid version is available now - use this slug instead: meta-llama/llama-3.3-70b-instruct', 'code': 404}, 'user_id': 'user_3FWg0Y7hFwr9mi6ZEJfwxiglC7C'}), trying next provider…
2026-07-21T07:35:21.418153Z -> LLM Error in Generator: All LLM providers failed (non-rate-limit errors). Check API keys and quotas.
2026-07-21T07:35:21.787179Z   ✓ Q4/5 saved (bank now 4)
2026-07-21T07:35:23.787387Z --- RETRIEVING SYLLABUS & STUDENT HISTORY in parallel: Kawalan Dalaman ---
2026-07-21T07:35:23.981911Z --- GENERATING ADAPTIVE MCQ IN ENGLISH ---
2026-07-21T07:35:24.007810Z -> OpenRouter error (NotFoundError: Error code: 404 - {'error': {'message': 'This model is unavailable for free. The paid version is available now - use this slug instead: meta-llama/llama-3.3-70b-instruct', 'code': 404}, 'user_id': 'user_3FWg0Y7hFwr9mi6ZEJfwxiglC7C'}), trying next provider…
2026-07-21T07:35:24.007866Z -> LLM Error in Generator: All LLM providers failed (non-rate-limit errors). Check API keys and quotas.
2026-07-21T07:35:24.411987Z   ✓ Q5/5 saved (bank now 5)
2026-07-21T07:35:26.412234Z [323/347] Prinsip Perakaunan — Kawalan Dalaman (Bahasa Melayu): generating 5 question(s)...
2026-07-21T07:35:26.412365Z --- RETRIEVING SYLLABUS & STUDENT HISTORY in parallel: Kawalan Dalaman ---
2026-07-21T07:35:26.606570Z --- GENERATING ADAPTIVE MCQ IN BAHASA MELAYU ---
2026-07-21T07:35:26.626726Z -> OpenRouter error (NotFoundError: Error code: 404 - {'error': {'message': 'This model is unavailable for free. The paid version is available now - use this slug instead: meta-llama/llama-3.3-70b-instruct', 'code': 404}, 'user_id': 'user_3FWg0Y7hFwr9mi6ZEJfwxiglC7C'}), trying next provider…
2026-07-21T07:35:26.626783Z -> LLM Error in Generator: All LLM providers failed (non-rate-limit errors). Check API keys and quotas.
2026-07-21T07:35:27.003680Z   ✓ Q1/5 saved (bank now 1)
2026-07-21T07:35:29.003882Z --- RETRIEVING SYLLABUS & STUDENT HISTORY in parallel: Kawalan Dalaman ---
2026-07-21T07:35:29.181666Z --- GENERATING ADAPTIVE MCQ IN BAHASA MELAYU ---
2026-07-21T07:35:29.208817Z -> OpenRouter error (NotFoundError: Error code: 404 - {'error': {'message': 'This model is unavailable for free. The paid version is available now - use this slug instead: meta-llama/llama-3.3-70b-instruct', 'code': 404}, 'user_id': 'user_3FWg0Y7hFwr9mi6ZEJfwxiglC7C'}), trying next provider…
2026-07-21T07:35:29.208901Z -> LLM Error in Generator: All LLM providers failed (non-rate-limit errors). Check API keys and quotas.
2026-07-21T07:35:29.586153Z   ✓ Q2/5 saved (bank now 2)
2026-07-21T07:35:31.586378Z --- RETRIEVING SYLLABUS & STUDENT HISTORY in parallel: Kawalan Dalaman ---
2026-07-21T07:35:31.772013Z --- GENERATING ADAPTIVE MCQ IN BAHASA MELAYU ---
2026-07-21T07:35:31.798061Z -> OpenRouter error (NotFoundError: Error code: 404 - {'error': {'message': 'This model is unavailable for free. The paid version is available now - use this slug instead: meta-llama/llama-3.3-70b-instruct', 'code': 404}, 'user_id': 'user_3FWg0Y7hFwr9mi6ZEJfwxiglC7C'}), trying next provider…
2026-07-21T07:35:31.798121Z -> LLM Error in Generator: All LLM providers failed (non-rate-limit errors). Check API keys and quotas.
2026-07-21T07:35:32.167621Z   ✓ Q3/5 saved (bank now 3)
2026-07-21T07:35:34.167833Z --- RETRIEVING SYLLABUS & STUDENT HISTORY in parallel: Kawalan Dalaman ---
2026-07-21T07:35:34.346190Z --- GENERATING ADAPTIVE MCQ IN BAHASA MELAYU ---
2026-07-21T07:35:34.372494Z -> OpenRouter error (NotFoundError: Error code: 404 - {'error': {'message': 'This model is unavailable for free. The paid version is available now - use this slug instead: meta-llama/llama-3.3-70b-instruct', 'code': 404}, 'user_id': 'user_3FWg0Y7hFwr9mi6ZEJfwxiglC7C'}), trying next provider…
2026-07-21T07:35:34.372570Z -> LLM Error in Generator: All LLM providers failed (non-rate-limit errors). Check API keys and quotas.
2026-07-21T07:35:34.764254Z   ✓ Q4/5 saved (bank now 4)
2026-07-21T07:35:36.764520Z --- RETRIEVING SYLLABUS & STUDENT HISTORY in parallel: Kawalan Dalaman ---
2026-07-21T07:35:36.962587Z --- GENERATING ADAPTIVE MCQ IN BAHASA MELAYU ---
2026-07-21T07:35:36.978395Z -> OpenRouter error (NotFoundError: Error code: 404 - {'error': {'message': 'This model is unavailable for free. The paid version is available now - use this slug instead: meta-llama/llama-3.3-70b-instruct', 'code': 404}, 'user_id': 'user_3FWg0Y7hFwr9mi6ZEJfwxiglC7C'}), trying next provider…
2026-07-21T07:35:36.978438Z -> LLM Error in Generator: All LLM providers failed (non-rate-limit errors). Check API keys and quotas.
2026-07-21T07:35:37.360262Z   ✓ Q5/5 saved (bank now 5)
2026-07-21T07:35:39.360425Z [324/347] Pendidikan Muzik — Teori Muzik (English): generating 4 question(s)...
2026-07-21T07:35:39.360493Z --- RETRIEVING SYLLABUS & STUDENT HISTORY in parallel: Teori Muzik ---
2026-07-21T07:35:39.791828Z -> Retrieved 1 textbook chunk(s), 7 DSKP chunk(s)
2026-07-21T07:35:39.793434Z --- GENERATING ADAPTIVE MCQ IN ENGLISH ---
2026-07-21T07:35:39.821299Z -> OpenRouter error (NotFoundError: Error code: 404 - {'error': {'message': 'This model is unavailable for free. The paid version is available now - use this slug instead: meta-llama/llama-3.3-70b-instruct', 'code': 404}, 'user_id': 'user_3FWg0Y7hFwr9mi6ZEJfwxiglC7C'}), trying next provider…
2026-07-21T07:35:39.821410Z -> LLM Error in Generator: All LLM providers failed (non-rate-limit errors). Check API keys and quotas.
2026-07-21T07:35:40.199437Z   ✓ Q1/4 saved (bank now 2)
2026-07-21T07:35:42.199636Z --- RETRIEVING SYLLABUS & STUDENT HISTORY in parallel: Teori Muzik ---
2026-07-21T07:35:42.399249Z --- GENERATING ADAPTIVE MCQ IN ENGLISH ---
2026-07-21T07:35:44.469736Z -> Cerebras: cooling for 65s.
2026-07-21T07:35:44.506539Z -> GroqCloud: cooling for 65s.
2026-07-21T07:35:44.545018Z -> OpenRouter error (NotFoundError: Error code: 404 - {'error': {'message': 'This model is unavailable for free. The paid version is available now - use this slug instead: meta-llama/llama-3.3-70b-instruct', 'code': 404}, 'user_id': 'user_3FWg0Y7hFwr9mi6ZEJfwxiglC7C'}), trying next provider…
2026-07-21T07:35:44.545093Z -> LLM Error in Generator: All LLM providers failed (non-rate-limit errors). Check API keys and quotas.
2026-07-21T07:35:44.914672Z   ✓ Q2/4 saved (bank now 3)
2026-07-21T07:35:46.914933Z --- RETRIEVING SYLLABUS & STUDENT HISTORY in parallel: Teori Muzik ---
2026-07-21T07:35:47.108916Z --- GENERATING ADAPTIVE MCQ IN ENGLISH ---
2026-07-21T07:35:47.139001Z -> OpenRouter error (NotFoundError: Error code: 404 - {'error': {'message': 'This model is unavailable for free. The paid version is available now - use this slug instead: meta-llama/llama-3.3-70b-instruct', 'code': 404}, 'user_id': 'user_3FWg0Y7hFwr9mi6ZEJfwxiglC7C'}), trying next provider…
2026-07-21T07:35:47.139072Z -> LLM Error in Generator: All LLM providers failed (non-rate-limit errors). Check API keys and quotas.
2026-07-21T07:35:47.517709Z   ✓ Q3/4 saved (bank now 4)
2026-07-21T07:35:49.517915Z --- RETRIEVING SYLLABUS & STUDENT HISTORY in parallel: Teori Muzik ---
2026-07-21T07:35:49.729589Z --- GENERATING ADAPTIVE MCQ IN ENGLISH ---
2026-07-21T07:35:49.790062Z -> OpenRouter error (NotFoundError: Error code: 404 - {'error': {'message': 'This model is unavailable for free. The paid version is available now - use this slug instead: meta-llama/llama-3.3-70b-instruct', 'code': 404}, 'user_id': 'user_3FWg0Y7hFwr9mi6ZEJfwxiglC7C'}), trying next provider…
2026-07-21T07:35:49.790135Z -> LLM Error in Generator: All LLM providers failed (non-rate-limit errors). Check API keys and quotas.
2026-07-21T07:35:50.178065Z   ✓ Q4/4 saved (bank now 5)
2026-07-21T07:35:52.178363Z [325/347] Pendidikan Muzik — Teori Muzik (Bahasa Melayu): generating 5 question(s)...
2026-07-21T07:35:52.178432Z --- RETRIEVING SYLLABUS & STUDENT HISTORY in parallel: Teori Muzik ---
2026-07-21T07:35:52.377050Z --- GENERATING ADAPTIVE MCQ IN BAHASA MELAYU ---
2026-07-21T07:35:52.402407Z -> OpenRouter error (NotFoundError: Error code: 404 - {'error': {'message': 'This model is unavailable for free. The paid version is available now - use this slug instead: meta-llama/llama-3.3-70b-instruct', 'code': 404}, 'user_id': 'user_3FWg0Y7hFwr9mi6ZEJfwxiglC7C'}), trying next provider…
2026-07-21T07:35:52.402491Z -> LLM Error in Generator: All LLM providers failed (non-rate-limit errors). Check API keys and quotas.
2026-07-21T07:35:52.803183Z   ✓ Q1/5 saved (bank now 1)
2026-07-21T07:35:54.803409Z --- RETRIEVING SYLLABUS & STUDENT HISTORY in parallel: Teori Muzik ---
2026-07-21T07:35:54.994475Z --- GENERATING ADAPTIVE MCQ IN BAHASA MELAYU ---
2026-07-21T07:35:55.023048Z -> OpenRouter error (NotFoundError: Error code: 404 - {'error': {'message': 'This model is unavailable for free. The paid version is available now - use this slug instead: meta-llama/llama-3.3-70b-instruct', 'code': 404}, 'user_id': 'user_3FWg0Y7hFwr9mi6ZEJfwxiglC7C'}), trying next provider…
2026-07-21T07:35:55.023132Z -> LLM Error in Generator: All LLM providers failed (non-rate-limit errors). Check API keys and quotas.
2026-07-21T07:35:55.393187Z   ✓ Q2/5 saved (bank now 2)
2026-07-21T07:35:57.393442Z --- RETRIEVING SYLLABUS & STUDENT HISTORY in parallel: Teori Muzik ---
2026-07-21T07:35:57.586572Z --- GENERATING ADAPTIVE MCQ IN BAHASA MELAYU ---
2026-07-21T07:35:57.620273Z -> OpenRouter error (NotFoundError: Error code: 404 - {'error': {'message': 'This model is unavailable for free. The paid version is available now - use this slug instead: meta-llama/llama-3.3-70b-instruct', 'code': 404}, 'user_id': 'user_3FWg0Y7hFwr9mi6ZEJfwxiglC7C'}), trying next provider…
2026-07-21T07:35:57.620393Z -> LLM Error in Generator: All LLM providers failed (non-rate-limit errors). Check API keys and quotas.
2026-07-21T07:35:57.997221Z   ✓ Q3/5 saved (bank now 3)
2026-07-21T07:35:59.997570Z --- RETRIEVING SYLLABUS & STUDENT HISTORY in parallel: Teori Muzik ---
2026-07-21T07:36:00.210552Z --- GENERATING ADAPTIVE MCQ IN BAHASA MELAYU ---
2026-07-21T07:36:00.236676Z -> OpenRouter error (NotFoundError: Error code: 404 - {'error': {'message': 'This model is unavailable for free. The paid version is available now - use this slug instead: meta-llama/llama-3.3-70b-instruct', 'code': 404}, 'user_id': 'user_3FWg0Y7hFwr9mi6ZEJfwxiglC7C'}), trying next provider…
2026-07-21T07:36:00.236764Z -> LLM Error in Generator: All LLM providers failed (non-rate-limit errors). Check API keys and quotas.
2026-07-21T07:36:00.605212Z   ✓ Q4/5 saved (bank now 4)
2026-07-21T07:36:02.605513Z --- RETRIEVING SYLLABUS & STUDENT HISTORY in parallel: Teori Muzik ---
2026-07-21T07:36:02.790690Z --- GENERATING ADAPTIVE MCQ IN BAHASA MELAYU ---
2026-07-21T07:36:02.807028Z -> OpenRouter error (NotFoundError: Error code: 404 - {'error': {'message': 'This model is unavailable for free. The paid version is available now - use this slug instead: meta-llama/llama-3.3-70b-instruct', 'code': 404}, 'user_id': 'user_3FWg0Y7hFwr9mi6ZEJfwxiglC7C'}), trying next provider…
2026-07-21T07:36:02.807082Z -> LLM Error in Generator: All LLM providers failed (non-rate-limit errors). Check API keys and quotas.
2026-07-21T07:36:03.186076Z   ✓ Q5/5 saved (bank now 5)
2026-07-21T07:36:05.186223Z [326/347] Pendidikan Muzik — Notasi Muzik (English): generating 1 question(s)...
2026-07-21T07:36:05.186300Z --- RETRIEVING SYLLABUS & STUDENT HISTORY in parallel: Notasi Muzik ---
2026-07-21T07:36:05.597274Z -> Retrieved 1 textbook chunk(s), 7 DSKP chunk(s)
2026-07-21T07:36:05.597792Z --- GENERATING ADAPTIVE MCQ IN ENGLISH ---
2026-07-21T07:36:05.618998Z -> OpenRouter error (NotFoundError: Error code: 404 - {'error': {'message': 'This model is unavailable for free. The paid version is available now - use this slug instead: meta-llama/llama-3.3-70b-instruct', 'code': 404}, 'user_id': 'user_3FWg0Y7hFwr9mi6ZEJfwxiglC7C'}), trying next provider…
2026-07-21T07:36:05.619070Z -> LLM Error in Generator: All LLM providers failed (non-rate-limit errors). Check API keys and quotas.
2026-07-21T07:36:06.036001Z   ✓ Q1/1 saved (bank now 5)
2026-07-21T07:36:08.036210Z [327/347] Pendidikan Muzik — Notasi Muzik (Bahasa Melayu): generating 5 question(s)...
2026-07-21T07:36:08.036287Z --- RETRIEVING SYLLABUS & STUDENT HISTORY in parallel: Notasi Muzik ---
2026-07-21T07:36:08.230930Z --- GENERATING ADAPTIVE MCQ IN BAHASA MELAYU ---
2026-07-21T07:36:08.263288Z -> OpenRouter error (NotFoundError: Error code: 404 - {'error': {'message': 'This model is unavailable for free. The paid version is available now - use this slug instead: meta-llama/llama-3.3-70b-instruct', 'code': 404}, 'user_id': 'user_3FWg0Y7hFwr9mi6ZEJfwxiglC7C'}), trying next provider…
2026-07-21T07:36:08.263405Z -> LLM Error in Generator: All LLM providers failed (non-rate-limit errors). Check API keys and quotas.
2026-07-21T07:36:08.642242Z   ✓ Q1/5 saved (bank now 1)
2026-07-21T07:36:10.642488Z --- RETRIEVING SYLLABUS & STUDENT HISTORY in parallel: Notasi Muzik ---
2026-07-21T07:36:10.828213Z --- GENERATING ADAPTIVE MCQ IN BAHASA MELAYU ---
2026-07-21T07:36:10.848046Z -> OpenRouter error (NotFoundError: Error code: 404 - {'error': {'message': 'This model is unavailable for free. The paid version is available now - use this slug instead: meta-llama/llama-3.3-70b-instruct', 'code': 404}, 'user_id': 'user_3FWg0Y7hFwr9mi6ZEJfwxiglC7C'}), trying next provider…
2026-07-21T07:36:10.848128Z -> LLM Error in Generator: All LLM providers failed (non-rate-limit errors). Check API keys and quotas.
2026-07-21T07:36:11.236128Z   ✓ Q2/5 saved (bank now 2)
2026-07-21T07:36:13.236257Z --- RETRIEVING SYLLABUS & STUDENT HISTORY in parallel: Notasi Muzik ---
2026-07-21T07:36:13.428590Z --- GENERATING ADAPTIVE MCQ IN BAHASA MELAYU ---
2026-07-21T07:36:13.452883Z -> OpenRouter error (NotFoundError: Error code: 404 - {'error': {'message': 'This model is unavailable for free. The paid version is available now - use this slug instead: meta-llama/llama-3.3-70b-instruct', 'code': 404}, 'user_id': 'user_3FWg0Y7hFwr9mi6ZEJfwxiglC7C'}), trying next provider…
2026-07-21T07:36:13.452931Z -> LLM Error in Generator: All LLM providers failed (non-rate-limit errors). Check API keys and quotas.
2026-07-21T07:36:13.817914Z   ✓ Q3/5 saved (bank now 3)
2026-07-21T07:36:15.818164Z --- RETRIEVING SYLLABUS & STUDENT HISTORY in parallel: Notasi Muzik ---
2026-07-21T07:36:16.000132Z --- GENERATING ADAPTIVE MCQ IN BAHASA MELAYU ---
2026-07-21T07:36:16.022285Z -> OpenRouter error (NotFoundError: Error code: 404 - {'error': {'message': 'This model is unavailable for free. The paid version is available now - use this slug instead: meta-llama/llama-3.3-70b-instruct', 'code': 404}, 'user_id': 'user_3FWg0Y7hFwr9mi6ZEJfwxiglC7C'}), trying next provider…
2026-07-21T07:36:16.022393Z -> LLM Error in Generator: All LLM providers failed (non-rate-limit errors). Check API keys and quotas.
2026-07-21T07:36:16.412623Z   ✓ Q4/5 saved (bank now 4)
2026-07-21T07:36:18.412844Z --- RETRIEVING SYLLABUS & STUDENT HISTORY in parallel: Notasi Muzik ---
2026-07-21T07:36:18.598685Z --- GENERATING ADAPTIVE MCQ IN BAHASA MELAYU ---
2026-07-21T07:36:18.632283Z -> OpenRouter error (NotFoundError: Error code: 404 - {'error': {'message': 'This model is unavailable for free. The paid version is available now - use this slug instead: meta-llama/llama-3.3-70b-instruct', 'code': 404}, 'user_id': 'user_3FWg0Y7hFwr9mi6ZEJfwxiglC7C'}), trying next provider…
2026-07-21T07:36:18.632347Z -> LLM Error in Generator: All LLM providers failed (non-rate-limit errors). Check API keys and quotas.
2026-07-21T07:36:19.016283Z   ✓ Q5/5 saved (bank now 5)
2026-07-21T07:36:21.016461Z [328/347] Pendidikan Muzik — Ensembel (English): generating 1 question(s)...
2026-07-21T07:36:21.016539Z --- RETRIEVING SYLLABUS & STUDENT HISTORY in parallel: Ensembel ---
2026-07-21T07:36:21.441198Z -> Retrieved 1 textbook chunk(s), 7 DSKP chunk(s)
2026-07-21T07:36:21.441648Z --- GENERATING ADAPTIVE MCQ IN ENGLISH ---
2026-07-21T07:36:21.459615Z -> OpenRouter error (NotFoundError: Error code: 404 - {'error': {'message': 'This model is unavailable for free. The paid version is available now - use this slug instead: meta-llama/llama-3.3-70b-instruct', 'code': 404}, 'user_id': 'user_3FWg0Y7hFwr9mi6ZEJfwxiglC7C'}), trying next provider…
2026-07-21T07:36:21.459708Z -> LLM Error in Generator: All LLM providers failed (non-rate-limit errors). Check API keys and quotas.
2026-07-21T07:36:21.854771Z   ✓ Q1/1 saved (bank now 5)
2026-07-21T07:36:23.855062Z [329/347] Pendidikan Muzik — Ensembel (Bahasa Melayu): generating 5 question(s)...
2026-07-21T07:36:23.855144Z --- RETRIEVING SYLLABUS & STUDENT HISTORY in parallel: Ensembel ---
2026-07-21T07:36:24.042306Z --- GENERATING ADAPTIVE MCQ IN BAHASA MELAYU ---
2026-07-21T07:36:24.062495Z -> OpenRouter error (NotFoundError: Error code: 404 - {'error': {'message': 'This model is unavailable for free. The paid version is available now - use this slug instead: meta-llama/llama-3.3-70b-instruct', 'code': 404}, 'user_id': 'user_3FWg0Y7hFwr9mi6ZEJfwxiglC7C'}), trying next provider…
2026-07-21T07:36:24.062563Z -> LLM Error in Generator: All LLM providers failed (non-rate-limit errors). Check API keys and quotas.
2026-07-21T07:36:24.451855Z   ✓ Q1/5 saved (bank now 1)
2026-07-21T07:36:26.452109Z --- RETRIEVING SYLLABUS & STUDENT HISTORY in parallel: Ensembel ---
2026-07-21T07:36:26.639299Z --- GENERATING ADAPTIVE MCQ IN BAHASA MELAYU ---
2026-07-21T07:36:26.659093Z -> OpenRouter error (NotFoundError: Error code: 404 - {'error': {'message': 'This model is unavailable for free. The paid version is available now - use this slug instead: meta-llama/llama-3.3-70b-instruct', 'code': 404}, 'user_id': 'user_3FWg0Y7hFwr9mi6ZEJfwxiglC7C'}), trying next provider…
2026-07-21T07:36:26.659210Z -> LLM Error in Generator: All LLM providers failed (non-rate-limit errors). Check API keys and quotas.
2026-07-21T07:36:27.041746Z   ✓ Q2/5 saved (bank now 2)
2026-07-21T07:36:29.042002Z --- RETRIEVING SYLLABUS & STUDENT HISTORY in parallel: Ensembel ---
2026-07-21T07:36:29.226664Z --- GENERATING ADAPTIVE MCQ IN BAHASA MELAYU ---
2026-07-21T07:36:29.709787Z -> OpenRouter error (NotFoundError: Error code: 404 - {'error': {'message': 'This model is unavailable for free. The paid version is available now - use this slug instead: meta-llama/llama-3.3-70b-instruct', 'code': 404}, 'user_id': 'user_3FWg0Y7hFwr9mi6ZEJfwxiglC7C'}), trying next provider…
2026-07-21T07:36:29.709886Z -> LLM Error in Generator: All LLM providers failed (non-rate-limit errors). Check API keys and quotas.
2026-07-21T07:36:30.103099Z   ✓ Q3/5 saved (bank now 3)
2026-07-21T07:36:32.103364Z --- RETRIEVING SYLLABUS & STUDENT HISTORY in parallel: Ensembel ---
2026-07-21T07:36:32.296555Z --- GENERATING ADAPTIVE MCQ IN BAHASA MELAYU ---
2026-07-21T07:36:32.335620Z -> OpenRouter error (NotFoundError: Error code: 404 - {'error': {'message': 'This model is unavailable for free. The paid version is available now - use this slug instead: meta-llama/llama-3.3-70b-instruct', 'code': 404}, 'user_id': 'user_3FWg0Y7hFwr9mi6ZEJfwxiglC7C'}), trying next provider…
2026-07-21T07:36:32.335699Z -> LLM Error in Generator: All LLM providers failed (non-rate-limit errors). Check API keys and quotas.
2026-07-21T07:36:33.471956Z   ✓ Q4/5 saved (bank now 4)
2026-07-21T07:36:35.472164Z --- RETRIEVING SYLLABUS & STUDENT HISTORY in parallel: Ensembel ---
2026-07-21T07:36:35.664812Z --- GENERATING ADAPTIVE MCQ IN BAHASA MELAYU ---
2026-07-21T07:36:35.682620Z -> OpenRouter error (NotFoundError: Error code: 404 - {'error': {'message': 'This model is unavailable for free. The paid version is available now - use this slug instead: meta-llama/llama-3.3-70b-instruct', 'code': 404}, 'user_id': 'user_3FWg0Y7hFwr9mi6ZEJfwxiglC7C'}), trying next provider…
2026-07-21T07:36:35.682675Z -> LLM Error in Generator: All LLM providers failed (non-rate-limit errors). Check API keys and quotas.
2026-07-21T07:36:36.062259Z   ✓ Q5/5 saved (bank now 5)
2026-07-21T07:36:38.062489Z [330/347] Pendidikan Muzik — Apresiasi Muzik (English): generating 5 question(s)...
2026-07-21T07:36:38.062549Z --- RETRIEVING SYLLABUS & STUDENT HISTORY in parallel: Apresiasi Muzik ---
2026-07-21T07:36:38.338134Z -> Retrieved 1 textbook chunk(s), 7 DSKP chunk(s)
2026-07-21T07:36:38.338492Z --- GENERATING ADAPTIVE MCQ IN ENGLISH ---
2026-07-21T07:36:38.362821Z -> OpenRouter error (NotFoundError: Error code: 404 - {'error': {'message': 'This model is unavailable for free. The paid version is available now - use this slug instead: meta-llama/llama-3.3-70b-instruct', 'code': 404}, 'user_id': 'user_3FWg0Y7hFwr9mi6ZEJfwxiglC7C'}), trying next provider…
2026-07-21T07:36:38.362861Z -> LLM Error in Generator: All LLM providers failed (non-rate-limit errors). Check API keys and quotas.
2026-07-21T07:36:38.737461Z   ✓ Q1/5 saved (bank now 1)
2026-07-21T07:36:40.737712Z --- RETRIEVING SYLLABUS & STUDENT HISTORY in parallel: Apresiasi Muzik ---
2026-07-21T07:36:40.929469Z --- GENERATING ADAPTIVE MCQ IN ENGLISH ---
2026-07-21T07:36:40.952790Z -> OpenRouter error (NotFoundError: Error code: 404 - {'error': {'message': 'This model is unavailable for free. The paid version is available now - use this slug instead: meta-llama/llama-3.3-70b-instruct', 'code': 404}, 'user_id': 'user_3FWg0Y7hFwr9mi6ZEJfwxiglC7C'}), trying next provider…
2026-07-21T07:36:40.952859Z -> LLM Error in Generator: All LLM providers failed (non-rate-limit errors). Check API keys and quotas.
2026-07-21T07:36:41.324461Z   ✓ Q2/5 saved (bank now 2)
2026-07-21T07:36:43.324712Z --- RETRIEVING SYLLABUS & STUDENT HISTORY in parallel: Apresiasi Muzik ---
2026-07-21T07:36:43.521659Z --- GENERATING ADAPTIVE MCQ IN ENGLISH ---
2026-07-21T07:36:43.542041Z -> OpenRouter error (NotFoundError: Error code: 404 - {'error': {'message': 'This model is unavailable for free. The paid version is available now - use this slug instead: meta-llama/llama-3.3-70b-instruct', 'code': 404}, 'user_id': 'user_3FWg0Y7hFwr9mi6ZEJfwxiglC7C'}), trying next provider…
2026-07-21T07:36:43.542110Z -> LLM Error in Generator: All LLM providers failed (non-rate-limit errors). Check API keys and quotas.
2026-07-21T07:36:43.918838Z   ✓ Q3/5 saved (bank now 3)
2026-07-21T07:36:45.919319Z --- RETRIEVING SYLLABUS & STUDENT HISTORY in parallel: Apresiasi Muzik ---
2026-07-21T07:36:46.123807Z --- GENERATING ADAPTIVE MCQ IN ENGLISH ---
2026-07-21T07:36:46.153760Z -> OpenRouter error (NotFoundError: Error code: 404 - {'error': {'message': 'This model is unavailable for free. The paid version is available now - use this slug instead: meta-llama/llama-3.3-70b-instruct', 'code': 404}, 'user_id': 'user_3FWg0Y7hFwr9mi6ZEJfwxiglC7C'}), trying next provider…
2026-07-21T07:36:46.153831Z -> LLM Error in Generator: All LLM providers failed (non-rate-limit errors). Check API keys and quotas.
2026-07-21T07:36:46.517743Z   ✓ Q4/5 saved (bank now 4)
2026-07-21T07:36:48.518143Z --- RETRIEVING SYLLABUS & STUDENT HISTORY in parallel: Apresiasi Muzik ---
2026-07-21T07:36:48.727256Z --- GENERATING ADAPTIVE MCQ IN ENGLISH ---
2026-07-21T07:36:48.745743Z -> OpenRouter error (NotFoundError: Error code: 404 - {'error': {'message': 'This model is unavailable for free. The paid version is available now - use this slug instead: meta-llama/llama-3.3-70b-instruct', 'code': 404}, 'user_id': 'user_3FWg0Y7hFwr9mi6ZEJfwxiglC7C'}), trying next provider…
2026-07-21T07:36:48.745835Z -> LLM Error in Generator: All LLM providers failed (non-rate-limit errors). Check API keys and quotas.
2026-07-21T07:36:49.143507Z   ✓ Q5/5 saved (bank now 5)
2026-07-21T07:36:51.143750Z [331/347] Pendidikan Muzik — Apresiasi Muzik (Bahasa Melayu): generating 5 question(s)...
2026-07-21T07:36:51.143817Z --- RETRIEVING SYLLABUS & STUDENT HISTORY in parallel: Apresiasi Muzik ---
2026-07-21T07:36:51.332252Z --- GENERATING ADAPTIVE MCQ IN BAHASA MELAYU ---
2026-07-21T07:36:53.131407Z -> Cerebras: cooling for 65s.
2026-07-21T07:36:53.171745Z -> GroqCloud: cooling for 65s.
2026-07-21T07:36:53.193413Z -> OpenRouter error (NotFoundError: Error code: 404 - {'error': {'message': 'This model is unavailable for free. The paid version is available now - use this slug instead: meta-llama/llama-3.3-70b-instruct', 'code': 404}, 'user_id': 'user_3FWg0Y7hFwr9mi6ZEJfwxiglC7C'}), trying next provider…
2026-07-21T07:36:53.193524Z -> LLM Error in Generator: All LLM providers failed (non-rate-limit errors). Check API keys and quotas.
2026-07-21T07:36:53.588249Z   ✓ Q1/5 saved (bank now 1)
2026-07-21T07:36:55.588523Z --- RETRIEVING SYLLABUS & STUDENT HISTORY in parallel: Apresiasi Muzik ---
2026-07-21T07:36:55.778522Z --- GENERATING ADAPTIVE MCQ IN BAHASA MELAYU ---
2026-07-21T07:36:55.810708Z -> OpenRouter error (NotFoundError: Error code: 404 - {'error': {'message': 'This model is unavailable for free. The paid version is available now - use this slug instead: meta-llama/llama-3.3-70b-instruct', 'code': 404}, 'user_id': 'user_3FWg0Y7hFwr9mi6ZEJfwxiglC7C'}), trying next provider…
2026-07-21T07:36:55.810785Z -> LLM Error in Generator: All LLM providers failed (non-rate-limit errors). Check API keys and quotas.
2026-07-21T07:36:56.198486Z   ✓ Q2/5 saved (bank now 2)
2026-07-21T07:36:58.198692Z --- RETRIEVING SYLLABUS & STUDENT HISTORY in parallel: Apresiasi Muzik ---
2026-07-21T07:36:58.412005Z --- GENERATING ADAPTIVE MCQ IN BAHASA MELAYU ---
2026-07-21T07:36:58.442607Z -> OpenRouter error (NotFoundError: Error code: 404 - {'error': {'message': 'This model is unavailable for free. The paid version is available now - use this slug instead: meta-llama/llama-3.3-70b-instruct', 'code': 404}, 'user_id': 'user_3FWg0Y7hFwr9mi6ZEJfwxiglC7C'}), trying next provider…
2026-07-21T07:36:58.442670Z -> LLM Error in Generator: All LLM providers failed (non-rate-limit errors). Check API keys and quotas.
2026-07-21T07:36:58.838541Z   ✓ Q3/5 saved (bank now 3)
2026-07-21T07:37:00.838752Z --- RETRIEVING SYLLABUS & STUDENT HISTORY in parallel: Apresiasi Muzik ---
2026-07-21T07:37:01.026501Z --- GENERATING ADAPTIVE MCQ IN BAHASA MELAYU ---
2026-07-21T07:37:01.045363Z -> OpenRouter error (NotFoundError: Error code: 404 - {'error': {'message': 'This model is unavailable for free. The paid version is available now - use this slug instead: meta-llama/llama-3.3-70b-instruct', 'code': 404}, 'user_id': 'user_3FWg0Y7hFwr9mi6ZEJfwxiglC7C'}), trying next provider…
2026-07-21T07:37:01.045428Z -> LLM Error in Generator: All LLM providers failed (non-rate-limit errors). Check API keys and quotas.
2026-07-21T07:37:02.068168Z   ✓ Q4/5 saved (bank now 4)
2026-07-21T07:37:04.068409Z --- RETRIEVING SYLLABUS & STUDENT HISTORY in parallel: Apresiasi Muzik ---
2026-07-21T07:37:04.253196Z --- GENERATING ADAPTIVE MCQ IN BAHASA MELAYU ---
2026-07-21T07:37:04.274418Z -> OpenRouter error (NotFoundError: Error code: 404 - {'error': {'message': 'This model is unavailable for free. The paid version is available now - use this slug instead: meta-llama/llama-3.3-70b-instruct', 'code': 404}, 'user_id': 'user_3FWg0Y7hFwr9mi6ZEJfwxiglC7C'}), trying next provider…
2026-07-21T07:37:04.274500Z -> LLM Error in Generator: All LLM providers failed (non-rate-limit errors). Check API keys and quotas.
2026-07-21T07:37:04.669831Z   ✓ Q5/5 saved (bank now 5)
2026-07-21T07:37:06.670126Z [332/347] Pendidikan Muzik — Irama dan Melodi (English): generating 4 question(s)...
2026-07-21T07:37:06.670208Z --- RETRIEVING SYLLABUS & STUDENT HISTORY in parallel: Irama dan Melodi ---
2026-07-21T07:37:07.019837Z -> Retrieved 6 textbook chunk(s), 2 DSKP chunk(s)
2026-07-21T07:37:07.020470Z --- GENERATING ADAPTIVE MCQ IN ENGLISH ---
2026-07-21T07:37:07.039745Z -> OpenRouter error (NotFoundError: Error code: 404 - {'error': {'message': 'This model is unavailable for free. The paid version is available now - use this slug instead: meta-llama/llama-3.3-70b-instruct', 'code': 404}, 'user_id': 'user_3FWg0Y7hFwr9mi6ZEJfwxiglC7C'}), trying next provider…
2026-07-21T07:37:07.039787Z -> LLM Error in Generator: All LLM providers failed (non-rate-limit errors). Check API keys and quotas.
2026-07-21T07:37:07.423011Z   ✓ Q1/4 saved (bank now 2)
2026-07-21T07:37:09.423283Z --- RETRIEVING SYLLABUS & STUDENT HISTORY in parallel: Irama dan Melodi ---
2026-07-21T07:37:09.604373Z --- GENERATING ADAPTIVE MCQ IN ENGLISH ---
2026-07-21T07:37:09.636439Z -> OpenRouter error (NotFoundError: Error code: 404 - {'error': {'message': 'This model is unavailable for free. The paid version is available now - use this slug instead: meta-llama/llama-3.3-70b-instruct', 'code': 404}, 'user_id': 'user_3FWg0Y7hFwr9mi6ZEJfwxiglC7C'}), trying next provider…
2026-07-21T07:37:09.636518Z -> LLM Error in Generator: All LLM providers failed (non-rate-limit errors). Check API keys and quotas.
2026-07-21T07:37:10.020358Z   ✓ Q2/4 saved (bank now 3)
2026-07-21T07:37:12.020478Z --- RETRIEVING SYLLABUS & STUDENT HISTORY in parallel: Irama dan Melodi ---
2026-07-21T07:37:12.205915Z --- GENERATING ADAPTIVE MCQ IN ENGLISH ---
2026-07-21T07:37:12.228873Z -> OpenRouter error (NotFoundError: Error code: 404 - {'error': {'message': 'This model is unavailable for free. The paid version is available now - use this slug instead: meta-llama/llama-3.3-70b-instruct', 'code': 404}, 'user_id': 'user_3FWg0Y7hFwr9mi6ZEJfwxiglC7C'}), trying next provider…
2026-07-21T07:37:12.228987Z -> LLM Error in Generator: All LLM providers failed (non-rate-limit errors). Check API keys and quotas.
2026-07-21T07:37:12.615198Z   ✓ Q3/4 saved (bank now 4)
2026-07-21T07:37:14.615424Z --- RETRIEVING SYLLABUS & STUDENT HISTORY in parallel: Irama dan Melodi ---
2026-07-21T07:37:14.797919Z --- GENERATING ADAPTIVE MCQ IN ENGLISH ---
2026-07-21T07:37:14.815049Z -> OpenRouter error (NotFoundError: Error code: 404 - {'error': {'message': 'This model is unavailable for free. The paid version is available now - use this slug instead: meta-llama/llama-3.3-70b-instruct', 'code': 404}, 'user_id': 'user_3FWg0Y7hFwr9mi6ZEJfwxiglC7C'}), trying next provider…
2026-07-21T07:37:14.815123Z -> LLM Error in Generator: All LLM providers failed (non-rate-limit errors). Check API keys and quotas.
2026-07-21T07:37:15.198475Z   ✓ Q4/4 saved (bank now 5)
2026-07-21T07:37:17.198707Z [333/347] Pendidikan Muzik — Irama dan Melodi (Bahasa Melayu): generating 5 question(s)...
2026-07-21T07:37:17.198805Z --- RETRIEVING SYLLABUS & STUDENT HISTORY in parallel: Irama dan Melodi ---
2026-07-21T07:37:17.377297Z --- GENERATING ADAPTIVE MCQ IN BAHASA MELAYU ---
2026-07-21T07:37:17.549927Z -> OpenRouter error (NotFoundError: Error code: 404 - {'error': {'message': 'This model is unavailable for free. The paid version is available now - use this slug instead: meta-llama/llama-3.3-70b-instruct', 'code': 404}, 'user_id': 'user_3FWg0Y7hFwr9mi6ZEJfwxiglC7C'}), trying next provider…
2026-07-21T07:37:17.550011Z -> LLM Error in Generator: All LLM providers failed (non-rate-limit errors). Check API keys and quotas.
2026-07-21T07:37:17.935129Z   ✓ Q1/5 saved (bank now 1)
2026-07-21T07:37:19.935390Z --- RETRIEVING SYLLABUS & STUDENT HISTORY in parallel: Irama dan Melodi ---
2026-07-21T07:37:20.120834Z --- GENERATING ADAPTIVE MCQ IN BAHASA MELAYU ---
2026-07-21T07:37:20.142126Z -> OpenRouter error (NotFoundError: Error code: 404 - {'error': {'message': 'This model is unavailable for free. The paid version is available now - use this slug instead: meta-llama/llama-3.3-70b-instruct', 'code': 404}, 'user_id': 'user_3FWg0Y7hFwr9mi6ZEJfwxiglC7C'}), trying next provider…
2026-07-21T07:37:20.142202Z -> LLM Error in Generator: All LLM providers failed (non-rate-limit errors). Check API keys and quotas.
2026-07-21T07:37:20.535217Z   ✓ Q2/5 saved (bank now 2)
2026-07-21T07:37:22.535548Z --- RETRIEVING SYLLABUS & STUDENT HISTORY in parallel: Irama dan Melodi ---
2026-07-21T07:37:22.714640Z --- GENERATING ADAPTIVE MCQ IN BAHASA MELAYU ---
2026-07-21T07:37:22.733875Z -> OpenRouter error (NotFoundError: Error code: 404 - {'error': {'message': 'This model is unavailable for free. The paid version is available now - use this slug instead: meta-llama/llama-3.3-70b-instruct', 'code': 404}, 'user_id': 'user_3FWg0Y7hFwr9mi6ZEJfwxiglC7C'}), trying next provider…
2026-07-21T07:37:22.733955Z -> LLM Error in Generator: All LLM providers failed (non-rate-limit errors). Check API keys and quotas.
2026-07-21T07:37:23.115224Z   ✓ Q3/5 saved (bank now 3)
2026-07-21T07:37:25.115463Z --- RETRIEVING SYLLABUS & STUDENT HISTORY in parallel: Irama dan Melodi ---
2026-07-21T07:37:25.297519Z --- GENERATING ADAPTIVE MCQ IN BAHASA MELAYU ---
2026-07-21T07:37:25.314250Z -> OpenRouter error (NotFoundError: Error code: 404 - {'error': {'message': 'This model is unavailable for free. The paid version is available now - use this slug instead: meta-llama/llama-3.3-70b-instruct', 'code': 404}, 'user_id': 'user_3FWg0Y7hFwr9mi6ZEJfwxiglC7C'}), trying next provider…
2026-07-21T07:37:25.314371Z -> LLM Error in Generator: All LLM providers failed (non-rate-limit errors). Check API keys and quotas.
2026-07-21T07:37:25.693100Z   ✓ Q4/5 saved (bank now 4)
2026-07-21T07:37:27.693273Z --- RETRIEVING SYLLABUS & STUDENT HISTORY in parallel: Irama dan Melodi ---
2026-07-21T07:37:27.881384Z --- GENERATING ADAPTIVE MCQ IN BAHASA MELAYU ---
2026-07-21T07:37:27.900807Z -> OpenRouter error (NotFoundError: Error code: 404 - {'error': {'message': 'This model is unavailable for free. The paid version is available now - use this slug instead: meta-llama/llama-3.3-70b-instruct', 'code': 404}, 'user_id': 'user_3FWg0Y7hFwr9mi6ZEJfwxiglC7C'}), trying next provider…
2026-07-21T07:37:27.900895Z -> LLM Error in Generator: All LLM providers failed (non-rate-limit errors). Check API keys and quotas.
2026-07-21T07:37:28.264463Z   ✓ Q5/5 saved (bank now 5)
2026-07-21T07:37:30.264655Z [334/347] Pendidikan Muzik — Nyanyian (English): generating 5 question(s)...
2026-07-21T07:37:30.264713Z --- RETRIEVING SYLLABUS & STUDENT HISTORY in parallel: Nyanyian ---
2026-07-21T07:37:30.536618Z -> Retrieved 1 textbook chunk(s), 7 DSKP chunk(s)
2026-07-21T07:37:30.537100Z --- GENERATING ADAPTIVE MCQ IN ENGLISH ---
2026-07-21T07:37:30.559115Z -> OpenRouter error (NotFoundError: Error code: 404 - {'error': {'message': 'This model is unavailable for free. The paid version is available now - use this slug instead: meta-llama/llama-3.3-70b-instruct', 'code': 404}, 'user_id': 'user_3FWg0Y7hFwr9mi6ZEJfwxiglC7C'}), trying next provider…
2026-07-21T07:37:30.559151Z -> LLM Error in Generator: All LLM providers failed (non-rate-limit errors). Check API keys and quotas.
2026-07-21T07:37:30.933943Z   ✓ Q1/5 saved (bank now 1)
2026-07-21T07:37:32.934142Z --- RETRIEVING SYLLABUS & STUDENT HISTORY in parallel: Nyanyian ---
2026-07-21T07:37:33.114741Z --- GENERATING ADAPTIVE MCQ IN ENGLISH ---
2026-07-21T07:37:33.135644Z -> OpenRouter error (NotFoundError: Error code: 404 - {'error': {'message': 'This model is unavailable for free. The paid version is available now - use this slug instead: meta-llama/llama-3.3-70b-instruct', 'code': 404}, 'user_id': 'user_3FWg0Y7hFwr9mi6ZEJfwxiglC7C'}), trying next provider…
2026-07-21T07:37:33.135691Z -> LLM Error in Generator: All LLM providers failed (non-rate-limit errors). Check API keys and quotas.
2026-07-21T07:37:33.517464Z   ✓ Q2/5 saved (bank now 2)
2026-07-21T07:37:35.517699Z --- RETRIEVING SYLLABUS & STUDENT HISTORY in parallel: Nyanyian ---
2026-07-21T07:37:35.704543Z --- GENERATING ADAPTIVE MCQ IN ENGLISH ---
2026-07-21T07:37:35.722510Z -> OpenRouter error (NotFoundError: Error code: 404 - {'error': {'message': 'This model is unavailable for free. The paid version is available now - use this slug instead: meta-llama/llama-3.3-70b-instruct', 'code': 404}, 'user_id': 'user_3FWg0Y7hFwr9mi6ZEJfwxiglC7C'}), trying next provider…
2026-07-21T07:37:35.722582Z -> LLM Error in Generator: All LLM providers failed (non-rate-limit errors). Check API keys and quotas.
2026-07-21T07:37:36.093732Z   ✓ Q3/5 saved (bank now 3)
2026-07-21T07:37:38.093921Z --- RETRIEVING SYLLABUS & STUDENT HISTORY in parallel: Nyanyian ---
2026-07-21T07:37:38.277135Z --- GENERATING ADAPTIVE MCQ IN ENGLISH ---
2026-07-21T07:37:38.295470Z -> OpenRouter error (NotFoundError: Error code: 404 - {'error': {'message': 'This model is unavailable for free. The paid version is available now - use this slug instead: meta-llama/llama-3.3-70b-instruct', 'code': 404}, 'user_id': 'user_3FWg0Y7hFwr9mi6ZEJfwxiglC7C'}), trying next provider…
2026-07-21T07:37:38.295536Z -> LLM Error in Generator: All LLM providers failed (non-rate-limit errors). Check API keys and quotas.
2026-07-21T07:37:38.653764Z   ✓ Q4/5 saved (bank now 4)
2026-07-21T07:37:40.653959Z --- RETRIEVING SYLLABUS & STUDENT HISTORY in parallel: Nyanyian ---
2026-07-21T07:37:40.844894Z --- GENERATING ADAPTIVE MCQ IN ENGLISH ---
2026-07-21T07:37:40.867902Z -> OpenRouter error (NotFoundError: Error code: 404 - {'error': {'message': 'This model is unavailable for free. The paid version is available now - use this slug instead: meta-llama/llama-3.3-70b-instruct', 'code': 404}, 'user_id': 'user_3FWg0Y7hFwr9mi6ZEJfwxiglC7C'}), trying next provider…
2026-07-21T07:37:40.867960Z -> LLM Error in Generator: All LLM providers failed (non-rate-limit errors). Check API keys and quotas.
2026-07-21T07:37:41.256040Z   ✓ Q5/5 saved (bank now 5)
2026-07-21T07:37:43.256270Z [335/347] Pendidikan Muzik — Nyanyian (Bahasa Melayu): generating 5 question(s)...
2026-07-21T07:37:43.256396Z --- RETRIEVING SYLLABUS & STUDENT HISTORY in parallel: Nyanyian ---
2026-07-21T07:37:43.435710Z --- GENERATING ADAPTIVE MCQ IN BAHASA MELAYU ---
2026-07-21T07:37:43.453993Z -> OpenRouter error (NotFoundError: Error code: 404 - {'error': {'message': 'This model is unavailable for free. The paid version is available now - use this slug instead: meta-llama/llama-3.3-70b-instruct', 'code': 404}, 'user_id': 'user_3FWg0Y7hFwr9mi6ZEJfwxiglC7C'}), trying next provider…
2026-07-21T07:37:43.454036Z -> LLM Error in Generator: All LLM providers failed (non-rate-limit errors). Check API keys and quotas.
2026-07-21T07:37:43.877672Z   ✓ Q1/5 saved (bank now 1)
2026-07-21T07:37:45.877985Z --- RETRIEVING SYLLABUS & STUDENT HISTORY in parallel: Nyanyian ---
2026-07-21T07:37:46.063683Z --- GENERATING ADAPTIVE MCQ IN BAHASA MELAYU ---
2026-07-21T07:37:46.081446Z -> OpenRouter error (NotFoundError: Error code: 404 - {'error': {'message': 'This model is unavailable for free. The paid version is available now - use this slug instead: meta-llama/llama-3.3-70b-instruct', 'code': 404}, 'user_id': 'user_3FWg0Y7hFwr9mi6ZEJfwxiglC7C'}), trying next provider…
2026-07-21T07:37:46.081534Z -> LLM Error in Generator: All LLM providers failed (non-rate-limit errors). Check API keys and quotas.
2026-07-21T07:37:46.448290Z   ✓ Q2/5 saved (bank now 2)
2026-07-21T07:37:48.448526Z --- RETRIEVING SYLLABUS & STUDENT HISTORY in parallel: Nyanyian ---
2026-07-21T07:37:48.630098Z --- GENERATING ADAPTIVE MCQ IN BAHASA MELAYU ---
2026-07-21T07:37:48.674942Z -> OpenRouter error (NotFoundError: Error code: 404 - {'error': {'message': 'This model is unavailable for free. The paid version is available now - use this slug instead: meta-llama/llama-3.3-70b-instruct', 'code': 404}, 'user_id': 'user_3FWg0Y7hFwr9mi6ZEJfwxiglC7C'}), trying next provider…
2026-07-21T07:37:48.675021Z -> LLM Error in Generator: All LLM providers failed (non-rate-limit errors). Check API keys and quotas.
2026-07-21T07:37:49.041227Z   ✓ Q3/5 saved (bank now 3)
2026-07-21T07:37:51.041453Z --- RETRIEVING SYLLABUS & STUDENT HISTORY in parallel: Nyanyian ---
2026-07-21T07:37:51.274131Z --- GENERATING ADAPTIVE MCQ IN BAHASA MELAYU ---
2026-07-21T07:37:51.289710Z -> OpenRouter error (NotFoundError: Error code: 404 - {'error': {'message': 'This model is unavailable for free. The paid version is available now - use this slug instead: meta-llama/llama-3.3-70b-instruct', 'code': 404}, 'user_id': 'user_3FWg0Y7hFwr9mi6ZEJfwxiglC7C'}), trying next provider…
2026-07-21T07:37:51.289799Z -> LLM Error in Generator: All LLM providers failed (non-rate-limit errors). Check API keys and quotas.
2026-07-21T07:37:51.677262Z   ✓ Q4/5 saved (bank now 4)
2026-07-21T07:37:53.677439Z --- RETRIEVING SYLLABUS & STUDENT HISTORY in parallel: Nyanyian ---
2026-07-21T07:37:53.858045Z --- GENERATING ADAPTIVE MCQ IN BAHASA MELAYU ---
2026-07-21T07:37:53.878298Z -> OpenRouter error (NotFoundError: Error code: 404 - {'error': {'message': 'This model is unavailable for free. The paid version is available now - use this slug instead: meta-llama/llama-3.3-70b-instruct', 'code': 404}, 'user_id': 'user_3FWg0Y7hFwr9mi6ZEJfwxiglC7C'}), trying next provider…
2026-07-21T07:37:53.878407Z -> LLM Error in Generator: All LLM providers failed (non-rate-limit errors). Check API keys and quotas.
2026-07-21T07:37:54.241788Z   ✓ Q5/5 saved (bank now 5)
2026-07-21T07:37:56.242005Z [336/347] Pendidikan Seni Visual — Asas Seni Reka (English): generating 5 question(s)...
2026-07-21T07:37:56.242066Z --- RETRIEVING SYLLABUS & STUDENT HISTORY in parallel: Asas Seni Reka ---
2026-07-21T07:37:56.663946Z -> Retrieved 0 textbook chunk(s), 8 DSKP chunk(s)
2026-07-21T07:37:56.664616Z --- GENERATING ADAPTIVE MCQ IN ENGLISH ---
2026-07-21T07:37:56.693799Z -> OpenRouter error (NotFoundError: Error code: 404 - {'error': {'message': 'This model is unavailable for free. The paid version is available now - use this slug instead: meta-llama/llama-3.3-70b-instruct', 'code': 404}, 'user_id': 'user_3FWg0Y7hFwr9mi6ZEJfwxiglC7C'}), trying next provider…
2026-07-21T07:37:56.693915Z -> LLM Error in Generator: All LLM providers failed (non-rate-limit errors). Check API keys and quotas.
2026-07-21T07:37:57.071792Z   ✓ Q1/5 saved (bank now 1)
2026-07-21T07:37:59.071948Z --- RETRIEVING SYLLABUS & STUDENT HISTORY in parallel: Asas Seni Reka ---
2026-07-21T07:37:59.254179Z --- GENERATING ADAPTIVE MCQ IN ENGLISH ---
2026-07-21T07:38:01.095735Z   ✓ Q2/5 saved (bank now 2)
2026-07-21T07:38:03.095981Z --- RETRIEVING SYLLABUS & STUDENT HISTORY in parallel: Asas Seni Reka ---
2026-07-21T07:38:03.280648Z --- GENERATING ADAPTIVE MCQ IN ENGLISH ---
2026-07-21T07:38:04.969772Z -> Cerebras: cooling for 65s.
2026-07-21T07:38:05.004909Z -> GroqCloud: cooling for 65s.
2026-07-21T07:38:05.083932Z -> OpenRouter error (NotFoundError: Error code: 404 - {'error': {'message': 'This model is unavailable for free. The paid version is available now - use this slug instead: meta-llama/llama-3.3-70b-instruct', 'code': 404}, 'user_id': 'user_3FWg0Y7hFwr9mi6ZEJfwxiglC7C'}), trying next provider…
2026-07-21T07:38:05.084021Z -> LLM Error in Generator: All LLM providers failed (non-rate-limit errors). Check API keys and quotas.
2026-07-21T07:38:05.461762Z   ✓ Q3/5 saved (bank now 3)
2026-07-21T07:38:07.462038Z --- RETRIEVING SYLLABUS & STUDENT HISTORY in parallel: Asas Seni Reka ---
2026-07-21T07:38:07.647885Z --- GENERATING ADAPTIVE MCQ IN ENGLISH ---
2026-07-21T07:38:07.671692Z -> OpenRouter error (NotFoundError: Error code: 404 - {'error': {'message': 'This model is unavailable for free. The paid version is available now - use this slug instead: meta-llama/llama-3.3-70b-instruct', 'code': 404}, 'user_id': 'user_3FWg0Y7hFwr9mi6ZEJfwxiglC7C'}), trying next provider…
2026-07-21T07:38:07.671752Z -> LLM Error in Generator: All LLM providers failed (non-rate-limit errors). Check API keys and quotas.
2026-07-21T07:38:08.052675Z   ✓ Q4/5 saved (bank now 4)
2026-07-21T07:38:10.052854Z --- RETRIEVING SYLLABUS & STUDENT HISTORY in parallel: Asas Seni Reka ---
2026-07-21T07:38:10.237745Z --- GENERATING ADAPTIVE MCQ IN ENGLISH ---
2026-07-21T07:38:10.265244Z -> OpenRouter error (NotFoundError: Error code: 404 - {'error': {'message': 'This model is unavailable for free. The paid version is available now - use this slug instead: meta-llama/llama-3.3-70b-instruct', 'code': 404}, 'user_id': 'user_3FWg0Y7hFwr9mi6ZEJfwxiglC7C'}), trying next provider…
2026-07-21T07:38:10.265355Z -> LLM Error in Generator: All LLM providers failed (non-rate-limit errors). Check API keys and quotas.
2026-07-21T07:38:10.688472Z   ✓ Q5/5 saved (bank now 5)
2026-07-21T07:38:12.688695Z [337/347] Pendidikan Seni Visual — Asas Seni Reka (Bahasa Melayu): generating 5 question(s)...
2026-07-21T07:38:12.688790Z --- RETRIEVING SYLLABUS & STUDENT HISTORY in parallel: Asas Seni Reka ---
2026-07-21T07:38:12.868105Z --- GENERATING ADAPTIVE MCQ IN BAHASA MELAYU ---
2026-07-21T07:38:12.889850Z -> OpenRouter error (NotFoundError: Error code: 404 - {'error': {'message': 'This model is unavailable for free. The paid version is available now - use this slug instead: meta-llama/llama-3.3-70b-instruct', 'code': 404}, 'user_id': 'user_3FWg0Y7hFwr9mi6ZEJfwxiglC7C'}), trying next provider…
2026-07-21T07:38:12.889953Z -> LLM Error in Generator: All LLM providers failed (non-rate-limit errors). Check API keys and quotas.
2026-07-21T07:38:13.270500Z   ✓ Q1/5 saved (bank now 1)
2026-07-21T07:38:15.270828Z --- RETRIEVING SYLLABUS & STUDENT HISTORY in parallel: Asas Seni Reka ---
2026-07-21T07:38:15.460370Z --- GENERATING ADAPTIVE MCQ IN BAHASA MELAYU ---
2026-07-21T07:38:15.510182Z -> OpenRouter error (NotFoundError: Error code: 404 - {'error': {'message': 'This model is unavailable for free. The paid version is available now - use this slug instead: meta-llama/llama-3.3-70b-instruct', 'code': 404}, 'user_id': 'user_3FWg0Y7hFwr9mi6ZEJfwxiglC7C'}), trying next provider…
2026-07-21T07:38:15.510244Z -> LLM Error in Generator: All LLM providers failed (non-rate-limit errors). Check API keys and quotas.
2026-07-21T07:38:15.915981Z   ✓ Q2/5 saved (bank now 2)
2026-07-21T07:38:17.916200Z --- RETRIEVING SYLLABUS & STUDENT HISTORY in parallel: Asas Seni Reka ---
2026-07-21T07:38:18.103836Z --- GENERATING ADAPTIVE MCQ IN BAHASA MELAYU ---
2026-07-21T07:38:18.124266Z -> OpenRouter error (NotFoundError: Error code: 404 - {'error': {'message': 'This model is unavailable for free. The paid version is available now - use this slug instead: meta-llama/llama-3.3-70b-instruct', 'code': 404}, 'user_id': 'user_3FWg0Y7hFwr9mi6ZEJfwxiglC7C'}), trying next provider…
2026-07-21T07:38:18.124355Z -> LLM Error in Generator: All LLM providers failed (non-rate-limit errors). Check API keys and quotas.
2026-07-21T07:38:18.508476Z   ✓ Q3/5 saved (bank now 3)
2026-07-21T07:38:20.508598Z --- RETRIEVING SYLLABUS & STUDENT HISTORY in parallel: Asas Seni Reka ---
2026-07-21T07:38:20.700479Z --- GENERATING ADAPTIVE MCQ IN BAHASA MELAYU ---
2026-07-21T07:38:20.721916Z -> OpenRouter error (NotFoundError: Error code: 404 - {'error': {'message': 'This model is unavailable for free. The paid version is available now - use this slug instead: meta-llama/llama-3.3-70b-instruct', 'code': 404}, 'user_id': 'user_3FWg0Y7hFwr9mi6ZEJfwxiglC7C'}), trying next provider…
2026-07-21T07:38:20.721991Z -> LLM Error in Generator: All LLM providers failed (non-rate-limit errors). Check API keys and quotas.
2026-07-21T07:38:21.115220Z   ✓ Q4/5 saved (bank now 4)
2026-07-21T07:38:23.115393Z --- RETRIEVING SYLLABUS & STUDENT HISTORY in parallel: Asas Seni Reka ---
2026-07-21T07:38:23.335383Z --- GENERATING ADAPTIVE MCQ IN BAHASA MELAYU ---
2026-07-21T07:38:23.355943Z -> OpenRouter error (NotFoundError: Error code: 404 - {'error': {'message': 'This model is unavailable for free. The paid version is available now - use this slug instead: meta-llama/llama-3.3-70b-instruct', 'code': 404}, 'user_id': 'user_3FWg0Y7hFwr9mi6ZEJfwxiglC7C'}), trying next provider…
2026-07-21T07:38:23.355999Z -> LLM Error in Generator: All LLM providers failed (non-rate-limit errors). Check API keys and quotas.
2026-07-21T07:38:23.736880Z   ✓ Q5/5 saved (bank now 5)
2026-07-21T07:38:25.737139Z [338/347] Pendidikan Seni Visual — Seni Halus (English): generating 3 question(s)...
2026-07-21T07:38:25.737216Z --- RETRIEVING SYLLABUS & STUDENT HISTORY in parallel: Seni Halus ---
2026-07-21T07:38:25.995690Z -> Retrieved 0 textbook chunk(s), 8 DSKP chunk(s)
2026-07-21T07:38:25.996145Z --- GENERATING ADAPTIVE MCQ IN ENGLISH ---
2026-07-21T07:38:26.045767Z -> OpenRouter error (NotFoundError: Error code: 404 - {'error': {'message': 'This model is unavailable for free. The paid version is available now - use this slug instead: meta-llama/llama-3.3-70b-instruct', 'code': 404}, 'user_id': 'user_3FWg0Y7hFwr9mi6ZEJfwxiglC7C'}), trying next provider…
2026-07-21T07:38:26.045841Z -> LLM Error in Generator: All LLM providers failed (non-rate-limit errors). Check API keys and quotas.
2026-07-21T07:38:26.612420Z   ✓ Q1/3 saved (bank now 3)
2026-07-21T07:38:28.612682Z --- RETRIEVING SYLLABUS & STUDENT HISTORY in parallel: Seni Halus ---
2026-07-21T07:38:28.807300Z --- GENERATING ADAPTIVE MCQ IN ENGLISH ---
2026-07-21T07:38:28.829553Z -> OpenRouter error (NotFoundError: Error code: 404 - {'error': {'message': 'This model is unavailable for free. The paid version is available now - use this slug instead: meta-llama/llama-3.3-70b-instruct', 'code': 404}, 'user_id': 'user_3FWg0Y7hFwr9mi6ZEJfwxiglC7C'}), trying next provider…
2026-07-21T07:38:28.829618Z -> LLM Error in Generator: All LLM providers failed (non-rate-limit errors). Check API keys and quotas.
2026-07-21T07:38:29.215504Z   ✓ Q2/3 saved (bank now 4)
2026-07-21T07:38:31.215708Z --- RETRIEVING SYLLABUS & STUDENT HISTORY in parallel: Seni Halus ---
2026-07-21T07:38:31.406421Z --- GENERATING ADAPTIVE MCQ IN ENGLISH ---
2026-07-21T07:38:31.437173Z -> OpenRouter error (NotFoundError: Error code: 404 - {'error': {'message': 'This model is unavailable for free. The paid version is available now - use this slug instead: meta-llama/llama-3.3-70b-instruct', 'code': 404}, 'user_id': 'user_3FWg0Y7hFwr9mi6ZEJfwxiglC7C'}), trying next provider…
2026-07-21T07:38:31.437265Z -> LLM Error in Generator: All LLM providers failed (non-rate-limit errors). Check API keys and quotas.
2026-07-21T07:38:31.822409Z   ✓ Q3/3 saved (bank now 5)
2026-07-21T07:38:33.822554Z [339/347] Pendidikan Seni Visual — Seni Halus (Bahasa Melayu): generating 5 question(s)...
2026-07-21T07:38:33.822653Z --- RETRIEVING SYLLABUS & STUDENT HISTORY in parallel: Seni Halus ---
2026-07-21T07:38:34.008939Z --- GENERATING ADAPTIVE MCQ IN BAHASA MELAYU ---
2026-07-21T07:38:34.035035Z -> OpenRouter error (NotFoundError: Error code: 404 - {'error': {'message': 'This model is unavailable for free. The paid version is available now - use this slug instead: meta-llama/llama-3.3-70b-instruct', 'code': 404}, 'user_id': 'user_3FWg0Y7hFwr9mi6ZEJfwxiglC7C'}), trying next provider…
2026-07-21T07:38:34.035117Z -> LLM Error in Generator: All LLM providers failed (non-rate-limit errors). Check API keys and quotas.
2026-07-21T07:38:34.405840Z   ✓ Q1/5 saved (bank now 1)
2026-07-21T07:38:36.406097Z --- RETRIEVING SYLLABUS & STUDENT HISTORY in parallel: Seni Halus ---
2026-07-21T07:38:36.590625Z --- GENERATING ADAPTIVE MCQ IN BAHASA MELAYU ---
2026-07-21T07:38:36.667226Z -> OpenRouter error (NotFoundError: Error code: 404 - {'error': {'message': 'This model is unavailable for free. The paid version is available now - use this slug instead: meta-llama/llama-3.3-70b-instruct', 'code': 404}, 'user_id': 'user_3FWg0Y7hFwr9mi6ZEJfwxiglC7C'}), trying next provider…
2026-07-21T07:38:36.667360Z -> LLM Error in Generator: All LLM providers failed (non-rate-limit errors). Check API keys and quotas.
2026-07-21T07:38:37.037962Z   ✓ Q2/5 saved (bank now 2)
2026-07-21T07:38:39.038205Z --- RETRIEVING SYLLABUS & STUDENT HISTORY in parallel: Seni Halus ---
2026-07-21T07:38:39.219865Z --- GENERATING ADAPTIVE MCQ IN BAHASA MELAYU ---
2026-07-21T07:38:39.242945Z -> OpenRouter error (NotFoundError: Error code: 404 - {'error': {'message': 'This model is unavailable for free. The paid version is available now - use this slug instead: meta-llama/llama-3.3-70b-instruct', 'code': 404}, 'user_id': 'user_3FWg0Y7hFwr9mi6ZEJfwxiglC7C'}), trying next provider…
2026-07-21T07:38:39.243039Z -> LLM Error in Generator: All LLM providers failed (non-rate-limit errors). Check API keys and quotas.
2026-07-21T07:38:39.629705Z   ✓ Q3/5 saved (bank now 3)
2026-07-21T07:38:41.629968Z --- RETRIEVING SYLLABUS & STUDENT HISTORY in parallel: Seni Halus ---
2026-07-21T07:38:41.821478Z --- GENERATING ADAPTIVE MCQ IN BAHASA MELAYU ---
2026-07-21T07:38:41.861615Z -> OpenRouter error (NotFoundError: Error code: 404 - {'error': {'message': 'This model is unavailable for free. The paid version is available now - use this slug instead: meta-llama/llama-3.3-70b-instruct', 'code': 404}, 'user_id': 'user_3FWg0Y7hFwr9mi6ZEJfwxiglC7C'}), trying next provider…
2026-07-21T07:38:41.861668Z -> LLM Error in Generator: All LLM providers failed (non-rate-limit errors). Check API keys and quotas.
2026-07-21T07:38:42.229626Z   ✓ Q4/5 saved (bank now 4)
2026-07-21T07:38:44.229895Z --- RETRIEVING SYLLABUS & STUDENT HISTORY in parallel: Seni Halus ---
2026-07-21T07:38:44.410474Z --- GENERATING ADAPTIVE MCQ IN BAHASA MELAYU ---
2026-07-21T07:38:44.514487Z -> OpenRouter error (NotFoundError: Error code: 404 - {'error': {'message': 'This model is unavailable for free. The paid version is available now - use this slug instead: meta-llama/llama-3.3-70b-instruct', 'code': 404}, 'user_id': 'user_3FWg0Y7hFwr9mi6ZEJfwxiglC7C'}), trying next provider…
2026-07-21T07:38:44.514576Z -> LLM Error in Generator: All LLM providers failed (non-rate-limit errors). Check API keys and quotas.
2026-07-21T07:38:44.902601Z   ✓ Q5/5 saved (bank now 5)
2026-07-21T07:38:46.902867Z [340/347] Pendidikan Seni Visual — Kraf Tradisional (English): generating 2 question(s)...
2026-07-21T07:38:46.902981Z --- RETRIEVING SYLLABUS & STUDENT HISTORY in parallel: Kraf Tradisional ---
2026-07-21T07:38:47.177214Z -> Retrieved 0 textbook chunk(s), 8 DSKP chunk(s)
2026-07-21T07:38:47.177705Z --- GENERATING ADAPTIVE MCQ IN ENGLISH ---
2026-07-21T07:38:47.197528Z -> OpenRouter error (NotFoundError: Error code: 404 - {'error': {'message': 'This model is unavailable for free. The paid version is available now - use this slug instead: meta-llama/llama-3.3-70b-instruct', 'code': 404}, 'user_id': 'user_3FWg0Y7hFwr9mi6ZEJfwxiglC7C'}), trying next provider…
2026-07-21T07:38:47.197588Z -> LLM Error in Generator: All LLM providers failed (non-rate-limit errors). Check API keys and quotas.
2026-07-21T07:38:47.598850Z   ✓ Q1/2 saved (bank now 4)
2026-07-21T07:38:49.599038Z --- RETRIEVING SYLLABUS & STUDENT HISTORY in parallel: Kraf Tradisional ---
2026-07-21T07:38:49.792278Z --- GENERATING ADAPTIVE MCQ IN ENGLISH ---
2026-07-21T07:38:49.821252Z -> OpenRouter error (NotFoundError: Error code: 404 - {'error': {'message': 'This model is unavailable for free. The paid version is available now - use this slug instead: meta-llama/llama-3.3-70b-instruct', 'code': 404}, 'user_id': 'user_3FWg0Y7hFwr9mi6ZEJfwxiglC7C'}), trying next provider…
2026-07-21T07:38:49.821303Z -> LLM Error in Generator: All LLM providers failed (non-rate-limit errors). Check API keys and quotas.
2026-07-21T07:38:50.198513Z   ✓ Q2/2 saved (bank now 5)
2026-07-21T07:38:52.198718Z [341/347] Pendidikan Seni Visual — Kraf Tradisional (Bahasa Melayu): generating 5 question(s)...
2026-07-21T07:38:52.198783Z --- RETRIEVING SYLLABUS & STUDENT HISTORY in parallel: Kraf Tradisional ---
2026-07-21T07:38:52.383549Z --- GENERATING ADAPTIVE MCQ IN BAHASA MELAYU ---
2026-07-21T07:38:52.412971Z -> OpenRouter error (NotFoundError: Error code: 404 - {'error': {'message': 'This model is unavailable for free. The paid version is available now - use this slug instead: meta-llama/llama-3.3-70b-instruct', 'code': 404}, 'user_id': 'user_3FWg0Y7hFwr9mi6ZEJfwxiglC7C'}), trying next provider…
2026-07-21T07:38:52.413048Z -> LLM Error in Generator: All LLM providers failed (non-rate-limit errors). Check API keys and quotas.
2026-07-21T07:38:52.793856Z   ✓ Q1/5 saved (bank now 1)
2026-07-21T07:38:54.794193Z --- RETRIEVING SYLLABUS & STUDENT HISTORY in parallel: Kraf Tradisional ---
2026-07-21T07:38:54.977017Z --- GENERATING ADAPTIVE MCQ IN BAHASA MELAYU ---
2026-07-21T07:38:55.028387Z -> OpenRouter error (NotFoundError: Error code: 404 - {'error': {'message': 'This model is unavailable for free. The paid version is available now - use this slug instead: meta-llama/llama-3.3-70b-instruct', 'code': 404}, 'user_id': 'user_3FWg0Y7hFwr9mi6ZEJfwxiglC7C'}), trying next provider…
2026-07-21T07:38:55.028444Z -> LLM Error in Generator: All LLM providers failed (non-rate-limit errors). Check API keys and quotas.
2026-07-21T07:38:55.409584Z   ✓ Q2/5 saved (bank now 2)
2026-07-21T07:38:57.409921Z --- RETRIEVING SYLLABUS & STUDENT HISTORY in parallel: Kraf Tradisional ---
2026-07-21T07:38:57.608516Z --- GENERATING ADAPTIVE MCQ IN BAHASA MELAYU ---
2026-07-21T07:38:57.640518Z -> OpenRouter error (NotFoundError: Error code: 404 - {'error': {'message': 'This model is unavailable for free. The paid version is available now - use this slug instead: meta-llama/llama-3.3-70b-instruct', 'code': 404}, 'user_id': 'user_3FWg0Y7hFwr9mi6ZEJfwxiglC7C'}), trying next provider…
2026-07-21T07:38:57.640608Z -> LLM Error in Generator: All LLM providers failed (non-rate-limit errors). Check API keys and quotas.
2026-07-21T07:38:58.009614Z   ✓ Q3/5 saved (bank now 3)
2026-07-21T07:39:00.009821Z --- RETRIEVING SYLLABUS & STUDENT HISTORY in parallel: Kraf Tradisional ---
2026-07-21T07:39:00.212238Z --- GENERATING ADAPTIVE MCQ IN BAHASA MELAYU ---
2026-07-21T07:39:00.237645Z -> OpenRouter error (NotFoundError: Error code: 404 - {'error': {'message': 'This model is unavailable for free. The paid version is available now - use this slug instead: meta-llama/llama-3.3-70b-instruct', 'code': 404}, 'user_id': 'user_3FWg0Y7hFwr9mi6ZEJfwxiglC7C'}), trying next provider…
2026-07-21T07:39:00.237717Z -> LLM Error in Generator: All LLM providers failed (non-rate-limit errors). Check API keys and quotas.
2026-07-21T07:39:00.614551Z   ✓ Q4/5 saved (bank now 4)
2026-07-21T07:39:02.614761Z --- RETRIEVING SYLLABUS & STUDENT HISTORY in parallel: Kraf Tradisional ---
2026-07-21T07:39:02.803534Z --- GENERATING ADAPTIVE MCQ IN BAHASA MELAYU ---
2026-07-21T07:39:02.837374Z -> OpenRouter error (NotFoundError: Error code: 404 - {'error': {'message': 'This model is unavailable for free. The paid version is available now - use this slug instead: meta-llama/llama-3.3-70b-instruct', 'code': 404}, 'user_id': 'user_3FWg0Y7hFwr9mi6ZEJfwxiglC7C'}), trying next provider…
2026-07-21T07:39:02.837448Z -> LLM Error in Generator: All LLM providers failed (non-rate-limit errors). Check API keys and quotas.
2026-07-21T07:39:03.220212Z   ✓ Q5/5 saved (bank now 5)
2026-07-21T07:39:05.220391Z [342/347] Pendidikan Seni Visual — Reka Bentuk (English): generating 5 question(s)...
2026-07-21T07:39:05.220470Z --- RETRIEVING SYLLABUS & STUDENT HISTORY in parallel: Reka Bentuk ---
2026-07-21T07:39:05.575386Z -> Retrieved 0 textbook chunk(s), 8 DSKP chunk(s)
2026-07-21T07:39:05.576040Z --- GENERATING ADAPTIVE MCQ IN ENGLISH ---
2026-07-21T07:39:05.749422Z -> OpenRouter error (NotFoundError: Error code: 404 - {'error': {'message': 'This model is unavailable for free. The paid version is available now - use this slug instead: meta-llama/llama-3.3-70b-instruct', 'code': 404}, 'user_id': 'user_3FWg0Y7hFwr9mi6ZEJfwxiglC7C'}), trying next provider…
2026-07-21T07:39:05.749507Z -> LLM Error in Generator: All LLM providers failed (non-rate-limit errors). Check API keys and quotas.
2026-07-21T07:39:06.129730Z   ✓ Q1/5 saved (bank now 1)
2026-07-21T07:39:08.130022Z --- RETRIEVING SYLLABUS & STUDENT HISTORY in parallel: Reka Bentuk ---
2026-07-21T07:39:08.315694Z --- GENERATING ADAPTIVE MCQ IN ENGLISH ---
2026-07-21T07:39:08.375390Z -> OpenRouter error (NotFoundError: Error code: 404 - {'error': {'message': 'This model is unavailable for free. The paid version is available now - use this slug instead: meta-llama/llama-3.3-70b-instruct', 'code': 404}, 'user_id': 'user_3FWg0Y7hFwr9mi6ZEJfwxiglC7C'}), trying next provider…
2026-07-21T07:39:08.375497Z -> LLM Error in Generator: All LLM providers failed (non-rate-limit errors). Check API keys and quotas.
2026-07-21T07:39:08.745363Z   ✓ Q2/5 saved (bank now 2)
2026-07-21T07:39:10.745486Z --- RETRIEVING SYLLABUS & STUDENT HISTORY in parallel: Reka Bentuk ---
2026-07-21T07:39:10.943193Z --- GENERATING ADAPTIVE MCQ IN ENGLISH ---
2026-07-21T07:39:12.162676Z   ✓ Q3/5 saved (bank now 3)
2026-07-21T07:39:14.162853Z --- RETRIEVING SYLLABUS & STUDENT HISTORY in parallel: Reka Bentuk ---
2026-07-21T07:39:14.361436Z --- GENERATING ADAPTIVE MCQ IN ENGLISH ---
2026-07-21T07:39:16.083494Z -> Cerebras: cooling for 65s.
2026-07-21T07:39:16.125853Z -> GroqCloud: cooling for 65s.
2026-07-21T07:39:16.171217Z -> OpenRouter error (NotFoundError: Error code: 404 - {'error': {'message': 'This model is unavailable for free. The paid version is available now - use this slug instead: meta-llama/llama-3.3-70b-instruct', 'code': 404}, 'user_id': 'user_3FWg0Y7hFwr9mi6ZEJfwxiglC7C'}), trying next provider…
2026-07-21T07:39:16.171292Z -> LLM Error in Generator: All LLM providers failed (non-rate-limit errors). Check API keys and quotas.
2026-07-21T07:39:16.547898Z   ✓ Q4/5 saved (bank now 4)
2026-07-21T07:39:18.548225Z --- RETRIEVING SYLLABUS & STUDENT HISTORY in parallel: Reka Bentuk ---
2026-07-21T07:39:18.739930Z --- GENERATING ADAPTIVE MCQ IN ENGLISH ---
2026-07-21T07:39:19.121567Z -> OpenRouter error (NotFoundError: Error code: 404 - {'error': {'message': 'This model is unavailable for free. The paid version is available now - use this slug instead: meta-llama/llama-3.3-70b-instruct', 'code': 404}, 'user_id': 'user_3FWg0Y7hFwr9mi6ZEJfwxiglC7C'}), trying next provider…
2026-07-21T07:39:19.121653Z -> LLM Error in Generator: All LLM providers failed (non-rate-limit errors). Check API keys and quotas.
2026-07-21T07:39:19.497463Z   ✓ Q5/5 saved (bank now 5)
2026-07-21T07:39:21.497740Z [343/347] Pendidikan Seni Visual — Reka Bentuk (Bahasa Melayu): generating 5 question(s)...
2026-07-21T07:39:21.497820Z --- RETRIEVING SYLLABUS & STUDENT HISTORY in parallel: Reka Bentuk ---
2026-07-21T07:39:21.681856Z --- GENERATING ADAPTIVE MCQ IN BAHASA MELAYU ---
2026-07-21T07:39:21.702928Z -> OpenRouter error (NotFoundError: Error code: 404 - {'error': {'message': 'This model is unavailable for free. The paid version is available now - use this slug instead: meta-llama/llama-3.3-70b-instruct', 'code': 404}, 'user_id': 'user_3FWg0Y7hFwr9mi6ZEJfwxiglC7C'}), trying next provider…
2026-07-21T07:39:21.703003Z -> LLM Error in Generator: All LLM providers failed (non-rate-limit errors). Check API keys and quotas.
2026-07-21T07:39:22.078485Z   ✓ Q1/5 saved (bank now 1)
2026-07-21T07:39:24.078721Z --- RETRIEVING SYLLABUS & STUDENT HISTORY in parallel: Reka Bentuk ---
2026-07-21T07:39:24.268947Z --- GENERATING ADAPTIVE MCQ IN BAHASA MELAYU ---
2026-07-21T07:39:24.331354Z -> OpenRouter error (NotFoundError: Error code: 404 - {'error': {'message': 'This model is unavailable for free. The paid version is available now - use this slug instead: meta-llama/llama-3.3-70b-instruct', 'code': 404}, 'user_id': 'user_3FWg0Y7hFwr9mi6ZEJfwxiglC7C'}), trying next provider…
2026-07-21T07:39:24.331427Z -> LLM Error in Generator: All LLM providers failed (non-rate-limit errors). Check API keys and quotas.
2026-07-21T07:39:24.712955Z   ✓ Q2/5 saved (bank now 2)
2026-07-21T07:39:26.713183Z --- RETRIEVING SYLLABUS & STUDENT HISTORY in parallel: Reka Bentuk ---
2026-07-21T07:39:26.902399Z --- GENERATING ADAPTIVE MCQ IN BAHASA MELAYU ---
2026-07-21T07:39:26.923198Z -> OpenRouter error (NotFoundError: Error code: 404 - {'error': {'message': 'This model is unavailable for free. The paid version is available now - use this slug instead: meta-llama/llama-3.3-70b-instruct', 'code': 404}, 'user_id': 'user_3FWg0Y7hFwr9mi6ZEJfwxiglC7C'}), trying next provider…
2026-07-21T07:39:26.923268Z -> LLM Error in Generator: All LLM providers failed (non-rate-limit errors). Check API keys and quotas.
2026-07-21T07:39:27.308233Z   ✓ Q3/5 saved (bank now 3)
2026-07-21T07:39:29.308433Z --- RETRIEVING SYLLABUS & STUDENT HISTORY in parallel: Reka Bentuk ---
2026-07-21T07:39:29.497254Z --- GENERATING ADAPTIVE MCQ IN BAHASA MELAYU ---
2026-07-21T07:39:29.515821Z -> OpenRouter error (NotFoundError: Error code: 404 - {'error': {'message': 'This model is unavailable for free. The paid version is available now - use this slug instead: meta-llama/llama-3.3-70b-instruct', 'code': 404}, 'user_id': 'user_3FWg0Y7hFwr9mi6ZEJfwxiglC7C'}), trying next provider…
2026-07-21T07:39:29.515893Z -> LLM Error in Generator: All LLM providers failed (non-rate-limit errors). Check API keys and quotas.
2026-07-21T07:39:29.897108Z   ✓ Q4/5 saved (bank now 4)
2026-07-21T07:39:31.897386Z --- RETRIEVING SYLLABUS & STUDENT HISTORY in parallel: Reka Bentuk ---
2026-07-21T07:39:32.084201Z --- GENERATING ADAPTIVE MCQ IN BAHASA MELAYU ---
2026-07-21T07:39:32.109856Z -> OpenRouter error (NotFoundError: Error code: 404 - {'error': {'message': 'This model is unavailable for free. The paid version is available now - use this slug instead: meta-llama/llama-3.3-70b-instruct', 'code': 404}, 'user_id': 'user_3FWg0Y7hFwr9mi6ZEJfwxiglC7C'}), trying next provider…
2026-07-21T07:39:32.109919Z -> LLM Error in Generator: All LLM providers failed (non-rate-limit errors). Check API keys and quotas.
2026-07-21T07:39:32.501853Z   ✓ Q5/5 saved (bank now 5)
2026-07-21T07:39:34.502079Z [344/347] Pendidikan Seni Visual — Apresiasi Seni (English): generating 5 question(s)...
2026-07-21T07:39:34.502162Z --- RETRIEVING SYLLABUS & STUDENT HISTORY in parallel: Apresiasi Seni ---
2026-07-21T07:39:34.797442Z -> Retrieved 0 textbook chunk(s), 8 DSKP chunk(s)
2026-07-21T07:39:34.798025Z --- GENERATING ADAPTIVE MCQ IN ENGLISH ---
2026-07-21T07:39:34.819553Z -> OpenRouter error (NotFoundError: Error code: 404 - {'error': {'message': 'This model is unavailable for free. The paid version is available now - use this slug instead: meta-llama/llama-3.3-70b-instruct', 'code': 404}, 'user_id': 'user_3FWg0Y7hFwr9mi6ZEJfwxiglC7C'}), trying next provider…
2026-07-21T07:39:34.819616Z -> LLM Error in Generator: All LLM providers failed (non-rate-limit errors). Check API keys and quotas.
2026-07-21T07:39:35.194887Z   ✓ Q1/5 saved (bank now 1)
2026-07-21T07:39:37.195149Z --- RETRIEVING SYLLABUS & STUDENT HISTORY in parallel: Apresiasi Seni ---
2026-07-21T07:39:37.378395Z --- GENERATING ADAPTIVE MCQ IN ENGLISH ---
2026-07-21T07:39:37.395904Z -> OpenRouter error (NotFoundError: Error code: 404 - {'error': {'message': 'This model is unavailable for free. The paid version is available now - use this slug instead: meta-llama/llama-3.3-70b-instruct', 'code': 404}, 'user_id': 'user_3FWg0Y7hFwr9mi6ZEJfwxiglC7C'}), trying next provider…
2026-07-21T07:39:37.395997Z -> LLM Error in Generator: All LLM providers failed (non-rate-limit errors). Check API keys and quotas.
2026-07-21T07:39:37.777811Z   ✓ Q2/5 saved (bank now 2)
2026-07-21T07:39:39.778111Z --- RETRIEVING SYLLABUS & STUDENT HISTORY in parallel: Apresiasi Seni ---
2026-07-21T07:39:39.958699Z --- GENERATING ADAPTIVE MCQ IN ENGLISH ---
2026-07-21T07:39:39.982763Z -> OpenRouter error (NotFoundError: Error code: 404 - {'error': {'message': 'This model is unavailable for free. The paid version is available now - use this slug instead: meta-llama/llama-3.3-70b-instruct', 'code': 404}, 'user_id': 'user_3FWg0Y7hFwr9mi6ZEJfwxiglC7C'}), trying next provider…
2026-07-21T07:39:39.982825Z -> LLM Error in Generator: All LLM providers failed (non-rate-limit errors). Check API keys and quotas.
2026-07-21T07:39:40.351609Z   ✓ Q3/5 saved (bank now 3)
2026-07-21T07:39:42.351791Z --- RETRIEVING SYLLABUS & STUDENT HISTORY in parallel: Apresiasi Seni ---
2026-07-21T07:39:42.534887Z --- GENERATING ADAPTIVE MCQ IN ENGLISH ---
2026-07-21T07:39:42.553607Z -> OpenRouter error (NotFoundError: Error code: 404 - {'error': {'message': 'This model is unavailable for free. The paid version is available now - use this slug instead: meta-llama/llama-3.3-70b-instruct', 'code': 404}, 'user_id': 'user_3FWg0Y7hFwr9mi6ZEJfwxiglC7C'}), trying next provider…
2026-07-21T07:39:42.553668Z -> LLM Error in Generator: All LLM providers failed (non-rate-limit errors). Check API keys and quotas.
2026-07-21T07:39:42.928834Z   ✓ Q4/5 saved (bank now 4)
2026-07-21T07:39:44.929090Z --- RETRIEVING SYLLABUS & STUDENT HISTORY in parallel: Apresiasi Seni ---
2026-07-21T07:39:45.108561Z --- GENERATING ADAPTIVE MCQ IN ENGLISH ---
2026-07-21T07:39:45.137606Z -> OpenRouter error (NotFoundError: Error code: 404 - {'error': {'message': 'This model is unavailable for free. The paid version is available now - use this slug instead: meta-llama/llama-3.3-70b-instruct', 'code': 404}, 'user_id': 'user_3FWg0Y7hFwr9mi6ZEJfwxiglC7C'}), trying next provider…
2026-07-21T07:39:45.137678Z -> LLM Error in Generator: All LLM providers failed (non-rate-limit errors). Check API keys and quotas.
2026-07-21T07:39:45.527695Z   ✓ Q5/5 saved (bank now 5)
2026-07-21T07:39:47.527973Z [345/347] Pendidikan Seni Visual — Apresiasi Seni (Bahasa Melayu): generating 5 question(s)...
2026-07-21T07:39:47.528059Z --- RETRIEVING SYLLABUS & STUDENT HISTORY in parallel: Apresiasi Seni ---
2026-07-21T07:39:47.708303Z --- GENERATING ADAPTIVE MCQ IN BAHASA MELAYU ---
2026-07-21T07:39:47.728353Z -> OpenRouter error (NotFoundError: Error code: 404 - {'error': {'message': 'This model is unavailable for free. The paid version is available now - use this slug instead: meta-llama/llama-3.3-70b-instruct', 'code': 404}, 'user_id': 'user_3FWg0Y7hFwr9mi6ZEJfwxiglC7C'}), trying next provider…
2026-07-21T07:39:47.728429Z -> LLM Error in Generator: All LLM providers failed (non-rate-limit errors). Check API keys and quotas.
2026-07-21T07:39:48.110106Z   ✓ Q1/5 saved (bank now 1)
2026-07-21T07:39:50.110405Z --- RETRIEVING SYLLABUS & STUDENT HISTORY in parallel: Apresiasi Seni ---
2026-07-21T07:39:50.291009Z --- GENERATING ADAPTIVE MCQ IN BAHASA MELAYU ---
2026-07-21T07:39:50.310957Z -> OpenRouter error (NotFoundError: Error code: 404 - {'error': {'message': 'This model is unavailable for free. The paid version is available now - use this slug instead: meta-llama/llama-3.3-70b-instruct', 'code': 404}, 'user_id': 'user_3FWg0Y7hFwr9mi6ZEJfwxiglC7C'}), trying next provider…
2026-07-21T07:39:50.311041Z -> LLM Error in Generator: All LLM providers failed (non-rate-limit errors). Check API keys and quotas.
2026-07-21T07:39:50.688583Z   ✓ Q2/5 saved (bank now 2)
2026-07-21T07:39:52.688811Z --- RETRIEVING SYLLABUS & STUDENT HISTORY in parallel: Apresiasi Seni ---
2026-07-21T07:39:52.879379Z --- GENERATING ADAPTIVE MCQ IN BAHASA MELAYU ---
2026-07-21T07:39:52.899710Z -> OpenRouter error (NotFoundError: Error code: 404 - {'error': {'message': 'This model is unavailable for free. The paid version is available now - use this slug instead: meta-llama/llama-3.3-70b-instruct', 'code': 404}, 'user_id': 'user_3FWg0Y7hFwr9mi6ZEJfwxiglC7C'}), trying next provider…
2026-07-21T07:39:52.899782Z -> LLM Error in Generator: All LLM providers failed (non-rate-limit errors). Check API keys and quotas.
2026-07-21T07:39:53.281578Z   ✓ Q3/5 saved (bank now 3)
2026-07-21T07:39:55.281809Z --- RETRIEVING SYLLABUS & STUDENT HISTORY in parallel: Apresiasi Seni ---
2026-07-21T07:39:55.473399Z --- GENERATING ADAPTIVE MCQ IN BAHASA MELAYU ---
2026-07-21T07:39:55.515019Z -> OpenRouter error (NotFoundError: Error code: 404 - {'error': {'message': 'This model is unavailable for free. The paid version is available now - use this slug instead: meta-llama/llama-3.3-70b-instruct', 'code': 404}, 'user_id': 'user_3FWg0Y7hFwr9mi6ZEJfwxiglC7C'}), trying next provider…
2026-07-21T07:39:55.515109Z -> LLM Error in Generator: All LLM providers failed (non-rate-limit errors). Check API keys and quotas.
2026-07-21T07:39:55.887586Z   ✓ Q4/5 saved (bank now 4)
2026-07-21T07:39:57.887708Z --- RETRIEVING SYLLABUS & STUDENT HISTORY in parallel: Apresiasi Seni ---
2026-07-21T07:39:58.067950Z --- GENERATING ADAPTIVE MCQ IN BAHASA MELAYU ---
2026-07-21T07:39:58.113694Z -> OpenRouter error (NotFoundError: Error code: 404 - {'error': {'message': 'This model is unavailable for free. The paid version is available now - use this slug instead: meta-llama/llama-3.3-70b-instruct', 'code': 404}, 'user_id': 'user_3FWg0Y7hFwr9mi6ZEJfwxiglC7C'}), trying next provider…
2026-07-21T07:39:58.113753Z -> LLM Error in Generator: All LLM providers failed (non-rate-limit errors). Check API keys and quotas.
2026-07-21T07:39:58.494902Z   ✓ Q5/5 saved (bank now 5)
2026-07-21T07:40:00.495150Z [346/347] Pendidikan Seni Visual — Seni Digital (English): generating 5 question(s)...
2026-07-21T07:40:00.495229Z --- RETRIEVING SYLLABUS & STUDENT HISTORY in parallel: Seni Digital ---
2026-07-21T07:40:00.787095Z -> Retrieved 0 textbook chunk(s), 8 DSKP chunk(s)
2026-07-21T07:40:00.787548Z --- GENERATING ADAPTIVE MCQ IN ENGLISH ---
2026-07-21T07:40:00.818664Z -> OpenRouter error (NotFoundError: Error code: 404 - {'error': {'message': 'This model is unavailable for free. The paid version is available now - use this slug instead: meta-llama/llama-3.3-70b-instruct', 'code': 404}, 'user_id': 'user_3FWg0Y7hFwr9mi6ZEJfwxiglC7C'}), trying next provider…
2026-07-21T07:40:00.818748Z -> LLM Error in Generator: All LLM providers failed (non-rate-limit errors). Check API keys and quotas.
2026-07-21T07:40:01.208505Z   ✓ Q1/5 saved (bank now 1)
2026-07-21T07:40:03.208678Z --- RETRIEVING SYLLABUS & STUDENT HISTORY in parallel: Seni Digital ---
2026-07-21T07:40:03.413220Z --- GENERATING ADAPTIVE MCQ IN ENGLISH ---
2026-07-21T07:40:03.433040Z -> OpenRouter error (NotFoundError: Error code: 404 - {'error': {'message': 'This model is unavailable for free. The paid version is available now - use this slug instead: meta-llama/llama-3.3-70b-instruct', 'code': 404}, 'user_id': 'user_3FWg0Y7hFwr9mi6ZEJfwxiglC7C'}), trying next provider…
2026-07-21T07:40:03.433110Z -> LLM Error in Generator: All LLM providers failed (non-rate-limit errors). Check API keys and quotas.
2026-07-21T07:40:03.800847Z   ✓ Q2/5 saved (bank now 2)
2026-07-21T07:40:05.801127Z --- RETRIEVING SYLLABUS & STUDENT HISTORY in parallel: Seni Digital ---
2026-07-21T07:40:05.986547Z --- GENERATING ADAPTIVE MCQ IN ENGLISH ---
2026-07-21T07:40:06.008192Z -> OpenRouter error (NotFoundError: Error code: 404 - {'error': {'message': 'This model is unavailable for free. The paid version is available now - use this slug instead: meta-llama/llama-3.3-70b-instruct', 'code': 404}, 'user_id': 'user_3FWg0Y7hFwr9mi6ZEJfwxiglC7C'}), trying next provider…
2026-07-21T07:40:06.008240Z -> LLM Error in Generator: All LLM providers failed (non-rate-limit errors). Check API keys and quotas.
2026-07-21T07:40:06.394108Z   ✓ Q3/5 saved (bank now 3)
2026-07-21T07:40:08.394272Z --- RETRIEVING SYLLABUS & STUDENT HISTORY in parallel: Seni Digital ---
2026-07-21T07:40:08.578204Z --- GENERATING ADAPTIVE MCQ IN ENGLISH ---
2026-07-21T07:40:08.597500Z -> OpenRouter error (NotFoundError: Error code: 404 - {'error': {'message': 'This model is unavailable for free. The paid version is available now - use this slug instead: meta-llama/llama-3.3-70b-instruct', 'code': 404}, 'user_id': 'user_3FWg0Y7hFwr9mi6ZEJfwxiglC7C'}), trying next provider…
2026-07-21T07:40:08.597576Z -> LLM Error in Generator: All LLM providers failed (non-rate-limit errors). Check API keys and quotas.
2026-07-21T07:40:08.972852Z   ✓ Q4/5 saved (bank now 4)
2026-07-21T07:40:10.973055Z --- RETRIEVING SYLLABUS & STUDENT HISTORY in parallel: Seni Digital ---
2026-07-21T07:40:11.172448Z --- GENERATING ADAPTIVE MCQ IN ENGLISH ---
2026-07-21T07:40:11.190303Z -> OpenRouter error (NotFoundError: Error code: 404 - {'error': {'message': 'This model is unavailable for free. The paid version is available now - use this slug instead: meta-llama/llama-3.3-70b-instruct', 'code': 404}, 'user_id': 'user_3FWg0Y7hFwr9mi6ZEJfwxiglC7C'}), trying next provider…
2026-07-21T07:40:11.190415Z -> LLM Error in Generator: All LLM providers failed (non-rate-limit errors). Check API keys and quotas.
2026-07-21T07:40:11.581468Z   ✓ Q5/5 saved (bank now 5)
2026-07-21T07:40:13.581688Z [347/347] Pendidikan Seni Visual — Seni Digital (Bahasa Melayu): generating 5 question(s)...
2026-07-21T07:40:13.581764Z --- RETRIEVING SYLLABUS & STUDENT HISTORY in parallel: Seni Digital ---
2026-07-21T07:40:13.760796Z --- GENERATING ADAPTIVE MCQ IN BAHASA MELAYU ---
2026-07-21T07:40:13.783010Z -> OpenRouter error (NotFoundError: Error code: 404 - {'error': {'message': 'This model is unavailable for free. The paid version is available now - use this slug instead: meta-llama/llama-3.3-70b-instruct', 'code': 404}, 'user_id': 'user_3FWg0Y7hFwr9mi6ZEJfwxiglC7C'}), trying next provider…
2026-07-21T07:40:13.783078Z -> LLM Error in Generator: All LLM providers failed (non-rate-limit errors). Check API keys and quotas.
2026-07-21T07:40:14.151382Z   ✓ Q1/5 saved (bank now 1)
2026-07-21T07:40:16.151521Z --- RETRIEVING SYLLABUS & STUDENT HISTORY in parallel: Seni Digital ---
2026-07-21T07:40:16.333822Z --- GENERATING ADAPTIVE MCQ IN BAHASA MELAYU ---
2026-07-21T07:40:16.352979Z -> OpenRouter error (NotFoundError: Error code: 404 - {'error': {'message': 'This model is unavailable for free. The paid version is available now - use this slug instead: meta-llama/llama-3.3-70b-instruct', 'code': 404}, 'user_id': 'user_3FWg0Y7hFwr9mi6ZEJfwxiglC7C'}), trying next provider…
2026-07-21T07:40:16.353030Z -> LLM Error in Generator: All LLM providers failed (non-rate-limit errors). Check API keys and quotas.
2026-07-21T07:40:16.739506Z   ✓ Q2/5 saved (bank now 2)
2026-07-21T07:40:18.739805Z --- RETRIEVING SYLLABUS & STUDENT HISTORY in parallel: Seni Digital ---
2026-07-21T07:40:18.932618Z --- GENERATING ADAPTIVE MCQ IN BAHASA MELAYU ---
2026-07-21T07:40:18.951670Z -> OpenRouter error (NotFoundError: Error code: 404 - {'error': {'message': 'This model is unavailable for free. The paid version is available now - use this slug instead: meta-llama/llama-3.3-70b-instruct', 'code': 404}, 'user_id': 'user_3FWg0Y7hFwr9mi6ZEJfwxiglC7C'}), trying next provider…
2026-07-21T07:40:18.951740Z -> LLM Error in Generator: All LLM providers failed (non-rate-limit errors). Check API keys and quotas.
2026-07-21T07:40:19.322590Z   ✓ Q3/5 saved (bank now 3)
2026-07-21T07:40:21.322814Z --- RETRIEVING SYLLABUS & STUDENT HISTORY in parallel: Seni Digital ---
2026-07-21T07:40:21.509244Z --- GENERATING ADAPTIVE MCQ IN BAHASA MELAYU ---
2026-07-21T07:40:23.268379Z -> Cerebras: cooling for 65s.
2026-07-21T07:40:23.307557Z -> GroqCloud: cooling for 65s.
2026-07-21T07:40:23.328857Z -> OpenRouter error (NotFoundError: Error code: 404 - {'error': {'message': 'This model is unavailable for free. The paid version is available now - use this slug instead: meta-llama/llama-3.3-70b-instruct', 'code': 404}, 'user_id': 'user_3FWg0Y7hFwr9mi6ZEJfwxiglC7C'}), trying next provider…
2026-07-21T07:40:23.328989Z -> LLM Error in Generator: All LLM providers failed (non-rate-limit errors). Check API keys and quotas.
2026-07-21T07:40:23.719512Z   ✓ Q4/5 saved (bank now 4)
2026-07-21T07:40:25.719775Z --- RETRIEVING SYLLABUS & STUDENT HISTORY in parallel: Seni Digital ---
2026-07-21T07:40:25.916720Z --- GENERATING ADAPTIVE MCQ IN BAHASA MELAYU ---
2026-07-21T07:40:25.944607Z -> OpenRouter error (NotFoundError: Error code: 404 - {'error': {'message': 'This model is unavailable for free. The paid version is available now - use this slug instead: meta-llama/llama-3.3-70b-instruct', 'code': 404}, 'user_id': 'user_3FWg0Y7hFwr9mi6ZEJfwxiglC7C'}), trying next provider…
2026-07-21T07:40:25.944660Z -> LLM Error in Generator: All LLM providers failed (non-rate-limit errors). Check API keys and quotas.
2026-07-21T07:40:26.354708Z   ✓ Q5/5 saved (bank now 5)
2026-07-21T07:40:26.354884Z [Checkpoint] 100% written to logs/question_bank_seed_progress.md
2026-07-21T07:40:26.354926Z 
2026-07-21T07:40:26.354938Z Finished. 1491 generated, 0 failed.
--- Generation run end (rc=0, wall-clock 6859s) ---
--- DB snapshot (after) -> evidence/db_after_20260721T054608Z.json ---
{
  "total_bank_items": 1877,
  "english_bank_items": 944,
  "by_language": {
    "English": 944,
    "Bahasa Melayu": 922,
    "en": 1,
    "Bahasa Cina": 8,
    "ms": 2
  },
  "by_subject": {
    "KSSM": 7,
    "Bahasa Inggeris": 276,
    "Science": 100,
    "Bahasa Melayu": 174,
    "Mathematics": 123,
    "Chemistry": 132,
    "Geografi": 70,
    "Bahasa Cina": 118,
    "Sejarah": 95,
    "Biology": 262,
    "Physics": 133,
    "Prinsip Perakaunan": 60,
    "Additional Mathematics": 130,
    "Pendidikan Seni Visual": 60,
    "Pendidikan Moral": 70,
    "Kimia": 2,
    "General Elective": 5,
    "Pendidikan Muzik": 60,
    "Kesusasteraan Cina": 0
  },
  "topic_anchor_rows": 409
}
--- Building summary ---
Wrote evidence/run_summary.md and evidence/run_summary.csv
  generated=1491 failed=0 db_delta=1524 429=97 failovers=1214 recon_gap=-33
==================================================================
 DONE. Artifacts:
   evidence/runlog_20260721T054608Z.txt
   evidence/run_summary.md
   evidence/run_summary.csv
   logs/question_bank_seed_progress.md  (10% checkpoints)
==================================================================
